Workbook

Sheet Base_Insumos
A1: Chave | B1: Regiao | C1: Empresa | D1: Desc_Empresa | E1: Safra | F1: Modulo | G1: Codigo | H1: Fazenda | I1: Zona | J1: Talhao | K1: CCusto | L1: Cd_Custo | M1: Cod Operacao | N1: Desc Operacao | O1: Cod Tipo Propr | P1: Descr Tipo Propr | Q1: Tipo Propr | R1: Grupo Insumo | S1: Descr Grupo Insumo | T1: Cod Insumo | U1: Descr Insumo | V1: Data Aplicacao | W1: Área | X1: Qtde Insumo | Y1: Medida | Z1: Dosagem | AA1: Área_Talhao | AB1: instancia
A2: 90030100002 | B2: 4-Assis | C2: 61 | D2: Assis | E2: 22627 | F2: 0071 | G2: 9003 | H2: FAZENDA SANTA ROSA | I2: 10 | J2: 2 | K2: 3620 | L2: 3620 | M2: 167 | N2: Aplicação de Calcario | O2: 1 | P2: PROP.T. PROPRIA -PJ | Q2: P | R2: 1 | S2: Corretivos | T2: 3502934 | U2: CALCARIO DOLOMITICO PRNT80% | V2: 46079 | W2: 4.42 | X2: 4.33337 | Y2: T | Z2: 0.98 | AA2: 6.96 | AB2: Ipaussu
A3: 90030100003 | B3: 4-Assis | C3: 61 | D3: Assis | E3: 22627 | F3: 0071 | G3: 9003 | H3: FAZENDA SANTA ROSA | I3: 10 | J3: 3 | K3: 3620 | L3: 3620 | M3: 167 | N3: Aplicação de Calcario | O3: 1 | P3: PROP.T. PROPRIA -PJ | Q3: P | R3: 1 | S3: Corretivos | T3: 3502934 | U3: CALCARIO DOLOMITICO PRNT80% | V3: 46079 | W3: 0.5 | X3: 0.4902 | Y3: T | Z3: 0.98 | AA3: 2.28 | AB3: Ipaussu
A4: 90030100004 | B4: 4-Assis | C4: 61 | D4: Assis | E4: 22627 | F4: 0071 | G4: 9003 | H4: FAZENDA SANTA ROSA | I4: 10 | J4: 4 | K4: 3620 | L4: 3620 | M4: 167 | N4: Aplicação de Calcario | O4: 1 | P4: PROP.T. PROPRIA -PJ | Q4: P | R4: 1 | S4: Corretivos | T4: 3502934 | U4: CALCARIO DOLOMITICO PRNT80% | V4: 46079 | W4: 1 | X4: 0.9804 | Y4: T | Z4: 0.98 | AA4: 2.3 | AB4: Ipaussu
A5: 90030100006 | B5: 4-Assis | C5: 61 | D5: Assis | E5: 22627 | F5: 0071 | G5: 9003 | H5: FAZENDA SANTA ROSA | I5: 10 | J5: 6 | K5: 3620 | L5: 3620 | M5: 167 | N5: Aplicação de Calcario | O5: 1 | P5: PROP.T. PROPRIA -PJ | Q5: P | R5: 1 | S5: Corretivos | T5: 3502934 | U5: CALCARIO DOLOMITICO PRNT80% | V5: 46079 | W5: 0.83 | X5: 0.81373 | Y5: T | Z5: 0.98 | AA5: 3.17 | AB5: Ipaussu
A6: 90030100007 | B6: 4-Assis | C6: 61 | D6: Assis | E6: 22627 | F6: 0071 | G6: 9003 | H6: FAZENDA SANTA ROSA | I6: 10 | J6: 7 | K6: 3620 | L6: 3620 | M6: 167 | N6: Aplicação de Calcario | O6: 1 | P6: PROP.T. PROPRIA -PJ | Q6: P | R6: 1 | S6: Corretivos | T6: 3502934 | U6: CALCARIO DOLOMITICO PRNT80% | V6: 46079 | W6: 0.64 | X6: 0.62746 | Y6: T | Z6: 0.98 | AA6: 3.52 | AB6: Ipaussu
A7: 90030100008 | B7: 4-Assis | C7: 61 | D7: Assis | E7: 22627 | F7: 0071 | G7: 9003 | H7: FAZENDA SANTA ROSA | I7: 10 | J7: 8 | K7: 3620 | L7: 3620 | M7: 167 | N7: Aplicação de Calcario | O7: 1 | P7: PROP.T. PROPRIA -PJ | Q7: P | R7: 1 | S7: Corretivos | T7: 3502934 | U7: CALCARIO DOLOMITICO PRNT80% | V7: 46079 | W7: 0.77 | X7: 0.75491 | Y7: T | Z7: 0.98 | AA7: 4.33 | AB7: Ipaussu
A8: 91251280001 | B8: 4-Assis | C8: 61 | D8: Assis | E8: 22728 | F8: 0071 | G8: 9125 | H8: FAZ.SANTA CECILIA GLEBA A | I8: 128 | J8: 1 | K8: 3620 | L8: 3620 | M8: 167 | N8: Aplicação de Calcario | O8: 2 | P8: PROP.T. ARREND. PJ | Q8: P | R8: 1 | S8: Corretivos | T8: 3502934 | U8: CALCARIO DOLOMITICO PRNT80% | V8: 46048 | W8: 3.78 | X8: 3.63447 | Y8: T | Z8: 0.962 | AA8: 3.78 | AB8: Ipaussu
A9: 91251280002 | B9: 4-Assis | C9: 61 | D9: Assis | E9: 22728 | F9: 0071 | G9: 9125 | H9: FAZ.SANTA CECILIA GLEBA A | I9: 128 | J9: 2 | K9: 3620 | L9: 3620 | M9: 167 | N9: Aplicação de Calcario | O9: 2 | P9: PROP.T. ARREND. PJ | Q9: P | R9: 1 | S9: Corretivos | T9: 3502934 | U9: CALCARIO DOLOMITICO PRNT80% | V9: 46048 | W9: 2.31 | X9: 2.22107 | Y9: T | Z9: 0.962 | AA9: 2.31 | AB9: Ipaussu
A10: 91251280003 | B10: 4-Assis | C10: 61 | D10: Assis | E10: 22728 | F10: 0071 | G10: 9125 | H10: FAZ.SANTA CECILIA GLEBA A | I10: 128 | J10: 3 | K10: 3620 | L10: 3620 | M10: 167 | N10: Aplicação de Calcario | O10: 2 | P10: PROP.T. ARREND. PJ | Q10: P | R10: 1 | S10: Corretivos | T10: 3502934 | U10: CALCARIO DOLOMITICO PRNT80% | V10: 46048 | W10: 2.8 | X10: 2.6922 | Y10: T | Z10: 0.962 | AA10: 2.8 | AB10: Ipaussu
A11: 91251280004 | B11: 4-Assis | C11: 61 | D11: Assis | E11: 22728 | F11: 0071 | G11: 9125 | H11: FAZ.SANTA CECILIA GLEBA A | I11: 128 | J11: 4 | K11: 3620 | L11: 3620 | M11: 167 | N11: Aplicação de Calcario | O11: 2 | P11: PROP.T. ARREND. PJ | Q11: P | R11: 1 | S11: Corretivos | T11: 3502934 | U11: CALCARIO DOLOMITICO PRNT80% | V11: 46048 | W11: 0.23 | X11: 0.22115 | Y11: T | Z11: 0.962 | AA11: 0.23 | AB11: Ipaussu
A12: 91251280005 | B12: 4-Assis | C12: 61 | D12: Assis | E12: 22728 | F12: 0071 | G12: 9125 | H12: FAZ.SANTA CECILIA GLEBA A | I12: 128 | J12: 5 | K12: 3620 | L12: 3620 | M12: 167 | N12: Aplicação de Calcario | O12: 2 | P12: PROP.T. ARREND. PJ | Q12: P | R12: 1 | S12: Corretivos | T12: 3502934 | U12: CALCARIO DOLOMITICO PRNT80% | V12: 46048 | W12: 0.08 | X12: 0.07692 | Y12: T | Z12: 0.962 | AA12: 0.08 | AB12: Ipaussu
A13: 91251280006 | B13: 4-Assis | C13: 61 | D13: Assis | E13: 22728 | F13: 0071 | G13: 9125 | H13: FAZ.SANTA CECILIA GLEBA A | I13: 128 | J13: 6 | K13: 3620 | L13: 3620 | M13: 167 | N13: Aplicação de Calcario | O13: 2 | P13: PROP.T. ARREND. PJ | Q13: P | R13: 1 | S13: Corretivos | T13: 3502934 | U13: CALCARIO DOLOMITICO PRNT80% | V13: 46048 | W13: 0.16 | X13: 0.15384 | Y13: T | Z13: 0.962 | AA13: 0.16 | AB13: Ipaussu
... A142: 764667960036 | B142: 4-Assis | C142: 61 | D142: Assis | E142: 22627 | F142: 0071 | G142: 76466 | H142: FAZENDA SANTA MARIA | I142: 796 | J142: 36 | K142: 3620 | L142: 3620 | M142: 1007 | N142: Aplicação Calcario Caminh | O142: 2 | P142: PROP.T. ARREND. PJ | Q142: P | R142: 1 | S142: Corretivos | T142: 3502934 | U142: CALCARIO DOLOMITICO PRNT80% | V142: 46051 | W142: 1 | X142: 1.1917 | Y142: T | Z142: 1.192 | AA142: 1.9 | AB142: Ipaussu

Sheet Base Notas 
B1: Controle de Insumo (Corretivo) | N1: Legenda
N2: P01 | O2: Patio Santa Rosa
N3: P02 | O3: Patio Esplanada
N4: P03 | O4: Niagara
A5: Chavessig | B5: NF/saida | C5: Data | D5: Fazenda | E5: Descrição Fazenda | F5: Zona | G5: Insumo | H5: Peso | I5: Status | J5: Mês | K5: NF Entregues ao almoxarifado ? | L5: Observação
A6: =D6&F6 -> 19301283 | B6: 409826 | D6: 19301 | E6: =VLOOKUP(Tabela1[[#This Row],[Fazenda ]],'Base Fazendas'!A:B,2,0) -> SAO PAULO | F6: 283 | G6: Calcario | H6: 33.13 | I6: 46087 | J6: =TEXT(Tabela1[[#This Row],[Status ]],"mmmm") -> março | K6: Sim
A7: =D7&F7 -> 19301283 | B7: 409834 | D7: 19301 | E7: =VLOOKUP(Tabela1[[#This Row],[Fazenda ]],'Base Fazendas'!A:B,2,0) -> SAO PAULO | F7: 283 | G7: Calcario | H7: 34.66 | I7: 46087 | J7: =TEXT(Tabela1[[#This Row],[Status ]],"mmmm") -> março | K7: Sim
A8: =D8&F8 -> 19301281 | B8: 409905 | D8: 19301 | E8: =VLOOKUP(Tabela1[[#This Row],[Fazenda ]],'Base Fazendas'!A:B,2,0) -> SAO PAULO | F8: 281 | G8: Calcario | H8: 38.86 | I8: 46088 | J8: =TEXT(Tabela1[[#This Row],[Status ]],"mmmm") -> março | K8: Sim
A9: =D9&F9 -> 19301281 | B9: 409873 | D9: 19301 | E9: =VLOOKUP(Tabela1[[#This Row],[Fazenda ]],'Base Fazendas'!A:B,2,0) -> SAO PAULO | F9: 281 | G9: Calcario | H9: 33.64 | I9: 46088 | J9: =TEXT(Tabela1[[#This Row],[Status ]],"mmmm") -> março | K9: Sim
A10: =D10&F10 -> 19301281 | B10: 409908 | D10: 19301 | E10: =VLOOKUP(Tabela1[[#This Row],[Fazenda ]],'Base Fazendas'!A:B,2,0) -> SAO PAULO | F10: 281 | G10: Calcario | H10: 30.86 | I10: 46088 | J10: =TEXT(Tabela1[[#This Row],[Status ]],"mmmm") -> março | K10: Sim
A11: =D11&F11 -> 19301283 | B11: 409831 | D11: 19301 | E11: =VLOOKUP(Tabela1[[#This Row],[Fazenda ]],'Base Fazendas'!A:B,2,0) -> SAO PAULO | F11: 283 | G11: Calcario | H11: 40.95 | I11: 46088 | J11: =TEXT(Tabela1[[#This Row],[Status ]],"mmmm") -> março | K11: Sim
A12: =D12&F12 -> 19301283 | B12: 409942 | D12: 19301 | E12: =VLOOKUP(Tabela1[[#This Row],[Fazenda ]],'Base Fazendas'!A:B,2,0) -> SAO PAULO | F12: 283 | G12: Calcario | H12: 41.75 | I12: 46090 | J12: =TEXT(Tabela1[[#This Row],[Status ]],"mmmm") -> março | K12: Sim
A13: =D13&F13 -> p021 | B13: 409940 | D13: p02 | E13: =VLOOKUP(Tabela1[[#This Row],[Fazenda ]],'Base Fazendas'!A:B,2,0) -> Patio Esplanada | F13: 1 | G13: Calcario | H13: 39.78 | I13: 46090 | J13: =TEXT(Tabela1[[#This Row],[Status ]],"mmmm") -> março | K13: Sim
A14: =D14&F14 -> p021 | B14: 409931 | D14: p02 | E14: =VLOOKUP(Tabela1[[#This Row],[Fazenda ]],'Base Fazendas'!A:B,2,0) -> Patio Esplanada | F14: 1 | G14: Calcario | H14: 32.17 | I14: 46090 | J14: =TEXT(Tabela1[[#This Row],[Status ]],"mmmm") -> março | K14: Sim
A15: =D15&F15 -> p021 | B15: 409919 | D15: p02 | E15: =VLOOKUP(Tabela1[[#This Row],[Fazenda ]],'Base Fazendas'!A:B,2,0) -> Patio Esplanada | F15: 1 | G15: Calcario | H15: 32.53 | I15: 46090 | J15: =TEXT(Tabela1[[#This Row],[Status ]],"mmmm") -> março | K15: Sim
A16: =D16&F16 -> 19301283 | B16: 410385 | D16: 19301 | E16: =VLOOKUP(Tabela1[[#This Row],[Fazenda ]],'Base Fazendas'!A:B,2,0) -> SAO PAULO | F16: 283 | G16: Calcario | H16: 43.44 | I16: 46099 | J16: =TEXT(Tabela1[[#This Row],[Status ]],"mmmm") -> março | K16: Sim
A17: =D17&F17 -> p021 | B17: 410465 | D17: p02 | E17: =VLOOKUP(Tabela1[[#This Row],[Fazenda ]],'Base Fazendas'!A:B,2,0) -> Patio Esplanada | F17: 1 | G17: Calcario | H17: 40.58 | I17: 46100 | J17: =TEXT(Tabela1[[#This Row],[Status ]],"mmmm") -> março | K17: Sim
A18: =D18&F18 -> 19301283 | B18: 410380 | D18: 19301 | E18: =VLOOKUP(Tabela1[[#This Row],[Fazenda ]],'Base Fazendas'!A:B,2,0) -> SAO PAULO | F18: 283 | G18: Calcario | H18: 42.48 | I18: 46101 | J18: =TEXT(Tabela1[[#This Row],[Status ]],"mmmm") -> março | K18: Sim
A19: =D19&F19 -> 19301282 | B19: 411012 | D19: 19301 | E19: =VLOOKUP(Tabela1[[#This Row],[Fazenda ]],'Base Fazendas'!A:B,2,0) -> SAO PAULO | F19: 282 | G19: Calcario | H19: 31.03 | I19: 46109 | J19: =TEXT(Tabela1[[#This Row],[Status ]],"mmmm") -> março | K19: Sim
A20: =D20&F20 -> 19301282 | B20: 411014 | D20: 19301 | E20: =VLOOKUP(Tabela1[[#This Row],[Fazenda ]],'Base Fazendas'!A:B,2,0) -> SAO PAULO | F20: 282 | G20: Calcario | H20: 31.47 | I20: 46109 | J20: =TEXT(Tabela1[[#This Row],[Status ]],"mmmm") -> março | K20: Sim
A21: =D21&F21 -> p021 | B21: 412084 | D21: p02 | E21: =VLOOKUP(Tabela1[[#This Row],[Fazenda ]],'Base Fazendas'!A:B,2,0) -> Patio Esplanada | F21: 1 | G21: Calcario | H21: 47.99 | I21: 46121 | J21: =TEXT(Tabela1[[#This Row],[Status ]],"mmmm") -> abril | K21: Sim
A22: =D22&F22 -> p021 | B22: 412090 | D22: p02 | E22: =VLOOKUP(Tabela1[[#This Row],[Fazenda ]],'Base Fazendas'!A:B,2,0) -> Patio Esplanada | F22: 1 | G22: Calcario | H22: 50.51 | I22: 46121 | J22: =TEXT(Tabela1[[#This Row],[Status ]],"mmmm") -> abril | K22: Sim
A23: =D23&F23 -> p021 | B23: 412102 | D23: p02 | E23: =VLOOKUP(Tabela1[[#This Row],[Fazenda ]],'Base Fazendas'!A:B,2,0) -> Patio Esplanada | F23: 1 | G23: Calcario | H23: 48.11 | I23: 46121 | J23: =TEXT(Tabela1[[#This Row],[Status ]],"mmmm") -> abril | K23: Sim
A24: =D24&F24 -> p021 | B24: 412103 | D24: p02 | E24: =VLOOKUP(Tabela1[[#This Row],[Fazenda ]],'Base Fazendas'!A:B,2,0) -> Patio Esplanada | F24: 1 | G24: Calcario | H24: 47.1 | I24: 46121 | J24: =TEXT(Tabela1[[#This Row],[Status ]],"mmmm") -> abril | K24: Sim
A25: =D25&F25 -> p021 | B25: 412092 | D25: p02 | E25: =VLOOKUP(Tabela1[[#This Row],[Fazenda ]],'Base Fazendas'!A:B,2,0) -> Patio Esplanada | F25: 1 | G25: Calcario | H25: 50.38 | I25: 46121 | J25: =TEXT(Tabela1[[#This Row],[Status ]],"mmmm") -> abril | K25: Sim
A26: =D26&F26 -> 19301282 | B26: 412204 | D26: 19301 | E26: =VLOOKUP(Tabela1[[#This Row],[Fazenda ]],'Base Fazendas'!A:B,2,0) -> SAO PAULO | F26: 282 | G26: Calcario | H26: 45.86 | I26: 46122 | J26: =TEXT(Tabela1[[#This Row],[Status ]],"mmmm") -> abril | K26: Sim
A27: =D27&F27 -> 19301282 | B27: 412203 | D27: 19301 | E27: =VLOOKUP(Tabela1[[#This Row],[Fazenda ]],'Base Fazendas'!A:B,2,0) -> SAO PAULO | F27: 282 | G27: Calcario | H27: 46.42 | I27: 46122 | J27: =TEXT(Tabela1[[#This Row],[Status ]],"mmmm") -> abril | K27: Sim
A28: =D28&F28 -> 19301282 | B28: 412193 | D28: 19301 | E28: =VLOOKUP(Tabela1[[#This Row],[Fazenda ]],'Base Fazendas'!A:B,2,0) -> SAO PAULO | F28: 282 | G28: Calcario | H28: 46.06 | I28: 46122 | J28: =TEXT(Tabela1[[#This Row],[Status ]],"mmmm") -> abril | K28: Sim
A29: =D29&F29 -> 19301282 | B29: 412182 | D29: 19301 | E29: =VLOOKUP(Tabela1[[#This Row],[Fazenda ]],'Base Fazendas'!A:B,2,0) -> SAO PAULO | F29: 282 | G29: Calcario | H29: 46.99 | I29: 46122 | J29: =TEXT(Tabela1[[#This Row],[Status ]],"mmmm") -> abril | K29: Sim
A30: =D30&F30 -> 19301282 | B30: 412192 | D30: 19301 | E30: =VLOOKUP(Tabela1[[#This Row],[Fazenda ]],'Base Fazendas'!A:B,2,0) -> SAO PAULO | F30: 282 | G30: Calcario | H30: 46.08 | I30: 46122 | J30: =TEXT(Tabela1[[#This Row],[Status ]],"mmmm") -> abril | K30: Sim
A31: =D31&F31 -> 19301282 | B31: 412174 | D31: 19301 | E31: =VLOOKUP(Tabela1[[#This Row],[Fazenda ]],'Base Fazendas'!A:B,2,0) -> SAO PAULO | F31: 282 | G31: Calcario | H31: 47.84 | I31: 46122 | J31: =TEXT(Tabela1[[#This Row],[Status ]],"mmmm") -> abril | K31: Sim
A32: =D32&F32 -> 19301282 | B32: 412217 | D32: 19301 | E32: =VLOOKUP(Tabela1[[#This Row],[Fazenda ]],'Base Fazendas'!A:B,2,0) -> SAO PAULO | F32: 282 | G32: Calcario | H32: 41.59 | I32: 46122 | J32: =TEXT(Tabela1[[#This Row],[Status ]],"mmmm") -> abril | K32: Sim
A33: =D33&F33 | E33: =VLOOKUP(Tabela1[[#This Row],[Fazenda ]],'Base Fazendas'!A:B,2,0) -> #N/A
A34: =D34&F34 | E34: =VLOOKUP(Tabela1[[#This Row],[Fazenda ]],'Base Fazendas'!A:B,2,0) -> #N/A
A35: =D35&F35 | E35: =VLOOKUP(Tabela1[[#This Row],[Fazenda ]],'Base Fazendas'!A:B,2,0) -> #N/A
A36: =D36&F36 | E36: =VLOOKUP(Tabela1[[#This Row],[Fazenda ]],'Base Fazendas'!A:B,2,0) -> #N/A
A37: =D37&F37 | E37: =VLOOKUP(Tabela1[[#This Row],[Fazenda ]],'Base Fazendas'!A:B,2,0) -> #N/A
A38: =D38&F38 | E38: =VLOOKUP(Tabela1[[#This Row],[Fazenda ]],'Base Fazendas'!A:B,2,0) -> #N/A
A39: =D39&F39 | E39: =VLOOKUP(Tabela1[[#This Row],[Fazenda ]],'Base Fazendas'!A:B,2,0) -> #N/A
A40: =D40&F40 | E40: =VLOOKUP(Tabela1[[#This Row],[Fazenda ]],'Base Fazendas'!A:B,2,0) -> #N/A
A41: =D41&F41 | E41: =VLOOKUP(Tabela1[[#This Row],[Fazenda ]],'Base Fazendas'!A:B,2,0) -> #N/A
A42: =D42&F42 | E42: =VLOOKUP(Tabela1[[#This Row],[Fazenda ]],'Base Fazendas'!A:B,2,0) -> #N/A
A43: =D43&F43 | E43: =VLOOKUP(Tabela1[[#This Row],[Fazenda ]],'Base Fazendas'!A:B,2,0) -> #N/A
A44: =D44&F44 | E44: =VLOOKUP(Tabela1[[#This Row],[Fazenda ]],'Base Fazendas'!A:B,2,0) -> #N/A
... A522: =D522&F522 | E522: =VLOOKUP(Tabela1[[#This Row],[Fazenda ]],'Base Fazendas'!A:B,2,0) -> #N/A
A523: =D523&F523 | E523: =VLOOKUP(Tabela1[[#This Row],[Fazenda ]],'Base Fazendas'!A:B,2,0) -> #N/A | P523: =S523&U523 -> 900311 | Q523: 9138 | R523: 45871 | S523: 9003 | T523: =VLOOKUP(Tabela1[[#This Row],[Fazenda ]],'Base Fazendas'!N$2:O$345,2,0) -> #N/A | U523: 11 | V523: Calcario | W523: 20
A524: =D524&F524 | E524: =VLOOKUP(Tabela1[[#This Row],[Fazenda ]],'Base Fazendas'!A:B,2,0) -> #N/A
A525: =D525&F525 | E525: =VLOOKUP(Tabela1[[#This Row],[Fazenda ]],'Base Fazendas'!A:B,2,0) -> #N/A
A526: =D526&F526 | E526: =VLOOKUP(Tabela1[[#This Row],[Fazenda ]],'Base Fazendas'!A:B,2,0) -> #N/A
A527: =D527&F527 | E527: =VLOOKUP(Tabela1[[#This Row],[Fazenda ]],'Base Fazendas'!A:B,2,0) -> #N/A
A528: =D528&F528 | E528: =VLOOKUP(Tabela1[[#This Row],[Fazenda ]],'Base Fazendas'!A:B,2,0) -> #N/A
A529: =D529&F529 | E529: =VLOOKUP(Tabela1[[#This Row],[Fazenda ]],'Base Fazendas'!A:B,2,0) -> #N/A
A530: =D530&F530 | E530: =VLOOKUP(Tabela1[[#This Row],[Fazenda ]],'Base Fazendas'!A:B,2,0) -> #N/A
A531: =D531&F531 | E531: =VLOOKUP(Tabela1[[#This Row],[Fazenda ]],'Base Fazendas'!A:B,2,0) -> #N/A
A532: =D532&F532 | E532: =VLOOKUP(Tabela1[[#This Row],[Fazenda ]],'Base Fazendas'!A:B,2,0) -> #N/A
A533: =D533&F533 | E533: =VLOOKUP(Tabela1[[#This Row],[Fazenda ]],'Base Fazendas'!A:B,2,0) -> #N/A
A534: =D534&F534 | E534: =VLOOKUP(Tabela1[[#This Row],[Fazenda ]],'Base Fazendas'!A:B,2,0) -> #N/A
A535: =D535&F535 | E535: =VLOOKUP(Tabela1[[#This Row],[Fazenda ]],'Base Fazendas'!A:B,2,0) -> #N/A
... A572: =D572&F572 | E572: =VLOOKUP(Tabela1[[#This Row],[Fazenda ]],'Base Fazendas'!A:B,2,0) -> #N/A

Sheet Planilha2
A3: Rótulos de Linha | B3: Soma de Peso
A4: semana 2 | B4: 146.23
A5: semana 3 | B5: 126.5
A6: semana1 | B6: 212.1
A7: semanda 4 | B7: 62.5
A8: Total Geral | B8: 547.33

Sheet Planilha3
A3: Rótulos de Linha | B3: Soma de Peso
A4: 46087 | B4: 67.79
A5: 46088 | B5: 144.31
A6: 46090 | B6: 146.23
A7: 46099 | B7: 43.44
A8: 46100 | B8: 40.58
A9: 46101 | B9: 42.48
A10: 46109 | B10: 62.5
A11: Total Geral | B11: 547.33

Sheet Planilha1
A1: Insumo | B1: Peso | C1: Status | D1: Semana
A2: Calcario | B2: 33.13 | C2: 46087 | D2: semana1
A3: Calcario | B3: 34.66 | C3: 46087 | D3: semana1
A4: Calcario | B4: 38.86 | C4: 46088 | D4: semana1
A5: Calcario | B5: 33.64 | C5: 46088 | D5: semana1
A6: Calcario | B6: 30.86 | C6: 46088 | D6: semana1
A7: Calcario | B7: 40.95 | C7: 46088 | D7: semana1
A8: Calcario | B8: 41.75 | C8: 46090 | D8: semana 2
A9: Calcario | B9: 39.78 | C9: 46090 | D9: semana 2
A10: Calcario | B10: 32.17 | C10: 46090 | D10: semana 2
A11: Calcario | B11: 32.53 | C11: 46090 | D11: semana 2
A12: Calcario | B12: 43.44 | C12: 46099 | D12: semana 3
A13: Calcario | B13: 40.58 | C13: 46100 | D13: semana 3
... A16: Calcario | B16: 31.47 | C16: 46109 | D16: semanda 4

Sheet Estoque 
A1: CONTROLE ESTOQUE DE CORRETIVO SF 25'26 | T1: Entrega total | U1: Apontado | V1: Saldo fisico | W1: Saldo almoxarifado | X1: Dif | Y1: Entrega total | Z1: Apontado | AA1: Saldo fisico | AB1: Saldo almoxarifado | AC1: Dif
T2: Calcario | Y2: Gesso
T3: =SUM(H6:H481) -> 1112.26 | U3: =SUM(L6:L478) -> #REF! | V3: =T3-U3 -> #REF! | W3: 3548 | X3: =V3-W3 -> #REF! | Y3: =SUM(I6:I481) -> 0 | Z3: =SUM(M6:M481) -> #REF! | AA3: =Y3-Z3 -> #REF! | AB3: 1051 | AC3: =AA3-AB3 -> #REF!
A4: Dados da Fazenda eou Patio | E4: Recomendação | G4: Taxa | H4: Estoque (Entrada NF) | J4: DIFERENÇA TRANSPORTE | L4: Apontamento (Saída NF) | N4: Diferença Patio | P4: Aderencia Final | R4: Justificativa
A5: Chavesig | B5: Cód. | C5: Descrição Fazenda | D5: Zona | E5: Calcario | F5: Gesso | G5: Taxa | H5: Calcario | I5: Gesso | J5: CALCARIO | K5: Gesso | L5: Calcario | M5: Gesso | N5: Calcario | O5: Gesso | P5: Calcario | Q5: Gesso | R5: Calcario | S5: Gesso
A6: =B6&D6 -> P031 | B6: P03 | C6: Niagara | D6: 1 | E6: =SUMIFS(Tratos!#REF!,Tratos!#REF!,'Estoque '!A6,Tratos!#REF!,'Estoque '!$E$5) -> #REF! | F6: =SUMIFS(Tratos!#REF!,Tratos!#REF!,'Estoque '!A6,Tratos!#REF!,'Estoque '!$F$5) -> #REF! | G6: =VLOOKUP(A6,Tratos!#REF!,7,0) -> #REF! | H6: =SUMIFS('Base Notas '!$H:$H,'Base Notas '!$A:$A,'Estoque '!A6,'Base Notas '!$G:$G,'Estoque '!$H$5) -> 0 | I6: =SUMIFS('Base Notas '!$H:$H,'Base Notas '!$A:$A,'Estoque '!A6,'Base Notas '!$G:$G,'Estoque '!$I$5) -> 0 | J6: =H6-E6 -> #REF! | K6: =I6-F6 -> #REF! | L6: =SUMIFS(#REF!,#REF!,'Estoque '!$L$5,#REF!,'Estoque '!A6) -> #REF! | M6: =SUMIFS(#REF!,#REF!,'Estoque '!$M$5,#REF!,'Estoque '!A6) -> #REF! | N6: =H6-L6 -> #REF! | O6: =I6-M6 -> #REF! | P6: =IFERROR(E6/L6-1,"") | Q6: =IFERROR(I6/M6-1,"")
A7: =B7&D7 -> P021 | B7: P02 | C7: Patio Esplanada | D7: 1 | E7: =SUMIFS(Tratos!#REF!,Tratos!#REF!,'Estoque '!A7,Tratos!#REF!,'Estoque '!$E$5) -> #REF! | F7: =SUMIFS(Tratos!#REF!,Tratos!#REF!,'Estoque '!A7,Tratos!#REF!,'Estoque '!$F$5) -> #REF! | G7: =VLOOKUP(A7,Tratos!#REF!,7,0) -> #REF! | H7: =SUMIFS('Base Notas '!$H:$H,'Base Notas '!$A:$A,'Estoque '!A7,'Base Notas '!$G:$G,'Estoque '!$H$5) -> 389.15 | I7: =SUMIFS('Base Notas '!$H:$H,'Base Notas '!$A:$A,'Estoque '!A7,'Base Notas '!$G:$G,'Estoque '!$I$5) -> 0 | J7: =H7-E7 -> #REF! | K7: =I7-F7 -> #REF! | L7: =SUMIFS(#REF!,#REF!,'Estoque '!$L$5,#REF!,'Estoque '!A7) -> #REF! | M7: =SUMIFS(#REF!,#REF!,'Estoque '!$M$5,#REF!,'Estoque '!A7) -> #REF! | N7: P01 | O7: 1 | P7: =IFERROR(E7/L7-1,"") | Q7: =IFERROR(I7/M7-1,"")
A8: =B8&D8 -> P011 | B8: P01 | C8: Patio Santa Rosa | D8: 1 | E8: =SUMIFS(Tratos!#REF!,Tratos!#REF!,'Estoque '!A8,Tratos!#REF!,'Estoque '!$E$5) -> #REF! | F8: =SUMIFS(Tratos!#REF!,Tratos!#REF!,'Estoque '!A8,Tratos!#REF!,'Estoque '!$F$5) -> #REF! | G8: =VLOOKUP(A8,Tratos!#REF!,7,0) -> #REF! | H8: =SUMIFS('Base Notas '!$H:$H,'Base Notas '!$A:$A,'Estoque '!A8,'Base Notas '!$G:$G,'Estoque '!$H$5) -> 0 | I8: =SUMIFS('Base Notas '!$H:$H,'Base Notas '!$A:$A,'Estoque '!A8,'Base Notas '!$G:$G,'Estoque '!$I$5) -> 0 | J8: =H8-E8 -> #REF! | K8: =I8-F8 -> #REF! | L8: =SUMIFS(#REF!,#REF!,'Estoque '!$L$5,#REF!,'Estoque '!A8) -> #REF! | M8: =SUMIFS(#REF!,#REF!,'Estoque '!$M$5,#REF!,'Estoque '!A8) -> #REF! | N8: =H8-L8 -> #REF! | O8: =I8-M8 -> #REF! | P8: =IFERROR(E8/L8-1,"") | Q8: =IFERROR(I8/M8-1,"")
A9: =B9&D9 -> 99014302 | B9: 99014 | C9: FAZENDA FAZENDINHA | D9: 302 | E9: =SUMIFS(Tratos!#REF!,Tratos!#REF!,'Estoque '!A9,Tratos!#REF!,'Estoque '!$E$5) -> #REF! | F9: =SUMIFS(Tratos!#REF!,Tratos!#REF!,'Estoque '!A9,Tratos!#REF!,'Estoque '!$F$5) -> #REF! | G9: =VLOOKUP(A9,Tratos!#REF!,7,0) -> #REF! | H9: =SUMIFS('Base Notas '!$H:$H,'Base Notas '!$A:$A,'Estoque '!A9,'Base Notas '!$G:$G,'Estoque '!$H$5) -> 0 | I9: =SUMIFS('Base Notas '!$H:$H,'Base Notas '!$A:$A,'Estoque '!A9,'Base Notas '!$G:$G,'Estoque '!$I$5) -> 0 | J9: =H9-E9 -> #REF! | K9: =I9-F9 -> #REF! | L9: =SUMIFS(#REF!,#REF!,'Estoque '!$L$5,#REF!,'Estoque '!A9) -> #REF! | M9: =SUMIFS(#REF!,#REF!,'Estoque '!$M$5,#REF!,'Estoque '!A9) -> #REF! | N9: =H9-L9 -> #REF! | O9: =I9-M9 -> #REF! | P9: =IFERROR(E9/L9-1,"") | Q9: =IFERROR(I9/M9-1,"")
A10: =B10&D10 -> 99014319 | B10: 99014 | C10: FAZENDA FAZENDINHA | D10: 319 | E10: =SUMIFS(Tratos!#REF!,Tratos!#REF!,'Estoque '!A10,Tratos!#REF!,'Estoque '!$E$5) -> #REF! | F10: =SUMIFS(Tratos!#REF!,Tratos!#REF!,'Estoque '!A10,Tratos!#REF!,'Estoque '!$F$5) -> #REF! | G10: =VLOOKUP(A10,Tratos!#REF!,7,0) -> #REF! | H10: =SUMIFS('Base Notas '!$H:$H,'Base Notas '!$A:$A,'Estoque '!A10,'Base Notas '!$G:$G,'Estoque '!$H$5) -> 0 | I10: =SUMIFS('Base Notas '!$H:$H,'Base Notas '!$A:$A,'Estoque '!A10,'Base Notas '!$G:$G,'Estoque '!$I$5) -> 0 | J10: =H10-E10 -> #REF! | K10: =I10-F10 -> #REF! | L10: =SUMIFS(#REF!,#REF!,'Estoque '!$L$5,#REF!,'Estoque '!A10) -> #REF! | M10: =SUMIFS(#REF!,#REF!,'Estoque '!$M$5,#REF!,'Estoque '!A10) -> #REF! | N10: =H10-L10 -> #REF! | O10: =I10-M10 -> #REF! | P10: =IFERROR(E10/L10-1,"") | Q10: =IFERROR(I10/M10-1,"")
A11: =B11&D11 -> 99008525 | B11: 99008 | C11: FAZENDA MADRE CABRINI I | D11: 525 | E11: =SUMIFS(Tratos!#REF!,Tratos!#REF!,'Estoque '!A11,Tratos!#REF!,'Estoque '!$E$5) -> #REF! | F11: =SUMIFS(Tratos!#REF!,Tratos!#REF!,'Estoque '!A11,Tratos!#REF!,'Estoque '!$F$5) -> #REF! | G11: =VLOOKUP(A11,Tratos!#REF!,7,0) -> #REF! | H11: =SUMIFS('Base Notas '!$H:$H,'Base Notas '!$A:$A,'Estoque '!A11,'Base Notas '!$G:$G,'Estoque '!$H$5) -> 0 | I11: =SUMIFS('Base Notas '!$H:$H,'Base Notas '!$A:$A,'Estoque '!A11,'Base Notas '!$G:$G,'Estoque '!$I$5) -> 0 | J11: =H11-E11 -> #REF! | K11: =I11-F11 -> #REF! | L11: =SUMIFS(#REF!,#REF!,'Estoque '!$L$5,#REF!,'Estoque '!A11) -> #REF! | M11: =SUMIFS(#REF!,#REF!,'Estoque '!$M$5,#REF!,'Estoque '!A11) -> #REF! | N11: =H11-L11 -> #REF! | O11: =I11-M11 -> #REF! | P11: =IFERROR(E11/L11-1,"") | Q11: =IFERROR(I11/M11-1,"")
A12: =B12&D12 -> 99008524 | B12: 99008 | C12: FAZENDA MADRE CABRINI I | D12: 524 | E12: =SUMIFS(Tratos!#REF!,Tratos!#REF!,'Estoque '!A12,Tratos!#REF!,'Estoque '!$E$5) -> #REF! | F12: =SUMIFS(Tratos!#REF!,Tratos!#REF!,'Estoque '!A12,Tratos!#REF!,'Estoque '!$F$5) -> #REF! | G12: =VLOOKUP(A12,Tratos!#REF!,7,0) -> #REF! | H12: =SUMIFS('Base Notas '!$H:$H,'Base Notas '!$A:$A,'Estoque '!A12,'Base Notas '!$G:$G,'Estoque '!$H$5) -> 0 | I12: =SUMIFS('Base Notas '!$H:$H,'Base Notas '!$A:$A,'Estoque '!A12,'Base Notas '!$G:$G,'Estoque '!$I$5) -> 0 | J12: =H12-E12 -> #REF! | K12: =I12-F12 -> #REF! | L12: =SUMIFS(#REF!,#REF!,'Estoque '!$L$5,#REF!,'Estoque '!A12) -> #REF! | M12: =SUMIFS(#REF!,#REF!,'Estoque '!$M$5,#REF!,'Estoque '!A12) -> #REF! | N12: =H12-L12 -> #REF! | O12: =I12-M12 -> #REF! | P12: =IFERROR(E12/L12-1,"") | Q12: =IFERROR(I12/M12-1,"")
A13: =B13&D13 -> 98883484 | B13: 98883 | C13: FAZENDA SANTA ROSA DE LIMA | D13: 484 | E13: =SUMIFS(Tratos!#REF!,Tratos!#REF!,'Estoque '!A13,Tratos!#REF!,'Estoque '!$E$5) -> #REF! | F13: =SUMIFS(Tratos!#REF!,Tratos!#REF!,'Estoque '!A13,Tratos!#REF!,'Estoque '!$F$5) -> #REF! | G13: =VLOOKUP(A13,Tratos!#REF!,7,0) -> #REF! | H13: =SUMIFS('Base Notas '!$H:$H,'Base Notas '!$A:$A,'Estoque '!A13,'Base Notas '!$G:$G,'Estoque '!$H$5) -> 0 | I13: =SUMIFS('Base Notas '!$H:$H,'Base Notas '!$A:$A,'Estoque '!A13,'Base Notas '!$G:$G,'Estoque '!$I$5) -> 0 | J13: =H13-E13 -> #REF! | K13: =I13-F13 -> #REF! | L13: =SUMIFS(#REF!,#REF!,'Estoque '!$L$5,#REF!,'Estoque '!A13) -> #REF! | M13: =SUMIFS(#REF!,#REF!,'Estoque '!$M$5,#REF!,'Estoque '!A13) -> #REF! | N13: =H13-L13 -> #REF! | O13: =I13-M13 -> #REF! | P13: =IFERROR(E13/L13-1,"") | Q13: =IFERROR(I13/M13-1,"")
A14: =B14&D14 -> 98883482 | B14: 98883 | C14: FAZENDA SANTA ROSA DE LIMA | D14: 482 | E14: =SUMIFS(Tratos!#REF!,Tratos!#REF!,'Estoque '!A14,Tratos!#REF!,'Estoque '!$E$5) -> #REF! | F14: =SUMIFS(Tratos!#REF!,Tratos!#REF!,'Estoque '!A14,Tratos!#REF!,'Estoque '!$F$5) -> #REF! | G14: =VLOOKUP(A14,Tratos!#REF!,7,0) -> #REF! | H14: =SUMIFS('Base Notas '!$H:$H,'Base Notas '!$A:$A,'Estoque '!A14,'Base Notas '!$G:$G,'Estoque '!$H$5) -> 0 | I14: =SUMIFS('Base Notas '!$H:$H,'Base Notas '!$A:$A,'Estoque '!A14,'Base Notas '!$G:$G,'Estoque '!$I$5) -> 0 | J14: =H14-E14 -> #REF! | K14: =I14-F14 -> #REF! | L14: =SUMIFS(#REF!,#REF!,'Estoque '!$L$5,#REF!,'Estoque '!A14) -> #REF! | M14: =SUMIFS(#REF!,#REF!,'Estoque '!$M$5,#REF!,'Estoque '!A14) -> #REF! | N14: =H14-L14 -> #REF! | O14: =I14-M14 -> #REF! | P14: =IFERROR(E14/L14-1,"") | Q14: =IFERROR(I14/M14-1,"")
A15: =B15&D15 -> 75917304 | B15: 75917 | C15: FAZENDA FAZENDINHA II | D15: 304 | E15: =SUMIFS(Tratos!#REF!,Tratos!#REF!,'Estoque '!A15,Tratos!#REF!,'Estoque '!$E$5) -> #REF! | F15: =SUMIFS(Tratos!#REF!,Tratos!#REF!,'Estoque '!A15,Tratos!#REF!,'Estoque '!$F$5) -> #REF! | G15: =VLOOKUP(A15,Tratos!#REF!,7,0) -> #REF! | H15: =SUMIFS('Base Notas '!$H:$H,'Base Notas '!$A:$A,'Estoque '!A15,'Base Notas '!$G:$G,'Estoque '!$H$5) -> 0 | I15: =SUMIFS('Base Notas '!$H:$H,'Base Notas '!$A:$A,'Estoque '!A15,'Base Notas '!$G:$G,'Estoque '!$I$5) -> 0 | J15: =H15-E15 -> #REF! | K15: =I15-F15 -> #REF! | L15: =SUMIFS(#REF!,#REF!,'Estoque '!$L$5,#REF!,'Estoque '!A15) -> #REF! | M15: =SUMIFS(#REF!,#REF!,'Estoque '!$M$5,#REF!,'Estoque '!A15) -> #REF! | N15: =H15-L15 -> #REF! | O15: =I15-M15 -> #REF! | P15: =IFERROR(E15/L15-1,"") | Q15: =IFERROR(I15/M15-1,"")
A16: =B16&D16 -> 75917303 | B16: 75917 | C16: FAZENDA FAZENDINHA II | D16: 303 | E16: =SUMIFS(Tratos!#REF!,Tratos!#REF!,'Estoque '!A16,Tratos!#REF!,'Estoque '!$E$5) -> #REF! | F16: =SUMIFS(Tratos!#REF!,Tratos!#REF!,'Estoque '!A16,Tratos!#REF!,'Estoque '!$F$5) -> #REF! | G16: =VLOOKUP(A16,Tratos!#REF!,7,0) -> #REF! | H16: =SUMIFS('Base Notas '!$H:$H,'Base Notas '!$A:$A,'Estoque '!A16,'Base Notas '!$G:$G,'Estoque '!$H$5) -> 0 | I16: =SUMIFS('Base Notas '!$H:$H,'Base Notas '!$A:$A,'Estoque '!A16,'Base Notas '!$G:$G,'Estoque '!$I$5) -> 0 | J16: =H16-E16 -> #REF! | K16: =I16-F16 -> #REF! | L16: =SUMIFS(#REF!,#REF!,'Estoque '!$L$5,#REF!,'Estoque '!A16) -> #REF! | M16: =SUMIFS(#REF!,#REF!,'Estoque '!$M$5,#REF!,'Estoque '!A16) -> #REF! | N16: =H16-L16 -> #REF! | O16: =I16-M16 -> #REF! | P16: =IFERROR(E16/L16-1,"") | Q16: =IFERROR(I16/M16-1,"")
A17: =B17&D17 -> 75864511 | B17: 75864 | C17: FAZENDA BARREIRINHO - GLEBA A | D17: 511 | E17: =SUMIFS(Tratos!#REF!,Tratos!#REF!,'Estoque '!A17,Tratos!#REF!,'Estoque '!$E$5) -> #REF! | F17: =SUMIFS(Tratos!#REF!,Tratos!#REF!,'Estoque '!A17,Tratos!#REF!,'Estoque '!$F$5) -> #REF! | G17: =VLOOKUP(A17,Tratos!#REF!,7,0) -> #REF! | H17: =SUMIFS('Base Notas '!$H:$H,'Base Notas '!$A:$A,'Estoque '!A17,'Base Notas '!$G:$G,'Estoque '!$H$5) -> 0 | I17: =SUMIFS('Base Notas '!$H:$H,'Base Notas '!$A:$A,'Estoque '!A17,'Base Notas '!$G:$G,'Estoque '!$I$5) -> 0 | J17: =H17-E17 -> #REF! | K17: =I17-F17 -> #REF! | L17: =SUMIFS(#REF!,#REF!,'Estoque '!$L$5,#REF!,'Estoque '!A17) -> #REF! | M17: =SUMIFS(#REF!,#REF!,'Estoque '!$M$5,#REF!,'Estoque '!A17) -> #REF! | N17: =H17-L17 -> #REF! | O17: =I17-M17 -> #REF! | P17: =IFERROR(E17/L17-1,"") | Q17: =IFERROR(I17/M17-1,"")
A18: =B18&D18 -> 758611 | B18: 75861 | C18: SITIO SAO LUIZ | D18: 1 | E18: =SUMIFS(Tratos!#REF!,Tratos!#REF!,'Estoque '!A18,Tratos!#REF!,'Estoque '!$E$5) -> #REF! | F18: =SUMIFS(Tratos!#REF!,Tratos!#REF!,'Estoque '!A18,Tratos!#REF!,'Estoque '!$F$5) -> #REF! | G18: =VLOOKUP(A18,Tratos!#REF!,7,0) -> #REF! | H18: =SUMIFS('Base Notas '!$H:$H,'Base Notas '!$A:$A,'Estoque '!A18,'Base Notas '!$G:$G,'Estoque '!$H$5) -> 0 | I18: =SUMIFS('Base Notas '!$H:$H,'Base Notas '!$A:$A,'Estoque '!A18,'Base Notas '!$G:$G,'Estoque '!$I$5) -> 0 | J18: =H18-E18 -> #REF! | K18: =I18-F18 -> #REF! | L18: =SUMIFS(#REF!,#REF!,'Estoque '!$L$5,#REF!,'Estoque '!A18) -> #REF! | M18: =SUMIFS(#REF!,#REF!,'Estoque '!$M$5,#REF!,'Estoque '!A18) -> #REF! | N18: =H18-L18 -> #REF! | O18: =I18-M18 -> #REF! | P18: =IFERROR(E18/L18-1,"") | Q18: =IFERROR(I18/M18-1,"")
A19: =B19&D19 -> 758441 | B19: 75844 | C19: FAZENDA SANTA TEREZINHA II | D19: 1 | E19: =SUMIFS(Tratos!#REF!,Tratos!#REF!,'Estoque '!A19,Tratos!#REF!,'Estoque '!$E$5) -> #REF! | F19: =SUMIFS(Tratos!#REF!,Tratos!#REF!,'Estoque '!A19,Tratos!#REF!,'Estoque '!$F$5) -> #REF! | G19: =VLOOKUP(A19,Tratos!#REF!,7,0) -> #REF! | H19: =SUMIFS('Base Notas '!$H:$H,'Base Notas '!$A:$A,'Estoque '!A19,'Base Notas '!$G:$G,'Estoque '!$H$5) -> 0 | I19: =SUMIFS('Base Notas '!$H:$H,'Base Notas '!$A:$A,'Estoque '!A19,'Base Notas '!$G:$G,'Estoque '!$I$5) -> 0 | J19: =H19-E19 -> #REF! | K19: =I19-F19 -> #REF! | L19: =SUMIFS(#REF!,#REF!,'Estoque '!$L$5,#REF!,'Estoque '!A19) -> #REF! | M19: =SUMIFS(#REF!,#REF!,'Estoque '!$M$5,#REF!,'Estoque '!A19) -> #REF! | N19: =H19-L19 -> #REF! | O19: =I19-M19 -> #REF! | P19: =IFERROR(E19/L19-1,"") | Q19: =IFERROR(I19/M19-1,"")
A20: =B20&D20 -> 758231 | B20: 75823 | C20: FAZENDA PINGO DAGUA I | D20: 1 | E20: =SUMIFS(Tratos!#REF!,Tratos!#REF!,'Estoque '!A20,Tratos!#REF!,'Estoque '!$E$5) -> #REF! | F20: =SUMIFS(Tratos!#REF!,Tratos!#REF!,'Estoque '!A20,Tratos!#REF!,'Estoque '!$F$5) -> #REF! | G20: =VLOOKUP(A20,Tratos!#REF!,7,0) -> #REF! | H20: =SUMIFS('Base Notas '!$H:$H,'Base Notas '!$A:$A,'Estoque '!A20,'Base Notas '!$G:$G,'Estoque '!$H$5) -> 0 | I20: =SUMIFS('Base Notas '!$H:$H,'Base Notas '!$A:$A,'Estoque '!A20,'Base Notas '!$G:$G,'Estoque '!$I$5) -> 0 | J20: =H20-E20 -> #REF! | K20: =I20-F20 -> #REF! | L20: =SUMIFS(#REF!,#REF!,'Estoque '!$L$5,#REF!,'Estoque '!A20) -> #REF! | M20: =SUMIFS(#REF!,#REF!,'Estoque '!$M$5,#REF!,'Estoque '!A20) -> #REF! | N20: =H20-L20 -> #REF! | O20: =I20-M20 -> #REF! | P20: =IFERROR(E20/L20-1,"") | Q20: =IFERROR(I20/M20-1,"")
... A39: =B39&D39 -> 74720300 | B39: 74720 | C39: FAZ PEDRA BRANCA | D39: 300 | E39: =SUMIFS(Tratos!#REF!,Tratos!#REF!,'Estoque '!A39,Tratos!#REF!,'Estoque '!$E$5) -> #REF! | F39: =SUMIFS(Tratos!#REF!,Tratos!#REF!,'Estoque '!A39,Tratos!#REF!,'Estoque '!$F$5) -> #REF! | G39: =VLOOKUP(A39,Tratos!#REF!,7,0) -> #REF! | H39: =SUMIFS('Base Notas '!$H:$H,'Base Notas '!$A:$A,'Estoque '!A39,'Base Notas '!$G:$G,'Estoque '!$H$5) -> 0 | I39: =SUMIFS('Base Notas '!$H:$H,'Base Notas '!$A:$A,'Estoque '!A39,'Base Notas '!$G:$G,'Estoque '!$I$5) -> 0 | J39: =H39-E39 -> #REF! | K39: =I39-F39 -> #REF! | L39: =SUMIFS(#REF!,#REF!,'Estoque '!$L$5,#REF!,'Estoque '!A39) -> #REF! | M39: =SUMIFS(#REF!,#REF!,'Estoque '!$M$5,#REF!,'Estoque '!A39) -> #REF! | N39: =H39-L39 -> #REF! | O39: =I39-M39 -> #REF! | P39: =IFERROR(E39/L39-1,"") | Q39: =IFERROR(I39/M39-1,"")
A40: =B40&D40 -> 74720311 | B40: 74720 | C40: FAZ PEDRA BRANCA | D40: 311 | E40: =SUMIFS(Tratos!#REF!,Tratos!#REF!,'Estoque '!A40,Tratos!#REF!,'Estoque '!$E$5) -> #REF! | F40: =SUMIFS(Tratos!#REF!,Tratos!#REF!,'Estoque '!A40,Tratos!#REF!,'Estoque '!$F$5) -> #REF! | G40: =VLOOKUP(A40,Tratos!#REF!,7,0) -> #REF! | H40: =SUMIFS('Base Notas '!$H:$H,'Base Notas '!$A:$A,'Estoque '!A40,'Base Notas '!$G:$G,'Estoque '!$H$5) -> 0 | I40: =SUMIFS('Base Notas '!$H:$H,'Base Notas '!$A:$A,'Estoque '!A40,'Base Notas '!$G:$G,'Estoque '!$I$5) -> 0 | J40: =H40-E40 -> #REF! | K40: =I40-F40 -> #REF! | L40: =SUMIFS(#REF!,#REF!,'Estoque '!$L$5,#REF!,'Estoque '!A40) -> #REF! | M40: =SUMIFS(#REF!,#REF!,'Estoque '!$M$5,#REF!,'Estoque '!A40) -> #REF! | N40: =H40-L40 -> #REF! | O40: =I40-M40 -> #REF! | P40: =IFERROR(E40/L40-1,"") | Q40: =IFERROR(I40/M40-1,"") | R40: A diferença é referente a movimentação de uma fazenda pra outra(fazendinha, barrerinho,corrego grande) | S40: A diferença é referente a movimentação de fazendas com sobra patio esplanada
A41: =B41&D41 -> 74720312 | B41: 74720 | C41: FAZ PEDRA BRANCA | D41: 312 | E41: =SUMIFS(Tratos!#REF!,Tratos!#REF!,'Estoque '!A41,Tratos!#REF!,'Estoque '!$E$5) -> #REF! | F41: =SUMIFS(Tratos!#REF!,Tratos!#REF!,'Estoque '!A41,Tratos!#REF!,'Estoque '!$F$5) -> #REF! | G41: =VLOOKUP(A41,Tratos!#REF!,7,0) -> #REF! | H41: =SUMIFS('Base Notas '!$H:$H,'Base Notas '!$A:$A,'Estoque '!A41,'Base Notas '!$G:$G,'Estoque '!$H$5) -> 0 | I41: =SUMIFS('Base Notas '!$H:$H,'Base Notas '!$A:$A,'Estoque '!A41,'Base Notas '!$G:$G,'Estoque '!$I$5) -> 0 | J41: =H41-E41 -> #REF! | K41: =I41-F41 -> #REF! | L41: =SUMIFS(#REF!,#REF!,'Estoque '!$L$5,#REF!,'Estoque '!A41) -> #REF! | M41: =SUMIFS(#REF!,#REF!,'Estoque '!$M$5,#REF!,'Estoque '!A41) -> #REF! | N41: =H41-L41 -> #REF! | O41: =I41-M41 -> #REF! | P41: =IFERROR(E41/L41-1,"") | Q41: =IFERROR(I41/M41-1,"")
A42: =B42&D42 -> 74720313 | B42: 74720 | C42: FAZ PEDRA BRANCA | D42: 313 | E42: =SUMIFS(Tratos!#REF!,Tratos!#REF!,'Estoque '!A42,Tratos!#REF!,'Estoque '!$E$5) -> #REF! | F42: =SUMIFS(Tratos!#REF!,Tratos!#REF!,'Estoque '!A42,Tratos!#REF!,'Estoque '!$F$5) -> #REF! | G42: =VLOOKUP(A42,Tratos!#REF!,7,0) -> #REF! | H42: =SUMIFS('Base Notas '!$H:$H,'Base Notas '!$A:$A,'Estoque '!A42,'Base Notas '!$G:$G,'Estoque '!$H$5) -> 0 | I42: =SUMIFS('Base Notas '!$H:$H,'Base Notas '!$A:$A,'Estoque '!A42,'Base Notas '!$G:$G,'Estoque '!$I$5) -> 0 | J42: =H42-E42 -> #REF! | K42: =I42-F42 -> #REF! | L42: =SUMIFS(#REF!,#REF!,'Estoque '!$L$5,#REF!,'Estoque '!A42) -> #REF! | M42: =SUMIFS(#REF!,#REF!,'Estoque '!$M$5,#REF!,'Estoque '!A42) -> #REF! | N42: =H42-L42 -> #REF! | O42: =I42-M42 -> #REF! | P42: =IFERROR(E42/L42-1,"") | Q42: =IFERROR(I42/M42-1,"")
A43: =B43&D43 -> 746731 | B43: 74673 | C43: Fazenda Olhos D'agua | D43: 1 | E43: =SUMIFS(Tratos!#REF!,Tratos!#REF!,'Estoque '!A43,Tratos!#REF!,'Estoque '!$E$5) -> #REF! | F43: =SUMIFS(Tratos!#REF!,Tratos!#REF!,'Estoque '!A43,Tratos!#REF!,'Estoque '!$F$5) -> #REF! | G43: =VLOOKUP(A43,Tratos!#REF!,7,0) -> #REF! | H43: =SUMIFS('Base Notas '!$H:$H,'Base Notas '!$A:$A,'Estoque '!A43,'Base Notas '!$G:$G,'Estoque '!$H$5) -> 0 | I43: =SUMIFS('Base Notas '!$H:$H,'Base Notas '!$A:$A,'Estoque '!A43,'Base Notas '!$G:$G,'Estoque '!$I$5) -> 0 | J43: =H43-E43 -> #REF! | K43: =I43-F43 -> #REF! | L43: =SUMIFS(#REF!,#REF!,'Estoque '!$L$5,#REF!,'Estoque '!A43) -> #REF! | M43: =SUMIFS(#REF!,#REF!,'Estoque '!$M$5,#REF!,'Estoque '!A43) -> #REF! | N43: =H43-L43 -> #REF! | O43: =I43-M43 -> #REF! | P43: =IFERROR(E43/L43-1,"") | Q43: =IFERROR(I43/M43-1,"")
A44: =B44&D44 -> 74532194 | B44: 74532 | C44: FAZ ESTANCIA BONANZA | D44: 194 | E44: =SUMIFS(Tratos!#REF!,Tratos!#REF!,'Estoque '!A44,Tratos!#REF!,'Estoque '!$E$5) -> #REF! | F44: =SUMIFS(Tratos!#REF!,Tratos!#REF!,'Estoque '!A44,Tratos!#REF!,'Estoque '!$F$5) -> #REF! | G44: =VLOOKUP(A44,Tratos!#REF!,7,0) -> #REF! | H44: =SUMIFS('Base Notas '!$H:$H,'Base Notas '!$A:$A,'Estoque '!A44,'Base Notas '!$G:$G,'Estoque '!$H$5) -> 0 | I44: =SUMIFS('Base Notas '!$H:$H,'Base Notas '!$A:$A,'Estoque '!A44,'Base Notas '!$G:$G,'Estoque '!$I$5) -> 0 | J44: =H44-E44 -> #REF! | K44: =I44-F44 -> #REF! | L44: =SUMIFS(#REF!,#REF!,'Estoque '!$L$5,#REF!,'Estoque '!A44) -> #REF! | M44: =SUMIFS(#REF!,#REF!,'Estoque '!$M$5,#REF!,'Estoque '!A44) -> #REF! | N44: =H44-L44 -> #REF! | O44: =I44-M44 -> #REF! | P44: =IFERROR(E44/L44-1,"") | Q44: =IFERROR(I44/M44-1,"") | S44: Sobrou 56t na bonanza
A45: =B45&D45 -> 74532195 | B45: 74532 | C45: FAZ ESTANCIA BONANZA | D45: 195 | E45: =SUMIFS(Tratos!#REF!,Tratos!#REF!,'Estoque '!A45,Tratos!#REF!,'Estoque '!$E$5) -> #REF! | F45: =SUMIFS(Tratos!#REF!,Tratos!#REF!,'Estoque '!A45,Tratos!#REF!,'Estoque '!$F$5) -> #REF! | G45: =VLOOKUP(A45,Tratos!#REF!,7,0) -> #REF! | H45: =SUMIFS('Base Notas '!$H:$H,'Base Notas '!$A:$A,'Estoque '!A45,'Base Notas '!$G:$G,'Estoque '!$H$5) -> 0 | I45: =SUMIFS('Base Notas '!$H:$H,'Base Notas '!$A:$A,'Estoque '!A45,'Base Notas '!$G:$G,'Estoque '!$I$5) -> 0 | J45: =H45-E45 -> #REF! | K45: =I45-F45 -> #REF! | L45: =SUMIFS(#REF!,#REF!,'Estoque '!$L$5,#REF!,'Estoque '!A45) -> #REF! | M45: =SUMIFS(#REF!,#REF!,'Estoque '!$M$5,#REF!,'Estoque '!A45) -> #REF! | N45: =H45-L45 -> #REF! | O45: =I45-M45 -> #REF! | P45: =IFERROR(E45/L45-1,"") | Q45: =IFERROR(I45/M45-1,"") | R45: Verificar no engate bonanza sobra
A46: =B46&D46 -> 74492193 | B46: 74492 | C46: FAZ PRIMAVERA | D46: 193 | E46: =SUMIFS(Tratos!#REF!,Tratos!#REF!,'Estoque '!A46,Tratos!#REF!,'Estoque '!$E$5) -> #REF! | F46: =SUMIFS(Tratos!#REF!,Tratos!#REF!,'Estoque '!A46,Tratos!#REF!,'Estoque '!$F$5) -> #REF! | G46: =VLOOKUP(A46,Tratos!#REF!,7,0) -> #REF! | H46: =SUMIFS('Base Notas '!$H:$H,'Base Notas '!$A:$A,'Estoque '!A46,'Base Notas '!$G:$G,'Estoque '!$H$5) -> 0 | I46: =SUMIFS('Base Notas '!$H:$H,'Base Notas '!$A:$A,'Estoque '!A46,'Base Notas '!$G:$G,'Estoque '!$I$5) -> 0 | J46: =H46-E46 -> #REF! | K46: =I46-F46 -> #REF! | L46: =SUMIFS(#REF!,#REF!,'Estoque '!$L$5,#REF!,'Estoque '!A46) -> #REF! | M46: =SUMIFS(#REF!,#REF!,'Estoque '!$M$5,#REF!,'Estoque '!A46) -> #REF! | N46: =H46-L46 -> #REF! | O46: =I46-M46 -> #REF! | P46: =IFERROR(E46/L46-1,"") | Q46: =IFERROR(I46/M46-1,"") | R46: sobrou 71t primavera
A47: =B47&D47 -> 7430314 | B47: 74303 | C47: ST SAO JOSE | D47: 14 | E47: =SUMIFS(Tratos!#REF!,Tratos!#REF!,'Estoque '!A47,Tratos!#REF!,'Estoque '!$E$5) -> #REF! | F47: =SUMIFS(Tratos!#REF!,Tratos!#REF!,'Estoque '!A47,Tratos!#REF!,'Estoque '!$F$5) -> #REF! | G47: =VLOOKUP(A47,Tratos!#REF!,7,0) -> #REF! | H47: =SUMIFS('Base Notas '!$H:$H,'Base Notas '!$A:$A,'Estoque '!A47,'Base Notas '!$G:$G,'Estoque '!$H$5) -> 0 | I47: =SUMIFS('Base Notas '!$H:$H,'Base Notas '!$A:$A,'Estoque '!A47,'Base Notas '!$G:$G,'Estoque '!$I$5) -> 0 | J47: =H47-E47 -> #REF! | K47: =I47-F47 -> #REF! | L47: =SUMIFS(#REF!,#REF!,'Estoque '!$L$5,#REF!,'Estoque '!A47) -> #REF! | M47: =SUMIFS(#REF!,#REF!,'Estoque '!$M$5,#REF!,'Estoque '!A47) -> #REF! | N47: =H47-L47 -> #REF! | O47: =I47-M47 -> #REF! | P47: =IFERROR(E47/L47-1,"") | Q47: =IFERROR(I47/M47-1,"")
A48: =B48&D48 -> 742121 | B48: 74212 | C48: SIT RECANTO DOS PASSAROS | D48: 1 | E48: =SUMIFS(Tratos!#REF!,Tratos!#REF!,'Estoque '!A48,Tratos!#REF!,'Estoque '!$E$5) -> #REF! | F48: =SUMIFS(Tratos!#REF!,Tratos!#REF!,'Estoque '!A48,Tratos!#REF!,'Estoque '!$F$5) -> #REF! | G48: =VLOOKUP(A48,Tratos!#REF!,7,0) -> #REF! | H48: =SUMIFS('Base Notas '!$H:$H,'Base Notas '!$A:$A,'Estoque '!A48,'Base Notas '!$G:$G,'Estoque '!$H$5) -> 0 | I48: =SUMIFS('Base Notas '!$H:$H,'Base Notas '!$A:$A,'Estoque '!A48,'Base Notas '!$G:$G,'Estoque '!$I$5) -> 0 | J48: =H48-E48 -> #REF! | K48: =I48-F48 -> #REF! | L48: =SUMIFS(#REF!,#REF!,'Estoque '!$L$5,#REF!,'Estoque '!A48) -> #REF! | M48: =SUMIFS(#REF!,#REF!,'Estoque '!$M$5,#REF!,'Estoque '!A48) -> #REF! | N48: =H48-L48 -> #REF! | O48: =I48-M48 -> #REF! | P48: =IFERROR(E48/L48-1,"") | Q48: =IFERROR(I48/M48-1,"")
A49: =B49&D49 -> 742101 | B49: 74210 | C49: FAZ FORZA ITALIA | D49: 1 | E49: =SUMIFS(Tratos!#REF!,Tratos!#REF!,'Estoque '!A49,Tratos!#REF!,'Estoque '!$E$5) -> #REF! | F49: =SUMIFS(Tratos!#REF!,Tratos!#REF!,'Estoque '!A49,Tratos!#REF!,'Estoque '!$F$5) -> #REF! | G49: =VLOOKUP(A49,Tratos!#REF!,7,0) -> #REF! | H49: =SUMIFS('Base Notas '!$H:$H,'Base Notas '!$A:$A,'Estoque '!A49,'Base Notas '!$G:$G,'Estoque '!$H$5) -> 0 | I49: =SUMIFS('Base Notas '!$H:$H,'Base Notas '!$A:$A,'Estoque '!A49,'Base Notas '!$G:$G,'Estoque '!$I$5) -> 0 | J49: =H49-E49 -> #REF! | K49: =I49-F49 -> #REF! | L49: =SUMIFS(#REF!,#REF!,'Estoque '!$L$5,#REF!,'Estoque '!A49) -> #REF! | M49: =SUMIFS(#REF!,#REF!,'Estoque '!$M$5,#REF!,'Estoque '!A49) -> #REF! | N49: =H49-L49 -> #REF! | O49: =I49-M49 -> #REF! | P49: =IFERROR(E49/L49-1,"") | Q49: =IFERROR(I49/M49-1,"")
A50: =B50&D50 -> 742102 | B50: 74210 | C50: FAZ FORZA ITALIA | D50: 2 | E50: =SUMIFS(Tratos!#REF!,Tratos!#REF!,'Estoque '!A50,Tratos!#REF!,'Estoque '!$E$5) -> #REF! | F50: =SUMIFS(Tratos!#REF!,Tratos!#REF!,'Estoque '!A50,Tratos!#REF!,'Estoque '!$F$5) -> #REF! | G50: =VLOOKUP(A50,Tratos!#REF!,7,0) -> #REF! | H50: =SUMIFS('Base Notas '!$H:$H,'Base Notas '!$A:$A,'Estoque '!A50,'Base Notas '!$G:$G,'Estoque '!$H$5) -> 0 | I50: =SUMIFS('Base Notas '!$H:$H,'Base Notas '!$A:$A,'Estoque '!A50,'Base Notas '!$G:$G,'Estoque '!$I$5) -> 0 | J50: =H50-E50 -> #REF! | K50: =I50-F50 -> #REF! | L50: =SUMIFS(#REF!,#REF!,'Estoque '!$L$5,#REF!,'Estoque '!A50) -> #REF! | M50: =SUMIFS(#REF!,#REF!,'Estoque '!$M$5,#REF!,'Estoque '!A50) -> #REF! | N50: =H50-L50 -> #REF! | O50: =I50-M50 -> #REF! | P50: =IFERROR(E50/L50-1,"") | Q50: =IFERROR(I50/M50-1,"")
A51: =B51&D51 -> 741921 | B51: 74192 | C51: SIT SAO PEDRO | D51: 1 | E51: =SUMIFS(Tratos!#REF!,Tratos!#REF!,'Estoque '!A51,Tratos!#REF!,'Estoque '!$E$5) -> #REF! | F51: =SUMIFS(Tratos!#REF!,Tratos!#REF!,'Estoque '!A51,Tratos!#REF!,'Estoque '!$F$5) -> #REF! | G51: =VLOOKUP(A51,Tratos!#REF!,7,0) -> #REF! | H51: =SUMIFS('Base Notas '!$H:$H,'Base Notas '!$A:$A,'Estoque '!A51,'Base Notas '!$G:$G,'Estoque '!$H$5) -> 0 | I51: =SUMIFS('Base Notas '!$H:$H,'Base Notas '!$A:$A,'Estoque '!A51,'Base Notas '!$G:$G,'Estoque '!$I$5) -> 0 | J51: =H51-E51 -> #REF! | K51: =I51-F51 -> #REF! | L51: =SUMIFS(#REF!,#REF!,'Estoque '!$L$5,#REF!,'Estoque '!A51) -> #REF! | M51: =SUMIFS(#REF!,#REF!,'Estoque '!$M$5,#REF!,'Estoque '!A51) -> #REF! | N51: =H51-L51 -> #REF! | O51: =I51-M51 -> #REF! | P51: =IFERROR(E51/L51-1,"") | Q51: =IFERROR(I51/M51-1,"")
A52: =B52&D52 -> 741571 | B52: 74157 | C52: FAZ SAO FRANCISCO | D52: 1 | E52: =SUMIFS(Tratos!#REF!,Tratos!#REF!,'Estoque '!A52,Tratos!#REF!,'Estoque '!$E$5) -> #REF! | F52: =SUMIFS(Tratos!#REF!,Tratos!#REF!,'Estoque '!A52,Tratos!#REF!,'Estoque '!$F$5) -> #REF! | G52: =VLOOKUP(A52,Tratos!#REF!,7,0) -> #REF! | H52: =SUMIFS('Base Notas '!$H:$H,'Base Notas '!$A:$A,'Estoque '!A52,'Base Notas '!$G:$G,'Estoque '!$H$5) -> 0 | I52: =SUMIFS('Base Notas '!$H:$H,'Base Notas '!$A:$A,'Estoque '!A52,'Base Notas '!$G:$G,'Estoque '!$I$5) -> 0 | J52: =H52-E52 -> #REF! | K52: =I52-F52 -> #REF! | L52: =SUMIFS(#REF!,#REF!,'Estoque '!$L$5,#REF!,'Estoque '!A52) -> #REF! | M52: =SUMIFS(#REF!,#REF!,'Estoque '!$M$5,#REF!,'Estoque '!A52) -> #REF! | N52: =H52-L52 -> #REF! | O52: =I52-M52 -> #REF! | P52: =IFERROR(E52/L52-1,"") | Q52: =IFERROR(I52/M52-1,"")
A53: =B53&D53 -> 74154504 | B53: 74154 | C53: SIT SAO JOSE | D53: 504 | E53: =SUMIFS(Tratos!#REF!,Tratos!#REF!,'Estoque '!A53,Tratos!#REF!,'Estoque '!$E$5) -> #REF! | F53: =SUMIFS(Tratos!#REF!,Tratos!#REF!,'Estoque '!A53,Tratos!#REF!,'Estoque '!$F$5) -> #REF! | G53: =VLOOKUP(A53,Tratos!#REF!,7,0) -> #REF! | H53: =SUMIFS('Base Notas '!$H:$H,'Base Notas '!$A:$A,'Estoque '!A53,'Base Notas '!$G:$G,'Estoque '!$H$5) -> 0 | I53: =SUMIFS('Base Notas '!$H:$H,'Base Notas '!$A:$A,'Estoque '!A53,'Base Notas '!$G:$G,'Estoque '!$I$5) -> 0 | J53: =H53-E53 -> #REF! | K53: =I53-F53 -> #REF! | L53: =SUMIFS(#REF!,#REF!,'Estoque '!$L$5,#REF!,'Estoque '!A53) -> #REF! | M53: =SUMIFS(#REF!,#REF!,'Estoque '!$M$5,#REF!,'Estoque '!A53) -> #REF! | N53: =H53-L53 -> #REF! | O53: =I53-M53 -> #REF! | P53: =IFERROR(E53/L53-1,"") | Q53: =IFERROR(I53/M53-1,"")
A54: =B54&D54 -> 74119780 | B54: 74119 | C54: FAZENDA SANTA TEREZA | D54: 780 | E54: =SUMIFS(Tratos!#REF!,Tratos!#REF!,'Estoque '!A54,Tratos!#REF!,'Estoque '!$E$5) -> #REF! | F54: =SUMIFS(Tratos!#REF!,Tratos!#REF!,'Estoque '!A54,Tratos!#REF!,'Estoque '!$F$5) -> #REF! | G54: =VLOOKUP(A54,Tratos!#REF!,7,0) -> #REF! | H54: =SUMIFS('Base Notas '!$H:$H,'Base Notas '!$A:$A,'Estoque '!A54,'Base Notas '!$G:$G,'Estoque '!$H$5) -> 0 | I54: =SUMIFS('Base Notas '!$H:$H,'Base Notas '!$A:$A,'Estoque '!A54,'Base Notas '!$G:$G,'Estoque '!$I$5) -> 0 | J54: =H54-E54 -> #REF! | K54: =I54-F54 -> #REF! | L54: =SUMIFS(#REF!,#REF!,'Estoque '!$L$5,#REF!,'Estoque '!A54) -> #REF! | M54: =SUMIFS(#REF!,#REF!,'Estoque '!$M$5,#REF!,'Estoque '!A54) -> #REF! | N54: =H54-L54 -> #REF! | O54: =I54-M54 -> #REF! | P54: =IFERROR(E54/L54-1,"") | Q54: =IFERROR(I54/M54-1,"")
A55: =B55&D55 -> 74119781 | B55: 74119 | C55: FAZENDA SANTA TEREZA | D55: 781 | E55: =SUMIFS(Tratos!#REF!,Tratos!#REF!,'Estoque '!A55,Tratos!#REF!,'Estoque '!$E$5) -> #REF! | F55: =SUMIFS(Tratos!#REF!,Tratos!#REF!,'Estoque '!A55,Tratos!#REF!,'Estoque '!$F$5) -> #REF! | G55: =VLOOKUP(A55,Tratos!#REF!,7,0) -> #REF! | H55: =SUMIFS('Base Notas '!$H:$H,'Base Notas '!$A:$A,'Estoque '!A55,'Base Notas '!$G:$G,'Estoque '!$H$5) -> 0 | I55: =SUMIFS('Base Notas '!$H:$H,'Base Notas '!$A:$A,'Estoque '!A55,'Base Notas '!$G:$G,'Estoque '!$I$5) -> 0 | J55: =H55-E55 -> #REF! | K55: =I55-F55 -> #REF! | L55: =SUMIFS(#REF!,#REF!,'Estoque '!$L$5,#REF!,'Estoque '!A55) -> #REF! | M55: =SUMIFS(#REF!,#REF!,'Estoque '!$M$5,#REF!,'Estoque '!A55) -> #REF! | N55: =H55-L55 -> #REF! | O55: =I55-M55 -> #REF! | P55: =IFERROR(E55/L55-1,"") | Q55: =IFERROR(I55/M55-1,"")
A56: =B56&D56 -> 74119788 | B56: 74119 | C56: FAZENDA SANTA TEREZA | D56: 788 | E56: =SUMIFS(Tratos!#REF!,Tratos!#REF!,'Estoque '!A56,Tratos!#REF!,'Estoque '!$E$5) -> #REF! | F56: =SUMIFS(Tratos!#REF!,Tratos!#REF!,'Estoque '!A56,Tratos!#REF!,'Estoque '!$F$5) -> #REF! | G56: =VLOOKUP(A56,Tratos!#REF!,7,0) -> #REF! | H56: =SUMIFS('Base Notas '!$H:$H,'Base Notas '!$A:$A,'Estoque '!A56,'Base Notas '!$G:$G,'Estoque '!$H$5) -> 0 | I56: =SUMIFS('Base Notas '!$H:$H,'Base Notas '!$A:$A,'Estoque '!A56,'Base Notas '!$G:$G,'Estoque '!$I$5) -> 0 | J56: =H56-E56 -> #REF! | K56: =I56-F56 -> #REF! | L56: =SUMIFS(#REF!,#REF!,'Estoque '!$L$5,#REF!,'Estoque '!A56) -> #REF! | M56: =SUMIFS(#REF!,#REF!,'Estoque '!$M$5,#REF!,'Estoque '!A56) -> #REF! | N56: =H56-L56 -> #REF! | O56: =I56-M56 -> #REF! | P56: =IFERROR(E56/L56-1,"") | Q56: =IFERROR(I56/M56-1,"")
A57: =B57&D57 -> 74119789 | B57: 74119 | C57: FAZENDA SANTA TEREZA | D57: 789 | E57: =SUMIFS(Tratos!#REF!,Tratos!#REF!,'Estoque '!A57,Tratos!#REF!,'Estoque '!$E$5) -> #REF! | F57: =SUMIFS(Tratos!#REF!,Tratos!#REF!,'Estoque '!A57,Tratos!#REF!,'Estoque '!$F$5) -> #REF! | G57: =VLOOKUP(A57,Tratos!#REF!,7,0) -> #REF! | H57: =SUMIFS('Base Notas '!$H:$H,'Base Notas '!$A:$A,'Estoque '!A57,'Base Notas '!$G:$G,'Estoque '!$H$5) -> 0 | I57: =SUMIFS('Base Notas '!$H:$H,'Base Notas '!$A:$A,'Estoque '!A57,'Base Notas '!$G:$G,'Estoque '!$I$5) -> 0 | J57: =H57-E57 -> #REF! | K57: =I57-F57 -> #REF! | L57: =SUMIFS(#REF!,#REF!,'Estoque '!$L$5,#REF!,'Estoque '!A57) -> #REF! | M57: =SUMIFS(#REF!,#REF!,'Estoque '!$M$5,#REF!,'Estoque '!A57) -> #REF! | N57: =H57-L57 -> #REF! | O57: =I57-M57 -> #REF! | P57: =IFERROR(E57/L57-1,"") | Q57: =IFERROR(I57/M57-1,"")
A58: =B58&D58 -> 740881 | B58: 74088 | C58: SIT DOS MENINOS | D58: 1 | E58: =SUMIFS(Tratos!#REF!,Tratos!#REF!,'Estoque '!A58,Tratos!#REF!,'Estoque '!$E$5) -> #REF! | F58: =SUMIFS(Tratos!#REF!,Tratos!#REF!,'Estoque '!A58,Tratos!#REF!,'Estoque '!$F$5) -> #REF! | G58: =VLOOKUP(A58,Tratos!#REF!,7,0) -> #REF! | H58: =SUMIFS('Base Notas '!$H:$H,'Base Notas '!$A:$A,'Estoque '!A58,'Base Notas '!$G:$G,'Estoque '!$H$5) -> 0 | I58: =SUMIFS('Base Notas '!$H:$H,'Base Notas '!$A:$A,'Estoque '!A58,'Base Notas '!$G:$G,'Estoque '!$I$5) -> 0 | J58: =H58-E58 -> #REF! | K58: =I58-F58 -> #REF! | L58: =SUMIFS(#REF!,#REF!,'Estoque '!$L$5,#REF!,'Estoque '!A58) -> #REF! | M58: =SUMIFS(#REF!,#REF!,'Estoque '!$M$5,#REF!,'Estoque '!A58) -> #REF! | N58: =H58-L58 -> #REF! | O58: =I58-M58 -> #REF! | P58: =IFERROR(E58/L58-1,"") | Q58: =IFERROR(I58/M58-1,"")
... A195: =B195&D195 -> 19817411 | B195: 19817 | C195: FAZENDA NOVA NIAGARA | D195: 411 | E195: =SUMIFS(Tratos!#REF!,Tratos!#REF!,'Estoque '!A195,Tratos!#REF!,'Estoque '!$E$5) -> #REF! | F195: =SUMIFS(Tratos!#REF!,Tratos!#REF!,'Estoque '!A195,Tratos!#REF!,'Estoque '!$F$5) -> #REF! | G195: =VLOOKUP(A195,Tratos!#REF!,7,0) -> #REF! | H195: =SUMIFS('Base Notas '!$H:$H,'Base Notas '!$A:$A,'Estoque '!A195,'Base Notas '!$G:$G,'Estoque '!$H$5) -> 0 | I195: =SUMIFS('Base Notas '!$H:$H,'Base Notas '!$A:$A,'Estoque '!A195,'Base Notas '!$G:$G,'Estoque '!$I$5) -> 0 | J195: =H195-E195 -> #REF! | K195: =I195-F195 -> #REF! | L195: =SUMIFS(#REF!,#REF!,'Estoque '!$L$5,#REF!,'Estoque '!A195) -> #REF! | M195: =SUMIFS(#REF!,#REF!,'Estoque '!$M$5,#REF!,'Estoque '!A195) -> #REF! | N195: =H195-L195 -> #REF! | O195: =I195-M195 -> #REF! | P195: =IFERROR(E195/L195-1,"") | Q195: =IFERROR(I195/M195-1,"")
A196: =B196&D196 -> 19817412 | B196: 19817 | C196: FAZENDA NOVA NIAGARA | D196: 412 | E196: =SUMIFS(Tratos!#REF!,Tratos!#REF!,'Estoque '!A196,Tratos!#REF!,'Estoque '!$E$5) -> #REF! | F196: =SUMIFS(Tratos!#REF!,Tratos!#REF!,'Estoque '!A196,Tratos!#REF!,'Estoque '!$F$5) -> #REF! | G196: =VLOOKUP(A196,Tratos!#REF!,7,0) -> #REF! | H196: =SUMIFS('Base Notas '!$H:$H,'Base Notas '!$A:$A,'Estoque '!A196,'Base Notas '!$G:$G,'Estoque '!$H$5) -> 0 | I196: =SUMIFS('Base Notas '!$H:$H,'Base Notas '!$A:$A,'Estoque '!A196,'Base Notas '!$G:$G,'Estoque '!$I$5) -> 0 | J196: =H196-E196 -> #REF! | K196: =I196-F196 -> #REF! | L196: =SUMIFS(#REF!,#REF!,'Estoque '!$L$5,#REF!,'Estoque '!A196) -> #REF! | M196: =SUMIFS(#REF!,#REF!,'Estoque '!$M$5,#REF!,'Estoque '!A196) -> #REF! | N196: =H196-L196 -> #REF! | O196: =I196-M196 -> #REF! | P196: =IFERROR(E196/L196-1,"") | Q196: =IFERROR(I196/M196-1,"") | R196: Verificar area
A197: =B197&D197 -> 19817413 | B197: 19817 | C197: FAZENDA NOVA NIAGARA | D197: 413 | E197: =SUMIFS(Tratos!#REF!,Tratos!#REF!,'Estoque '!A197,Tratos!#REF!,'Estoque '!$E$5) -> #REF! | F197: =SUMIFS(Tratos!#REF!,Tratos!#REF!,'Estoque '!A197,Tratos!#REF!,'Estoque '!$F$5) -> #REF! | G197: =VLOOKUP(A197,Tratos!#REF!,7,0) -> #REF! | H197: =SUMIFS('Base Notas '!$H:$H,'Base Notas '!$A:$A,'Estoque '!A197,'Base Notas '!$G:$G,'Estoque '!$H$5) -> 0 | I197: =SUMIFS('Base Notas '!$H:$H,'Base Notas '!$A:$A,'Estoque '!A197,'Base Notas '!$G:$G,'Estoque '!$I$5) -> 0 | J197: =H197-E197 -> #REF! | K197: =I197-F197 -> #REF! | L197: =SUMIFS(#REF!,#REF!,'Estoque '!$L$5,#REF!,'Estoque '!A197) -> #REF! | M197: =SUMIFS(#REF!,#REF!,'Estoque '!$M$5,#REF!,'Estoque '!A197) -> #REF! | N197: =H197-L197 -> #REF! | O197: =I197-M197 -> #REF! | P197: =IFERROR(E197/L197-1,"") | Q197: =IFERROR(I197/M197-1,"")
A198: =B198&D198 -> 19817414 | B198: 19817 | C198: FAZENDA NOVA NIAGARA | D198: 414 | E198: =SUMIFS(Tratos!#REF!,Tratos!#REF!,'Estoque '!A198,Tratos!#REF!,'Estoque '!$E$5) -> #REF! | F198: =SUMIFS(Tratos!#REF!,Tratos!#REF!,'Estoque '!A198,Tratos!#REF!,'Estoque '!$F$5) -> #REF! | G198: =VLOOKUP(A198,Tratos!#REF!,7,0) -> #REF! | H198: =SUMIFS('Base Notas '!$H:$H,'Base Notas '!$A:$A,'Estoque '!A198,'Base Notas '!$G:$G,'Estoque '!$H$5) -> 0 | I198: =SUMIFS('Base Notas '!$H:$H,'Base Notas '!$A:$A,'Estoque '!A198,'Base Notas '!$G:$G,'Estoque '!$I$5) -> 0 | J198: =H198-E198 -> #REF! | K198: =I198-F198 -> #REF! | L198: =SUMIFS(#REF!,#REF!,'Estoque '!$L$5,#REF!,'Estoque '!A198) -> #REF! | M198: =SUMIFS(#REF!,#REF!,'Estoque '!$M$5,#REF!,'Estoque '!A198) -> #REF! | N198: =H198-L198 -> #REF! | O198: =I198-M198 -> #REF! | P198: =IFERROR(E198/L198-1,"") | Q198: =IFERROR(I198/M198-1,"")
A199: =B199&D199 -> 19817440 | B199: 19817 | C199: FAZENDA NOVA NIAGARA | D199: 440 | E199: =SUMIFS(Tratos!#REF!,Tratos!#REF!,'Estoque '!A199,Tratos!#REF!,'Estoque '!$E$5) -> #REF! | F199: =SUMIFS(Tratos!#REF!,Tratos!#REF!,'Estoque '!A199,Tratos!#REF!,'Estoque '!$F$5) -> #REF! | G199: =VLOOKUP(A199,Tratos!#REF!,7,0) -> #REF! | H199: =SUMIFS('Base Notas '!$H:$H,'Base Notas '!$A:$A,'Estoque '!A199,'Base Notas '!$G:$G,'Estoque '!$H$5) -> 0 | I199: =SUMIFS('Base Notas '!$H:$H,'Base Notas '!$A:$A,'Estoque '!A199,'Base Notas '!$G:$G,'Estoque '!$I$5) -> 0 | J199: =H199-E199 -> #REF! | K199: =I199-F199 -> #REF! | L199: =SUMIFS(#REF!,#REF!,'Estoque '!$L$5,#REF!,'Estoque '!A199) -> #REF! | M199: =SUMIFS(#REF!,#REF!,'Estoque '!$M$5,#REF!,'Estoque '!A199) -> #REF! | N199: =H199-L199 -> #REF! | O199: =I199-M199 -> #REF! | P199: =IFERROR(E199/L199-1,"") | Q199: =IFERROR(I199/M199-1,"")
A200: =B200&D200 -> 19817442 | B200: 19817 | C200: FAZENDA NOVA NIAGARA | D200: 442 | E200: =SUMIFS(Tratos!#REF!,Tratos!#REF!,'Estoque '!A200,Tratos!#REF!,'Estoque '!$E$5) -> #REF! | F200: =SUMIFS(Tratos!#REF!,Tratos!#REF!,'Estoque '!A200,Tratos!#REF!,'Estoque '!$F$5) -> #REF! | G200: =VLOOKUP(A200,Tratos!#REF!,7,0) -> #REF! | H200: =SUMIFS('Base Notas '!$H:$H,'Base Notas '!$A:$A,'Estoque '!A200,'Base Notas '!$G:$G,'Estoque '!$H$5) -> 0 | I200: =SUMIFS('Base Notas '!$H:$H,'Base Notas '!$A:$A,'Estoque '!A200,'Base Notas '!$G:$G,'Estoque '!$I$5) -> 0 | J200: =H200-E200 -> #REF! | K200: =I200-F200 -> #REF! | L200: =SUMIFS(#REF!,#REF!,'Estoque '!$L$5,#REF!,'Estoque '!A200) -> #REF! | M200: =SUMIFS(#REF!,#REF!,'Estoque '!$M$5,#REF!,'Estoque '!A200) -> #REF! | N200: =H200-L200 -> #REF! | O200: =I200-M200 -> #REF! | P200: =IFERROR(E200/L200-1,"") | Q200: =IFERROR(I200/M200-1,"")
A201: =B201&D201 -> 19817441 | B201: 19817 | C201: FAZENDA NOVA NIAGARA | D201: 441 | E201: =SUMIFS(Tratos!#REF!,Tratos!#REF!,'Estoque '!A201,Tratos!#REF!,'Estoque '!$E$5) -> #REF! | F201: =SUMIFS(Tratos!#REF!,Tratos!#REF!,'Estoque '!A201,Tratos!#REF!,'Estoque '!$F$5) -> #REF! | G201: =VLOOKUP(A201,Tratos!#REF!,7,0) -> #REF! | H201: =SUMIFS('Base Notas '!$H:$H,'Base Notas '!$A:$A,'Estoque '!A201,'Base Notas '!$G:$G,'Estoque '!$H$5) -> 0 | I201: =SUMIFS('Base Notas '!$H:$H,'Base Notas '!$A:$A,'Estoque '!A201,'Base Notas '!$G:$G,'Estoque '!$I$5) -> 0 | J201: =H201-E201 -> #REF! | K201: =I201-F201 -> #REF! | L201: =SUMIFS(#REF!,#REF!,'Estoque '!$L$5,#REF!,'Estoque '!A201) -> #REF! | M201: =SUMIFS(#REF!,#REF!,'Estoque '!$M$5,#REF!,'Estoque '!A201) -> #REF! | N201: =H201-L201 -> #REF! | O201: =I201-M201 -> #REF! | P201: =IFERROR(E201/L201-1,"") | Q201: =IFERROR(I201/M201-1,"")
A202: =B202&D202 -> 19815415 | B202: 19815 | C202: SITIO SAO JOSE | D202: 415 | E202: =SUMIFS(Tratos!#REF!,Tratos!#REF!,'Estoque '!A202,Tratos!#REF!,'Estoque '!$E$5) -> #REF! | F202: =SUMIFS(Tratos!#REF!,Tratos!#REF!,'Estoque '!A202,Tratos!#REF!,'Estoque '!$F$5) -> #REF! | G202: =VLOOKUP(A202,Tratos!#REF!,7,0) -> #REF! | H202: =SUMIFS('Base Notas '!$H:$H,'Base Notas '!$A:$A,'Estoque '!A202,'Base Notas '!$G:$G,'Estoque '!$H$5) -> 0 | I202: =SUMIFS('Base Notas '!$H:$H,'Base Notas '!$A:$A,'Estoque '!A202,'Base Notas '!$G:$G,'Estoque '!$I$5) -> 0 | J202: =H202-E202 -> #REF! | K202: =I202-F202 -> #REF! | L202: =SUMIFS(#REF!,#REF!,'Estoque '!$L$5,#REF!,'Estoque '!A202) -> #REF! | M202: =SUMIFS(#REF!,#REF!,'Estoque '!$M$5,#REF!,'Estoque '!A202) -> #REF! | N202: =H202-L202 -> #REF! | O202: =I202-M202 -> #REF! | P202: =IFERROR(E202/L202-1,"") | Q202: =IFERROR(I202/M202-1,"")
A203: =B203&D203 -> 19805403 | B203: 19805 | C203: ESTANCIA SAO JOAO | D203: 403 | E203: =SUMIFS(Tratos!#REF!,Tratos!#REF!,'Estoque '!A203,Tratos!#REF!,'Estoque '!$E$5) -> #REF! | F203: =SUMIFS(Tratos!#REF!,Tratos!#REF!,'Estoque '!A203,Tratos!#REF!,'Estoque '!$F$5) -> #REF! | G203: =VLOOKUP(A203,Tratos!#REF!,7,0) -> #REF! | H203: =SUMIFS('Base Notas '!$H:$H,'Base Notas '!$A:$A,'Estoque '!A203,'Base Notas '!$G:$G,'Estoque '!$H$5) -> 0 | I203: =SUMIFS('Base Notas '!$H:$H,'Base Notas '!$A:$A,'Estoque '!A203,'Base Notas '!$G:$G,'Estoque '!$I$5) -> 0 | J203: =H203-E203 -> #REF! | K203: =I203-F203 -> #REF! | L203: =SUMIFS(#REF!,#REF!,'Estoque '!$L$5,#REF!,'Estoque '!A203) -> #REF! | M203: =SUMIFS(#REF!,#REF!,'Estoque '!$M$5,#REF!,'Estoque '!A203) -> #REF! | N203: =H203-L203 -> #REF! | O203: =I203-M203 -> #REF! | P203: =IFERROR(E203/L203-1,"") | Q203: =IFERROR(I203/M203-1,"")
A204: =B204&D204 -> 19803391 | B204: 19803 | C204: SITIO SAO SEBASTIAO | D204: 391 | E204: =SUMIFS(Tratos!#REF!,Tratos!#REF!,'Estoque '!A204,Tratos!#REF!,'Estoque '!$E$5) -> #REF! | F204: =SUMIFS(Tratos!#REF!,Tratos!#REF!,'Estoque '!A204,Tratos!#REF!,'Estoque '!$F$5) -> #REF! | G204: =VLOOKUP(A204,Tratos!#REF!,7,0) -> #REF! | H204: =SUMIFS('Base Notas '!$H:$H,'Base Notas '!$A:$A,'Estoque '!A204,'Base Notas '!$G:$G,'Estoque '!$H$5) -> 0 | I204: =SUMIFS('Base Notas '!$H:$H,'Base Notas '!$A:$A,'Estoque '!A204,'Base Notas '!$G:$G,'Estoque '!$I$5) -> 0 | J204: =H204-E204 -> #REF! | K204: =I204-F204 -> #REF! | L204: =SUMIFS(#REF!,#REF!,'Estoque '!$L$5,#REF!,'Estoque '!A204) -> #REF! | M204: =SUMIFS(#REF!,#REF!,'Estoque '!$M$5,#REF!,'Estoque '!A204) -> #REF! | N204: =H204-L204 -> #REF! | O204: =I204-M204 -> #REF! | P204: =IFERROR(E204/L204-1,"") | Q204: =IFERROR(I204/M204-1,"")
A205: =B205&D205 -> 19788895 | B205: 19788 | C205: SITIO PALMEIRA I | D205: 895 | E205: =SUMIFS(Tratos!#REF!,Tratos!#REF!,'Estoque '!A205,Tratos!#REF!,'Estoque '!$E$5) -> #REF! | F205: =SUMIFS(Tratos!#REF!,Tratos!#REF!,'Estoque '!A205,Tratos!#REF!,'Estoque '!$F$5) -> #REF! | G205: =VLOOKUP(A205,Tratos!#REF!,7,0) -> #REF! | H205: =SUMIFS('Base Notas '!$H:$H,'Base Notas '!$A:$A,'Estoque '!A205,'Base Notas '!$G:$G,'Estoque '!$H$5) -> 0 | I205: =SUMIFS('Base Notas '!$H:$H,'Base Notas '!$A:$A,'Estoque '!A205,'Base Notas '!$G:$G,'Estoque '!$I$5) -> 0 | J205: =H205-E205 -> #REF! | K205: =I205-F205 -> #REF! | L205: =SUMIFS(#REF!,#REF!,'Estoque '!$L$5,#REF!,'Estoque '!A205) -> #REF! | M205: =SUMIFS(#REF!,#REF!,'Estoque '!$M$5,#REF!,'Estoque '!A205) -> #REF! | N205: =H205-L205 -> #REF! | O205: =I205-M205 -> #REF! | P205: =IFERROR(E205/L205-1,"") | Q205: =IFERROR(I205/M205-1,"")
A206: =B206&D206 -> 19763397 | B206: 19763 | C206: SITIO BOA VISTA | D206: 397 | E206: =SUMIFS(Tratos!#REF!,Tratos!#REF!,'Estoque '!A206,Tratos!#REF!,'Estoque '!$E$5) -> #REF! | F206: =SUMIFS(Tratos!#REF!,Tratos!#REF!,'Estoque '!A206,Tratos!#REF!,'Estoque '!$F$5) -> #REF! | G206: =VLOOKUP(A206,Tratos!#REF!,7,0) -> #REF! | H206: =SUMIFS('Base Notas '!$H:$H,'Base Notas '!$A:$A,'Estoque '!A206,'Base Notas '!$G:$G,'Estoque '!$H$5) -> 0 | I206: =SUMIFS('Base Notas '!$H:$H,'Base Notas '!$A:$A,'Estoque '!A206,'Base Notas '!$G:$G,'Estoque '!$I$5) -> 0 | J206: =H206-E206 -> #REF! | K206: =I206-F206 -> #REF! | L206: =SUMIFS(#REF!,#REF!,'Estoque '!$L$5,#REF!,'Estoque '!A206) -> #REF! | M206: =SUMIFS(#REF!,#REF!,'Estoque '!$M$5,#REF!,'Estoque '!A206) -> #REF! | N206: =H206-L206 -> #REF! | O206: =I206-M206 -> #REF! | P206: =IFERROR(E206/L206-1,"") | Q206: =IFERROR(I206/M206-1,"")
A207: =B207&D207 -> 19755378 | B207: 19755 | C207: SITIO PEROBAS | D207: 378 | E207: =SUMIFS(Tratos!#REF!,Tratos!#REF!,'Estoque '!A207,Tratos!#REF!,'Estoque '!$E$5) -> #REF! | F207: =SUMIFS(Tratos!#REF!,Tratos!#REF!,'Estoque '!A207,Tratos!#REF!,'Estoque '!$F$5) -> #REF! | G207: =VLOOKUP(A207,Tratos!#REF!,7,0) -> #REF! | H207: =SUMIFS('Base Notas '!$H:$H,'Base Notas '!$A:$A,'Estoque '!A207,'Base Notas '!$G:$G,'Estoque '!$H$5) -> 0 | I207: =SUMIFS('Base Notas '!$H:$H,'Base Notas '!$A:$A,'Estoque '!A207,'Base Notas '!$G:$G,'Estoque '!$I$5) -> 0 | J207: =H207-E207 -> #REF! | K207: =I207-F207 -> #REF! | L207: =SUMIFS(#REF!,#REF!,'Estoque '!$L$5,#REF!,'Estoque '!A207) -> #REF! | M207: =SUMIFS(#REF!,#REF!,'Estoque '!$M$5,#REF!,'Estoque '!A207) -> #REF! | N207: =H207-L207 -> #REF! | O207: =I207-M207 -> #REF! | P207: =IFERROR(E207/L207-1,"") | Q207: =IFERROR(I207/M207-1,"")
A208: =B208&D208 -> 19753377 | B208: 19753 | C208: SITIO DOS 20 ALQUEIRES | D208: 377 | E208: =SUMIFS(Tratos!#REF!,Tratos!#REF!,'Estoque '!A208,Tratos!#REF!,'Estoque '!$E$5) -> #REF! | F208: =SUMIFS(Tratos!#REF!,Tratos!#REF!,'Estoque '!A208,Tratos!#REF!,'Estoque '!$F$5) -> #REF! | G208: =VLOOKUP(A208,Tratos!#REF!,7,0) -> #REF! | H208: =SUMIFS('Base Notas '!$H:$H,'Base Notas '!$A:$A,'Estoque '!A208,'Base Notas '!$G:$G,'Estoque '!$H$5) -> 0 | I208: =SUMIFS('Base Notas '!$H:$H,'Base Notas '!$A:$A,'Estoque '!A208,'Base Notas '!$G:$G,'Estoque '!$I$5) -> 0 | J208: =H208-E208 -> #REF! | K208: =I208-F208 -> #REF! | L208: =SUMIFS(#REF!,#REF!,'Estoque '!$L$5,#REF!,'Estoque '!A208) -> #REF! | M208: =SUMIFS(#REF!,#REF!,'Estoque '!$M$5,#REF!,'Estoque '!A208) -> #REF! | N208: =H208-L208 -> #REF! | O208: =I208-M208 -> #REF! | P208: =IFERROR(E208/L208-1,"") | Q208: =IFERROR(I208/M208-1,"")
... A213: =B213&D213 -> 19731373 | B213: 19731 | C213: FAZENDA AGUA LIMPA I | D213: 373 | E213: =SUMIFS(Tratos!#REF!,Tratos!#REF!,'Estoque '!A213,Tratos!#REF!,'Estoque '!$E$5) -> #REF! | F213: =SUMIFS(Tratos!#REF!,Tratos!#REF!,'Estoque '!A213,Tratos!#REF!,'Estoque '!$F$5) -> #REF! | G213: =VLOOKUP(A213,Tratos!#REF!,7,0) -> #REF! | H213: =SUMIFS('Base Notas '!$H:$H,'Base Notas '!$A:$A,'Estoque '!A213,'Base Notas '!$G:$G,'Estoque '!$H$5) -> 0 | I213: =SUMIFS('Base Notas '!$H:$H,'Base Notas '!$A:$A,'Estoque '!A213,'Base Notas '!$G:$G,'Estoque '!$I$5) -> 0 | J213: =H213-E213 -> #REF! | K213: =I213-F213 -> #REF! | L213: =SUMIFS(#REF!,#REF!,'Estoque '!$L$5,#REF!,'Estoque '!A213) -> #REF! | M213: =SUMIFS(#REF!,#REF!,'Estoque '!$M$5,#REF!,'Estoque '!A213) -> #REF! | N213: =H213-L213 -> #REF! | O213: =I213-M213 -> #REF! | P213: =IFERROR(E213/L213-1,"") | Q213: =IFERROR(I213/M213-1,"")
A214: =B214&D214 -> 19729369 | B214: 19729 | C214: FAZENDA SANTA MADALENA | D214: 369 | E214: =SUMIFS(Tratos!#REF!,Tratos!#REF!,'Estoque '!A214,Tratos!#REF!,'Estoque '!$E$5) -> #REF! | F214: =SUMIFS(Tratos!#REF!,Tratos!#REF!,'Estoque '!A214,Tratos!#REF!,'Estoque '!$F$5) -> #REF! | G214: =VLOOKUP(A214,Tratos!#REF!,7,0) -> #REF! | H214: =SUMIFS('Base Notas '!$H:$H,'Base Notas '!$A:$A,'Estoque '!A214,'Base Notas '!$G:$G,'Estoque '!$H$5) -> 0 | I214: =SUMIFS('Base Notas '!$H:$H,'Base Notas '!$A:$A,'Estoque '!A214,'Base Notas '!$G:$G,'Estoque '!$I$5) -> 0 | J214: =H214-E214 -> #REF! | K214: =I214-F214 -> #REF! | L214: =SUMIFS(#REF!,#REF!,'Estoque '!$L$5,#REF!,'Estoque '!A214) -> #REF! | M214: =SUMIFS(#REF!,#REF!,'Estoque '!$M$5,#REF!,'Estoque '!A214) -> #REF! | N214: =H214-L214 -> #REF! | O214: =I214-M214 -> #REF! | P214: =IFERROR(E214/L214-1,"") | Q214: =IFERROR(I214/M214-1,"") | S214: sobrou gesso na area
A215: =B215&D215 -> 19729370 | B215: 19729 | C215: FAZENDA SANTA MADALENA | D215: 370 | E215: =SUMIFS(Tratos!#REF!,Tratos!#REF!,'Estoque '!A215,Tratos!#REF!,'Estoque '!$E$5) -> #REF! | F215: =SUMIFS(Tratos!#REF!,Tratos!#REF!,'Estoque '!A215,Tratos!#REF!,'Estoque '!$F$5) -> #REF! | G215: =VLOOKUP(A215,Tratos!#REF!,7,0) -> #REF! | H215: =SUMIFS('Base Notas '!$H:$H,'Base Notas '!$A:$A,'Estoque '!A215,'Base Notas '!$G:$G,'Estoque '!$H$5) -> 0 | I215: =SUMIFS('Base Notas '!$H:$H,'Base Notas '!$A:$A,'Estoque '!A215,'Base Notas '!$G:$G,'Estoque '!$I$5) -> 0 | J215: =H215-E215 -> #REF! | K215: =I215-F215 -> #REF! | L215: =SUMIFS(#REF!,#REF!,'Estoque '!$L$5,#REF!,'Estoque '!A215) -> #REF! | M215: =SUMIFS(#REF!,#REF!,'Estoque '!$M$5,#REF!,'Estoque '!A215) -> #REF! | N215: =H215-L215 -> #REF! | O215: =I215-M215 -> #REF! | P215: =IFERROR(H215/L215-1,"") | Q215: =IFERROR(I215/M215-1,"")
A216: =B216&D216 -> 19725898 | B216: 19725 | C216: FAZENDA SAO JOSE | D216: 898 | E216: =SUMIFS(Tratos!#REF!,Tratos!#REF!,'Estoque '!A216,Tratos!#REF!,'Estoque '!$E$5) -> #REF! | F216: =SUMIFS(Tratos!#REF!,Tratos!#REF!,'Estoque '!A216,Tratos!#REF!,'Estoque '!$F$5) -> #REF! | G216: =VLOOKUP(A216,Tratos!#REF!,7,0) -> #REF! | H216: =SUMIFS('Base Notas '!$H:$H,'Base Notas '!$A:$A,'Estoque '!A216,'Base Notas '!$G:$G,'Estoque '!$H$5) -> 0 | I216: =SUMIFS('Base Notas '!$H:$H,'Base Notas '!$A:$A,'Estoque '!A216,'Base Notas '!$G:$G,'Estoque '!$I$5) -> 0 | J216: =H216-E216 -> #REF! | K216: =I216-F216 -> #REF! | L216: =SUMIFS(#REF!,#REF!,'Estoque '!$L$5,#REF!,'Estoque '!A216) -> #REF! | M216: =SUMIFS(#REF!,#REF!,'Estoque '!$M$5,#REF!,'Estoque '!A216) -> #REF! | N216: =H216-L216 -> #REF! | O216: =I216-M216 -> #REF! | P216: =IFERROR(E216/L216-1,"") | Q216: =IFERROR(I216/M216-1,"")
A217: =B217&D217 -> 197231 | B217: 19723 | C217: FAZENDA SAO BENTO | D217: 1 | E217: =SUMIFS(Tratos!#REF!,Tratos!#REF!,'Estoque '!A217,Tratos!#REF!,'Estoque '!$E$5) -> #REF! | F217: =SUMIFS(Tratos!#REF!,Tratos!#REF!,'Estoque '!A217,Tratos!#REF!,'Estoque '!$F$5) -> #REF! | G217: =VLOOKUP(A217,Tratos!#REF!,7,0) -> #REF! | H217: =SUMIFS('Base Notas '!$H:$H,'Base Notas '!$A:$A,'Estoque '!A217,'Base Notas '!$G:$G,'Estoque '!$H$5) -> 0 | I217: =SUMIFS('Base Notas '!$H:$H,'Base Notas '!$A:$A,'Estoque '!A217,'Base Notas '!$G:$G,'Estoque '!$I$5) -> 0 | J217: =H217-E217 -> #REF! | K217: =I217-F217 -> #REF! | L217: =SUMIFS(#REF!,#REF!,'Estoque '!$L$5,#REF!,'Estoque '!A217) -> #REF! | M217: =SUMIFS(#REF!,#REF!,'Estoque '!$M$5,#REF!,'Estoque '!A217) -> #REF! | N217: =H217-L217 -> #REF! | O217: =I217-M217 -> #REF! | P217: =IFERROR(E217/L217-1,"") | Q217: =IFERROR(I217/M217-1,"")
A218: =B218&D218 -> 197221 | B218: 19722 | C218: FAZENDA JESUVILA | D218: 1 | E218: =SUMIFS(Tratos!#REF!,Tratos!#REF!,'Estoque '!A218,Tratos!#REF!,'Estoque '!$E$5) -> #REF! | F218: =SUMIFS(Tratos!#REF!,Tratos!#REF!,'Estoque '!A218,Tratos!#REF!,'Estoque '!$F$5) -> #REF! | G218: =VLOOKUP(A218,Tratos!#REF!,7,0) -> #REF! | H218: =SUMIFS('Base Notas '!$H:$H,'Base Notas '!$A:$A,'Estoque '!A218,'Base Notas '!$G:$G,'Estoque '!$H$5) -> 0 | I218: =SUMIFS('Base Notas '!$H:$H,'Base Notas '!$A:$A,'Estoque '!A218,'Base Notas '!$G:$G,'Estoque '!$I$5) -> 0 | J218: =H218-E218 -> #REF! | K218: =I218-F218 -> #REF! | L218: =SUMIFS(#REF!,#REF!,'Estoque '!$L$5,#REF!,'Estoque '!A218) -> #REF! | M218: =SUMIFS(#REF!,#REF!,'Estoque '!$M$5,#REF!,'Estoque '!A218) -> #REF! | N218: =H218-L218 -> #REF! | O218: =I218-M218 -> #REF! | P218: =IFERROR(E218/L218-1,"") | Q218: =IFERROR(I218/M218-1,"")
A219: =B219&D219 -> 197191 | B219: 19719 | C219: SITIO DOURADINHO I | D219: 1 | E219: =SUMIFS(Tratos!#REF!,Tratos!#REF!,'Estoque '!A219,Tratos!#REF!,'Estoque '!$E$5) -> #REF! | F219: =SUMIFS(Tratos!#REF!,Tratos!#REF!,'Estoque '!A219,Tratos!#REF!,'Estoque '!$F$5) -> #REF! | G219: =VLOOKUP(A219,Tratos!#REF!,7,0) -> #REF! | H219: =SUMIFS('Base Notas '!$H:$H,'Base Notas '!$A:$A,'Estoque '!A219,'Base Notas '!$G:$G,'Estoque '!$H$5) -> 0 | I219: =SUMIFS('Base Notas '!$H:$H,'Base Notas '!$A:$A,'Estoque '!A219,'Base Notas '!$G:$G,'Estoque '!$I$5) -> 0 | J219: =H219-E219 -> #REF! | K219: =I219-F219 -> #REF! | L219: =SUMIFS(#REF!,#REF!,'Estoque '!$L$5,#REF!,'Estoque '!A219) -> #REF! | M219: =SUMIFS(#REF!,#REF!,'Estoque '!$M$5,#REF!,'Estoque '!A219) -> #REF! | N219: =H219-L219 -> #REF! | O219: =I219-M219 -> #REF! | P219: =IFERROR(E219/L219-1,"") | Q219: =IFERROR(I219/M219-1,"")
A220: =B220&D220 -> 197041 | B220: 19704 | C220: FAZENDA NOSSA SENHORA DAS GRACAS | D220: 1 | E220: =SUMIFS(Tratos!#REF!,Tratos!#REF!,'Estoque '!A220,Tratos!#REF!,'Estoque '!$E$5) -> #REF! | F220: =SUMIFS(Tratos!#REF!,Tratos!#REF!,'Estoque '!A220,Tratos!#REF!,'Estoque '!$F$5) -> #REF! | G220: =VLOOKUP(A220,Tratos!#REF!,7,0) -> #REF! | H220: =SUMIFS('Base Notas '!$H:$H,'Base Notas '!$A:$A,'Estoque '!A220,'Base Notas '!$G:$G,'Estoque '!$H$5) -> 0 | I220: =SUMIFS('Base Notas '!$H:$H,'Base Notas '!$A:$A,'Estoque '!A220,'Base Notas '!$G:$G,'Estoque '!$I$5) -> 0 | J220: =H220-E220 -> #REF! | K220: =I220-F220 -> #REF! | L220: =SUMIFS(#REF!,#REF!,'Estoque '!$L$5,#REF!,'Estoque '!A220) -> #REF! | M220: =SUMIFS(#REF!,#REF!,'Estoque '!$M$5,#REF!,'Estoque '!A220) -> #REF! | N220: =H220-L220 -> #REF! | O220: =I220-M220 -> #REF! | P220: =IFERROR(E220/L220-1,"") | Q220: =IFERROR(I220/M220-1,"")
A221: =B221&D221 -> 197021 | B221: 19702 | C221: FAZENDA CHAPARRAL | D221: 1 | E221: =SUMIFS(Tratos!#REF!,Tratos!#REF!,'Estoque '!A221,Tratos!#REF!,'Estoque '!$E$5) -> #REF! | F221: =SUMIFS(Tratos!#REF!,Tratos!#REF!,'Estoque '!A221,Tratos!#REF!,'Estoque '!$F$5) -> #REF! | G221: =VLOOKUP(A221,Tratos!#REF!,7,0) -> #REF! | H221: =SUMIFS('Base Notas '!$H:$H,'Base Notas '!$A:$A,'Estoque '!A221,'Base Notas '!$G:$G,'Estoque '!$H$5) -> 0 | I221: =SUMIFS('Base Notas '!$H:$H,'Base Notas '!$A:$A,'Estoque '!A221,'Base Notas '!$G:$G,'Estoque '!$I$5) -> 0 | J221: =H221-E221 -> #REF! | K221: =I221-F221 -> #REF! | L221: =SUMIFS(#REF!,#REF!,'Estoque '!$L$5,#REF!,'Estoque '!A221) -> #REF! | M221: =SUMIFS(#REF!,#REF!,'Estoque '!$M$5,#REF!,'Estoque '!A221) -> #REF! | N221: =H221-L221 -> #REF! | O221: =I221-M221 -> #REF! | P221: =IFERROR(E221/L221-1,"") | Q221: =IFERROR(I221/M221-1,"")
A222: =B222&D222 -> 197022 | B222: 19702 | C222: FAZENDA CHAPARRAL | D222: 2 | E222: =SUMIFS(Tratos!#REF!,Tratos!#REF!,'Estoque '!A222,Tratos!#REF!,'Estoque '!$E$5) -> #REF! | F222: =SUMIFS(Tratos!#REF!,Tratos!#REF!,'Estoque '!A222,Tratos!#REF!,'Estoque '!$F$5) -> #REF! | G222: =VLOOKUP(A222,Tratos!#REF!,7,0) -> #REF! | H222: =SUMIFS('Base Notas '!$H:$H,'Base Notas '!$A:$A,'Estoque '!A222,'Base Notas '!$G:$G,'Estoque '!$H$5) -> 0 | I222: =SUMIFS('Base Notas '!$H:$H,'Base Notas '!$A:$A,'Estoque '!A222,'Base Notas '!$G:$G,'Estoque '!$I$5) -> 0 | J222: =H222-E222 -> #REF! | K222: =I222-F222 -> #REF! | L222: =SUMIFS(#REF!,#REF!,'Estoque '!$L$5,#REF!,'Estoque '!A222) -> #REF! | M222: =SUMIFS(#REF!,#REF!,'Estoque '!$M$5,#REF!,'Estoque '!A222) -> #REF! | N222: =H222-L222 -> #REF! | O222: =I222-M222 -> #REF! | P222: =IFERROR(E222/L222-1,"") | Q222: =IFERROR(I222/M222-1,"")
A223: =B223&D223 -> 197023 | B223: 19702 | C223: FAZENDA CHAPARRAL | D223: 3 | E223: =SUMIFS(Tratos!#REF!,Tratos!#REF!,'Estoque '!A223,Tratos!#REF!,'Estoque '!$E$5) -> #REF! | F223: =SUMIFS(Tratos!#REF!,Tratos!#REF!,'Estoque '!A223,Tratos!#REF!,'Estoque '!$F$5) -> #REF! | G223: =VLOOKUP(A223,Tratos!#REF!,7,0) -> #REF! | H223: =SUMIFS('Base Notas '!$H:$H,'Base Notas '!$A:$A,'Estoque '!A223,'Base Notas '!$G:$G,'Estoque '!$H$5) -> 0 | I223: =SUMIFS('Base Notas '!$H:$H,'Base Notas '!$A:$A,'Estoque '!A223,'Base Notas '!$G:$G,'Estoque '!$I$5) -> 0 | J223: =H223-E223 -> #REF! | K223: =I223-F223 -> #REF! | L223: =SUMIFS(#REF!,#REF!,'Estoque '!$L$5,#REF!,'Estoque '!A223) -> #REF! | M223: =SUMIFS(#REF!,#REF!,'Estoque '!$M$5,#REF!,'Estoque '!A223) -> #REF! | N223: =H223-L223 -> #REF! | O223: =I223-M223 -> #REF! | P223: =IFERROR(E223/L223-1,"") | Q223: =IFERROR(I223/M223-1,"")
A224: =B224&D224 -> 197024 | B224: 19702 | C224: FAZENDA CHAPARRAL | D224: 4 | E224: =SUMIFS(Tratos!#REF!,Tratos!#REF!,'Estoque '!A224,Tratos!#REF!,'Estoque '!$E$5) -> #REF! | F224: =SUMIFS(Tratos!#REF!,Tratos!#REF!,'Estoque '!A224,Tratos!#REF!,'Estoque '!$F$5) -> #REF! | G224: =VLOOKUP(A224,Tratos!#REF!,7,0) -> #REF! | H224: =SUMIFS('Base Notas '!$H:$H,'Base Notas '!$A:$A,'Estoque '!A224,'Base Notas '!$G:$G,'Estoque '!$H$5) -> 0 | I224: =SUMIFS('Base Notas '!$H:$H,'Base Notas '!$A:$A,'Estoque '!A224,'Base Notas '!$G:$G,'Estoque '!$I$5) -> 0 | J224: =H224-E224 -> #REF! | K224: =I224-F224 -> #REF! | L224: =SUMIFS(#REF!,#REF!,'Estoque '!$L$5,#REF!,'Estoque '!A224) -> #REF! | M224: =SUMIFS(#REF!,#REF!,'Estoque '!$M$5,#REF!,'Estoque '!A224) -> #REF! | N224: =H224-L224 -> #REF! | O224: =I224-M224 -> #REF! | P224: =IFERROR(E224/L224-1,"") | Q224: =IFERROR(I224/M224-1,"")
A225: =B225&D225 -> 197025 | B225: 19702 | C225: FAZENDA CHAPARRAL | D225: 5 | E225: =SUMIFS(Tratos!#REF!,Tratos!#REF!,'Estoque '!A225,Tratos!#REF!,'Estoque '!$E$5) -> #REF! | F225: =SUMIFS(Tratos!#REF!,Tratos!#REF!,'Estoque '!A225,Tratos!#REF!,'Estoque '!$F$5) -> #REF! | G225: =VLOOKUP(A225,Tratos!#REF!,7,0) -> #REF! | H225: =SUMIFS('Base Notas '!$H:$H,'Base Notas '!$A:$A,'Estoque '!A225,'Base Notas '!$G:$G,'Estoque '!$H$5) -> 0 | I225: =SUMIFS('Base Notas '!$H:$H,'Base Notas '!$A:$A,'Estoque '!A225,'Base Notas '!$G:$G,'Estoque '!$I$5) -> 0 | J225: =H225-E225 -> #REF! | K225: =I225-F225 -> #REF! | L225: =SUMIFS(#REF!,#REF!,'Estoque '!$L$5,#REF!,'Estoque '!A225) -> #REF! | M225: =SUMIFS(#REF!,#REF!,'Estoque '!$M$5,#REF!,'Estoque '!A225) -> #REF! | N225: =H225-L225 -> #REF! | O225: =I225-M225 -> #REF! | P225: =IFERROR(E225/L225-1,"") | Q225: =IFERROR(I225/M225-1,"")
A226: =B226&D226 -> 196991 | B226: 19699 | C226: FAZENDA COQUEIROS | D226: 1 | E226: =SUMIFS(Tratos!#REF!,Tratos!#REF!,'Estoque '!A226,Tratos!#REF!,'Estoque '!$E$5) -> #REF! | F226: =SUMIFS(Tratos!#REF!,Tratos!#REF!,'Estoque '!A226,Tratos!#REF!,'Estoque '!$F$5) -> #REF! | G226: =VLOOKUP(A226,Tratos!#REF!,7,0) -> #REF! | H226: =SUMIFS('Base Notas '!$H:$H,'Base Notas '!$A:$A,'Estoque '!A226,'Base Notas '!$G:$G,'Estoque '!$H$5) -> 0 | I226: =SUMIFS('Base Notas '!$H:$H,'Base Notas '!$A:$A,'Estoque '!A226,'Base Notas '!$G:$G,'Estoque '!$I$5) -> 0 | J226: =H226-E226 -> #REF! | K226: =I226-F226 -> #REF! | L226: =SUMIFS(#REF!,#REF!,'Estoque '!$L$5,#REF!,'Estoque '!A226) -> #REF! | M226: =SUMIFS(#REF!,#REF!,'Estoque '!$M$5,#REF!,'Estoque '!A226) -> #REF! | N226: =H226-L226 -> #REF! | O226: =I226-M226 -> #REF! | P226: =IFERROR(E226/L226-1,"") | Q226: =IFERROR(I226/M226-1,"")
A227: =B227&D227 -> 19679350 | B227: 19679 | C227: FAZENDA SAO SEBASTIAO | D227: 350 | E227: =SUMIFS(Tratos!#REF!,Tratos!#REF!,'Estoque '!A227,Tratos!#REF!,'Estoque '!$E$5) -> #REF! | F227: =SUMIFS(Tratos!#REF!,Tratos!#REF!,'Estoque '!A227,Tratos!#REF!,'Estoque '!$F$5) -> #REF! | G227: =VLOOKUP(A227,Tratos!#REF!,7,0) -> #REF! | H227: =SUMIFS('Base Notas '!$H:$H,'Base Notas '!$A:$A,'Estoque '!A227,'Base Notas '!$G:$G,'Estoque '!$H$5) -> 0 | I227: =SUMIFS('Base Notas '!$H:$H,'Base Notas '!$A:$A,'Estoque '!A227,'Base Notas '!$G:$G,'Estoque '!$I$5) -> 0 | J227: =H227-E227 -> #REF! | K227: =I227-F227 -> #REF! | L227: =SUMIFS(#REF!,#REF!,'Estoque '!$L$5,#REF!,'Estoque '!A227) -> #REF! | M227: =SUMIFS(#REF!,#REF!,'Estoque '!$M$5,#REF!,'Estoque '!A227) -> #REF! | N227: =H227-L227 -> #REF! | O227: =I227-M227 -> #REF! | P227: =IFERROR(E227/L227-1,"") | Q227: =IFERROR(I227/M227-1,"")
... A245: =B245&D245 -> 19633334 | B245: 19633 | C245: SITIO SAO JOAO B | D245: 334 | E245: =SUMIFS(Tratos!#REF!,Tratos!#REF!,'Estoque '!A245,Tratos!#REF!,'Estoque '!$E$5) -> #REF! | F245: =SUMIFS(Tratos!#REF!,Tratos!#REF!,'Estoque '!A245,Tratos!#REF!,'Estoque '!$F$5) -> #REF! | G245: =VLOOKUP(A245,Tratos!#REF!,7,0) -> #REF! | H245: =SUMIFS('Base Notas '!$H:$H,'Base Notas '!$A:$A,'Estoque '!A245,'Base Notas '!$G:$G,'Estoque '!$H$5) -> 0 | I245: =SUMIFS('Base Notas '!$H:$H,'Base Notas '!$A:$A,'Estoque '!A245,'Base Notas '!$G:$G,'Estoque '!$I$5) -> 0 | J245: =H245-E245 -> #REF! | K245: =I245-F245 -> #REF! | L245: =SUMIFS(#REF!,#REF!,'Estoque '!$L$5,#REF!,'Estoque '!A245) -> #REF! | M245: =SUMIFS(#REF!,#REF!,'Estoque '!$M$5,#REF!,'Estoque '!A245) -> #REF! | N245: =H245-L245 -> #REF! | O245: =I245-M245 -> #REF! | P245: =IFERROR(E245/L245-1,"") | Q245: =IFERROR(I245/M245-1,"")
A246: =B246&D246 -> 19629327 | B246: 19629 | C246: FAZENDA BARREIRINHO - GLEBA A | D246: 327 | E246: =SUMIFS(Tratos!#REF!,Tratos!#REF!,'Estoque '!A246,Tratos!#REF!,'Estoque '!$E$5) -> #REF! | F246: =SUMIFS(Tratos!#REF!,Tratos!#REF!,'Estoque '!A246,Tratos!#REF!,'Estoque '!$F$5) -> #REF! | G246: =VLOOKUP(A246,Tratos!#REF!,7,0) -> #REF! | H246: =SUMIFS('Base Notas '!$H:$H,'Base Notas '!$A:$A,'Estoque '!A246,'Base Notas '!$G:$G,'Estoque '!$H$5) -> 0 | I246: =SUMIFS('Base Notas '!$H:$H,'Base Notas '!$A:$A,'Estoque '!A246,'Base Notas '!$G:$G,'Estoque '!$I$5) -> 0 | J246: =H246-E246 -> #REF! | K246: =I246-F246 -> #REF! | L246: =SUMIFS(#REF!,#REF!,'Estoque '!$L$5,#REF!,'Estoque '!A246) -> #REF! | M246: =SUMIFS(#REF!,#REF!,'Estoque '!$M$5,#REF!,'Estoque '!A246) -> #REF! | N246: =H246-L246 -> #REF! | O246: =I246-M246 -> #REF! | P246: =IFERROR(E246/L246-1,"") | Q246: =IFERROR(I246/M246-1,"") | R246: Movimentar pro vale dourado
A247: =B247&D247 -> 19629328 | B247: 19629 | C247: FAZENDA BARREIRINHO - GLEBA A | D247: 328 | E247: =SUMIFS(Tratos!#REF!,Tratos!#REF!,'Estoque '!A247,Tratos!#REF!,'Estoque '!$E$5) -> #REF! | F247: =SUMIFS(Tratos!#REF!,Tratos!#REF!,'Estoque '!A247,Tratos!#REF!,'Estoque '!$F$5) -> #REF! | G247: =VLOOKUP(A247,Tratos!#REF!,7,0) -> #REF! | H247: =SUMIFS('Base Notas '!$H:$H,'Base Notas '!$A:$A,'Estoque '!A247,'Base Notas '!$G:$G,'Estoque '!$H$5) -> 0 | I247: =SUMIFS('Base Notas '!$H:$H,'Base Notas '!$A:$A,'Estoque '!A247,'Base Notas '!$G:$G,'Estoque '!$I$5) -> 0 | J247: =H247-E247 -> #REF! | K247: =I247-F247 -> #REF! | L247: =SUMIFS(#REF!,#REF!,'Estoque '!$L$5,#REF!,'Estoque '!A247) -> #REF! | M247: =SUMIFS(#REF!,#REF!,'Estoque '!$M$5,#REF!,'Estoque '!A247) -> #REF! | N247: =H247-L247 -> #REF! | O247: =I247-M247 -> #REF! | P247: =IFERROR(E247/L247-1,"") | Q247: =IFERROR(I247/M247-1,"")
A248: =B248&D248 -> 19627331 | B248: 19627 | C248: FAZENDA LARANJAL | D248: 331 | E248: =SUMIFS(Tratos!#REF!,Tratos!#REF!,'Estoque '!A248,Tratos!#REF!,'Estoque '!$E$5) -> #REF! | F248: =SUMIFS(Tratos!#REF!,Tratos!#REF!,'Estoque '!A248,Tratos!#REF!,'Estoque '!$F$5) -> #REF! | G248: =VLOOKUP(A248,Tratos!#REF!,7,0) -> #REF! | H248: =SUMIFS('Base Notas '!$H:$H,'Base Notas '!$A:$A,'Estoque '!A248,'Base Notas '!$G:$G,'Estoque '!$H$5) -> 0 | I248: =SUMIFS('Base Notas '!$H:$H,'Base Notas '!$A:$A,'Estoque '!A248,'Base Notas '!$G:$G,'Estoque '!$I$5) -> 0 | J248: =H248-E248 -> #REF! | K248: =I248-F248 -> #REF! | L248: =SUMIFS(#REF!,#REF!,'Estoque '!$L$5,#REF!,'Estoque '!A248) -> #REF! | M248: =SUMIFS(#REF!,#REF!,'Estoque '!$M$5,#REF!,'Estoque '!A248) -> #REF! | N248: =H248-L248 -> #REF! | O248: =I248-M248 -> #REF! | P248: =IFERROR(E248/L248-1,"") | Q248: =IFERROR(I248/M248-1,"") | S248: verificar
A249: =B249&D249 -> 19627332 | B249: 19627 | C249: FAZENDA LARANJAL | D249: 332 | E249: =SUMIFS(Tratos!#REF!,Tratos!#REF!,'Estoque '!A249,Tratos!#REF!,'Estoque '!$E$5) -> #REF! | F249: =SUMIFS(Tratos!#REF!,Tratos!#REF!,'Estoque '!A249,Tratos!#REF!,'Estoque '!$F$5) -> #REF! | G249: =VLOOKUP(A249,Tratos!#REF!,7,0) -> #REF! | H249: =SUMIFS('Base Notas '!$H:$H,'Base Notas '!$A:$A,'Estoque '!A249,'Base Notas '!$G:$G,'Estoque '!$H$5) -> 0 | I249: =SUMIFS('Base Notas '!$H:$H,'Base Notas '!$A:$A,'Estoque '!A249,'Base Notas '!$G:$G,'Estoque '!$I$5) -> 0 | J249: =H249-E249 -> #REF! | K249: =I249-F249 -> #REF! | L249: =SUMIFS(#REF!,#REF!,'Estoque '!$L$5,#REF!,'Estoque '!A249) -> #REF! | M249: =SUMIFS(#REF!,#REF!,'Estoque '!$M$5,#REF!,'Estoque '!A249) -> #REF! | N249: =H249-L249 -> #REF! | O249: =I249-M249 -> #REF! | P249: =IFERROR(E249/L249-1,"") | Q249: =IFERROR(I249/M249-1,"")
A250: =B250&D250 -> 19625330 | B250: 19625 | C250: FAZENDA TRIUNFO I, II e III | D250: 330 | E250: =SUMIFS(Tratos!#REF!,Tratos!#REF!,'Estoque '!A250,Tratos!#REF!,'Estoque '!$E$5) -> #REF! | F250: =SUMIFS(Tratos!#REF!,Tratos!#REF!,'Estoque '!A250,Tratos!#REF!,'Estoque '!$F$5) -> #REF! | G250: =VLOOKUP(A250,Tratos!#REF!,7,0) -> #REF! | H250: =SUMIFS('Base Notas '!$H:$H,'Base Notas '!$A:$A,'Estoque '!A250,'Base Notas '!$G:$G,'Estoque '!$H$5) -> 0 | I250: =SUMIFS('Base Notas '!$H:$H,'Base Notas '!$A:$A,'Estoque '!A250,'Base Notas '!$G:$G,'Estoque '!$I$5) -> 0 | J250: =H250-E250 -> #REF! | K250: =I250-F250 -> #REF! | L250: =SUMIFS(#REF!,#REF!,'Estoque '!$L$5,#REF!,'Estoque '!A250) -> #REF! | M250: =SUMIFS(#REF!,#REF!,'Estoque '!$M$5,#REF!,'Estoque '!A250) -> #REF! | N250: =H250-L250 -> #REF! | O250: =I250-M250 -> #REF! | P250: =IFERROR(E250/L250-1,"") | Q250: =IFERROR(I250/M250-1,"")
A251: =B251&D251 -> 19619336 | B251: 19619 | C251: SITIO PALMITAL | D251: 336 | E251: =SUMIFS(Tratos!#REF!,Tratos!#REF!,'Estoque '!A251,Tratos!#REF!,'Estoque '!$E$5) -> #REF! | F251: =SUMIFS(Tratos!#REF!,Tratos!#REF!,'Estoque '!A251,Tratos!#REF!,'Estoque '!$F$5) -> #REF! | G251: =VLOOKUP(A251,Tratos!#REF!,7,0) -> #REF! | H251: =SUMIFS('Base Notas '!$H:$H,'Base Notas '!$A:$A,'Estoque '!A251,'Base Notas '!$G:$G,'Estoque '!$H$5) -> 0 | I251: =SUMIFS('Base Notas '!$H:$H,'Base Notas '!$A:$A,'Estoque '!A251,'Base Notas '!$G:$G,'Estoque '!$I$5) -> 0 | J251: =H251-E251 -> #REF! | K251: =I251-F251 -> #REF! | L251: =SUMIFS(#REF!,#REF!,'Estoque '!$L$5,#REF!,'Estoque '!A251) -> #REF! | M251: =SUMIFS(#REF!,#REF!,'Estoque '!$M$5,#REF!,'Estoque '!A251) -> #REF! | N251: =H251-L251 -> #REF! | O251: =I251-M251 -> #REF! | P251: =IFERROR(E251/L251-1,"") | Q251: =IFERROR(I251/M251-1,"")
A252: =B252&D252 -> 196181 | B252: 19618 | C252: SITIO BOA VISTA | D252: 1 | E252: =SUMIFS(Tratos!#REF!,Tratos!#REF!,'Estoque '!A252,Tratos!#REF!,'Estoque '!$E$5) -> #REF! | F252: =SUMIFS(Tratos!#REF!,Tratos!#REF!,'Estoque '!A252,Tratos!#REF!,'Estoque '!$F$5) -> #REF! | G252: =VLOOKUP(A252,Tratos!#REF!,7,0) -> #REF! | H252: =SUMIFS('Base Notas '!$H:$H,'Base Notas '!$A:$A,'Estoque '!A252,'Base Notas '!$G:$G,'Estoque '!$H$5) -> 0 | I252: =SUMIFS('Base Notas '!$H:$H,'Base Notas '!$A:$A,'Estoque '!A252,'Base Notas '!$G:$G,'Estoque '!$I$5) -> 0 | J252: =H252-E252 -> #REF! | K252: =I252-F252 -> #REF! | L252: =SUMIFS(#REF!,#REF!,'Estoque '!$L$5,#REF!,'Estoque '!A252) -> #REF! | M252: =SUMIFS(#REF!,#REF!,'Estoque '!$M$5,#REF!,'Estoque '!A252) -> #REF! | N252: =H252-L252 -> #REF! | O252: =I252-M252 -> #REF! | P252: =IFERROR(E252/L252-1,"") | Q252: =IFERROR(I252/M252-1,"")
A253: =B253&D253 -> 19602435 | B253: 19602 | C253: FAZ SANTA VERONICA - EST MUN DO BAIRRO DOURADAO | D253: 435 | E253: =SUMIFS(Tratos!#REF!,Tratos!#REF!,'Estoque '!A253,Tratos!#REF!,'Estoque '!$E$5) -> #REF! | F253: =SUMIFS(Tratos!#REF!,Tratos!#REF!,'Estoque '!A253,Tratos!#REF!,'Estoque '!$F$5) -> #REF! | G253: =VLOOKUP(A253,Tratos!#REF!,7,0) -> #REF! | H253: =SUMIFS('Base Notas '!$H:$H,'Base Notas '!$A:$A,'Estoque '!A253,'Base Notas '!$G:$G,'Estoque '!$H$5) -> 0 | I253: =SUMIFS('Base Notas '!$H:$H,'Base Notas '!$A:$A,'Estoque '!A253,'Base Notas '!$G:$G,'Estoque '!$I$5) -> 0 | J253: =H253-E253 -> #REF! | K253: =I253-F253 -> #REF! | L253: =SUMIFS(#REF!,#REF!,'Estoque '!$L$5,#REF!,'Estoque '!A253) -> #REF! | M253: =SUMIFS(#REF!,#REF!,'Estoque '!$M$5,#REF!,'Estoque '!A253) -> #REF! | N253: =H253-L253 -> #REF! | O253: =I253-M253 -> #REF! | P253: =IFERROR(E253/L253-1,"") | Q253: =IFERROR(I253/M253-1,"")
A254: =B254&D254 -> 19597452 | B254: 19597 | C254: FAZENDA SANTA LUIZA | D254: 452 | E254: =SUMIFS(Tratos!#REF!,Tratos!#REF!,'Estoque '!A254,Tratos!#REF!,'Estoque '!$E$5) -> #REF! | F254: =SUMIFS(Tratos!#REF!,Tratos!#REF!,'Estoque '!A254,Tratos!#REF!,'Estoque '!$F$5) -> #REF! | G254: =VLOOKUP(A254,Tratos!#REF!,7,0) -> #REF! | H254: =SUMIFS('Base Notas '!$H:$H,'Base Notas '!$A:$A,'Estoque '!A254,'Base Notas '!$G:$G,'Estoque '!$H$5) -> 0 | I254: =SUMIFS('Base Notas '!$H:$H,'Base Notas '!$A:$A,'Estoque '!A254,'Base Notas '!$G:$G,'Estoque '!$I$5) -> 0 | J254: =H254-E254 -> #REF! | K254: =I254-F254 -> #REF! | L254: =SUMIFS(#REF!,#REF!,'Estoque '!$L$5,#REF!,'Estoque '!A254) -> #REF! | M254: =SUMIFS(#REF!,#REF!,'Estoque '!$M$5,#REF!,'Estoque '!A254) -> #REF! | N254: =H254-L254 -> #REF! | O254: =I254-M254 -> #REF! | P254: =IFERROR(E254/L254-1,"") | Q254: =IFERROR(I254/M254-1,"")
A255: =B255&D255 -> 19596415 | B255: 19596 | C255: FAZENDA SANTO ANTONIO | D255: 415 | E255: =SUMIFS(Tratos!#REF!,Tratos!#REF!,'Estoque '!A255,Tratos!#REF!,'Estoque '!$E$5) -> #REF! | F255: =SUMIFS(Tratos!#REF!,Tratos!#REF!,'Estoque '!A255,Tratos!#REF!,'Estoque '!$F$5) -> #REF! | G255: =VLOOKUP(A255,Tratos!#REF!,7,0) -> #REF! | H255: =SUMIFS('Base Notas '!$H:$H,'Base Notas '!$A:$A,'Estoque '!A255,'Base Notas '!$G:$G,'Estoque '!$H$5) -> 0 | I255: =SUMIFS('Base Notas '!$H:$H,'Base Notas '!$A:$A,'Estoque '!A255,'Base Notas '!$G:$G,'Estoque '!$I$5) -> 0 | J255: =H255-E255 -> #REF! | K255: =I255-F255 -> #REF! | L255: =SUMIFS(#REF!,#REF!,'Estoque '!$L$5,#REF!,'Estoque '!A255) -> #REF! | M255: =SUMIFS(#REF!,#REF!,'Estoque '!$M$5,#REF!,'Estoque '!A255) -> #REF! | N255: =H255-L255 -> #REF! | O255: =I255-M255 -> #REF! | P255: =IFERROR(E255/L255-1,"") | Q255: =IFERROR(I255/M255-1,"")
A256: =B256&D256 -> 19596419 | B256: 19596 | C256: FAZENDA SANTO ANTONIO | D256: 419 | E256: =SUMIFS(Tratos!#REF!,Tratos!#REF!,'Estoque '!A256,Tratos!#REF!,'Estoque '!$E$5) -> #REF! | F256: =SUMIFS(Tratos!#REF!,Tratos!#REF!,'Estoque '!A256,Tratos!#REF!,'Estoque '!$F$5) -> #REF! | G256: =VLOOKUP(A256,Tratos!#REF!,7,0) -> #REF! | H256: =SUMIFS('Base Notas '!$H:$H,'Base Notas '!$A:$A,'Estoque '!A256,'Base Notas '!$G:$G,'Estoque '!$H$5) -> 0 | I256: =SUMIFS('Base Notas '!$H:$H,'Base Notas '!$A:$A,'Estoque '!A256,'Base Notas '!$G:$G,'Estoque '!$I$5) -> 0 | J256: =H256-E256 -> #REF! | K256: =I256-F256 -> #REF! | L256: =SUMIFS(#REF!,#REF!,'Estoque '!$L$5,#REF!,'Estoque '!A256) -> #REF! | M256: =SUMIFS(#REF!,#REF!,'Estoque '!$M$5,#REF!,'Estoque '!A256) -> #REF! | N256: =H256-L256 -> #REF! | O256: =I256-M256 -> #REF! | P256: =IFERROR(E256/L256-1,"") | Q256: =IFERROR(I256/M256-1,"")
A257: =B257&D257 -> 19569339 | B257: 19569 | C257: SITIO CORREGO GRANDE | D257: 339 | E257: =SUMIFS(Tratos!#REF!,Tratos!#REF!,'Estoque '!A257,Tratos!#REF!,'Estoque '!$E$5) -> #REF! | F257: =SUMIFS(Tratos!#REF!,Tratos!#REF!,'Estoque '!A257,Tratos!#REF!,'Estoque '!$F$5) -> #REF! | G257: =VLOOKUP(A257,Tratos!#REF!,7,0) -> #REF! | H257: =SUMIFS('Base Notas '!$H:$H,'Base Notas '!$A:$A,'Estoque '!A257,'Base Notas '!$G:$G,'Estoque '!$H$5) -> 0 | I257: =SUMIFS('Base Notas '!$H:$H,'Base Notas '!$A:$A,'Estoque '!A257,'Base Notas '!$G:$G,'Estoque '!$I$5) -> 0 | J257: =H257-E257 -> #REF! | K257: =I257-F257 -> #REF! | L257: =SUMIFS(#REF!,#REF!,'Estoque '!$L$5,#REF!,'Estoque '!A257) -> #REF! | M257: =SUMIFS(#REF!,#REF!,'Estoque '!$M$5,#REF!,'Estoque '!A257) -> #REF! | N257: =H257-L257 -> #REF! | O257: =I257-M257 -> #REF! | P257: =IFERROR(E257/L257-1,"") | Q257: =IFERROR(I257/M257-1,"")
A258: =B258&D258 -> 19569384 | B258: 19569 | C258: SITIO CORREGO GRANDE | D258: 384 | E258: =SUMIFS(Tratos!#REF!,Tratos!#REF!,'Estoque '!A258,Tratos!#REF!,'Estoque '!$E$5) -> #REF! | F258: =SUMIFS(Tratos!#REF!,Tratos!#REF!,'Estoque '!A258,Tratos!#REF!,'Estoque '!$F$5) -> #REF! | G258: =VLOOKUP(A258,Tratos!#REF!,7,0) -> #REF! | H258: =SUMIFS('Base Notas '!$H:$H,'Base Notas '!$A:$A,'Estoque '!A258,'Base Notas '!$G:$G,'Estoque '!$H$5) -> 0 | I258: =SUMIFS('Base Notas '!$H:$H,'Base Notas '!$A:$A,'Estoque '!A258,'Base Notas '!$G:$G,'Estoque '!$I$5) -> 0 | J258: =H258-E258 -> #REF! | K258: =I258-F258 -> #REF! | L258: =SUMIFS(#REF!,#REF!,'Estoque '!$L$5,#REF!,'Estoque '!A258) -> #REF! | M258: =SUMIFS(#REF!,#REF!,'Estoque '!$M$5,#REF!,'Estoque '!A258) -> #REF! | N258: =H258-L258 -> #REF! | O258: =I258-M258 -> #REF! | P258: =IFERROR(E258/L258-1,"") | Q258: =IFERROR(I258/M258-1,"")
A259: =B259&D259 -> 19559316 | B259: 19559 | C259: FAZENDA SAO BENTO | D259: 316 | E259: =SUMIFS(Tratos!#REF!,Tratos!#REF!,'Estoque '!A259,Tratos!#REF!,'Estoque '!$E$5) -> #REF! | F259: =SUMIFS(Tratos!#REF!,Tratos!#REF!,'Estoque '!A259,Tratos!#REF!,'Estoque '!$F$5) -> #REF! | G259: =VLOOKUP(A259,Tratos!#REF!,7,0) -> #REF! | H259: =SUMIFS('Base Notas '!$H:$H,'Base Notas '!$A:$A,'Estoque '!A259,'Base Notas '!$G:$G,'Estoque '!$H$5) -> 0 | I259: =SUMIFS('Base Notas '!$H:$H,'Base Notas '!$A:$A,'Estoque '!A259,'Base Notas '!$G:$G,'Estoque '!$I$5) -> 0 | J259: =H259-E259 -> #REF! | K259: =I259-F259 -> #REF! | L259: =SUMIFS(#REF!,#REF!,'Estoque '!$L$5,#REF!,'Estoque '!A259) -> #REF! | M259: =SUMIFS(#REF!,#REF!,'Estoque '!$M$5,#REF!,'Estoque '!A259) -> #REF! | N259: =H259-L259 -> #REF! | O259: =I259-M259 -> #REF! | P259: =IFERROR(E259/L259-1,"") | Q259: =IFERROR(I259/M259-1,"")
A260: =B260&D260 -> 19557314 | B260: 19557 | C260: SITIO ANTONIO LAURINDO | D260: 314 | E260: =SUMIFS(Tratos!#REF!,Tratos!#REF!,'Estoque '!A260,Tratos!#REF!,'Estoque '!$E$5) -> #REF! | F260: =SUMIFS(Tratos!#REF!,Tratos!#REF!,'Estoque '!A260,Tratos!#REF!,'Estoque '!$F$5) -> #REF! | G260: =VLOOKUP(A260,Tratos!#REF!,7,0) -> #REF! | H260: =SUMIFS('Base Notas '!$H:$H,'Base Notas '!$A:$A,'Estoque '!A260,'Base Notas '!$G:$G,'Estoque '!$H$5) -> 0 | I260: =SUMIFS('Base Notas '!$H:$H,'Base Notas '!$A:$A,'Estoque '!A260,'Base Notas '!$G:$G,'Estoque '!$I$5) -> 0 | J260: =H260-E260 -> #REF! | K260: =I260-F260 -> #REF! | L260: =SUMIFS(#REF!,#REF!,'Estoque '!$L$5,#REF!,'Estoque '!A260) -> #REF! | M260: =SUMIFS(#REF!,#REF!,'Estoque '!$M$5,#REF!,'Estoque '!A260) -> #REF! | N260: =H260-L260 -> #REF! | O260: =I260-M260 -> #REF! | P260: =IFERROR(E260/L260-1,"") | Q260: =IFERROR(I260/M260-1,"")
... A424: =B424&D424 -> 9138153 | B424: 9138 | C424: FAZENDA BELA VISTA | D424: 153 | E424: =SUMIFS(Tratos!#REF!,Tratos!#REF!,'Estoque '!A424,Tratos!#REF!,'Estoque '!$E$5) -> #REF! | F424: =SUMIFS(Tratos!#REF!,Tratos!#REF!,'Estoque '!A424,Tratos!#REF!,'Estoque '!$F$5) -> #REF! | G424: =VLOOKUP(A424,Tratos!#REF!,7,0) -> #REF! | H424: =SUMIFS('Base Notas '!$H:$H,'Base Notas '!$A:$A,'Estoque '!A424,'Base Notas '!$G:$G,'Estoque '!$H$5) -> 0 | I424: =SUMIFS('Base Notas '!$H:$H,'Base Notas '!$A:$A,'Estoque '!A424,'Base Notas '!$G:$G,'Estoque '!$I$5) -> 0 | J424: =H424-E424 -> #REF! | K424: =I424-F424 -> #REF! | L424: =SUMIFS(#REF!,#REF!,'Estoque '!$L$5,#REF!,'Estoque '!A424) -> #REF! | M424: =SUMIFS(#REF!,#REF!,'Estoque '!$M$5,#REF!,'Estoque '!A424) -> #REF! | N424: =H424-L424 -> #REF! | O424: =I424-M424 -> #REF! | P424: =IFERROR(E424/L424-1,"") | Q424: =IFERROR(I424/M424-1,"")
A425: =B425&D425 -> 9138157 | B425: 9138 | C425: FAZENDA BELA VISTA | D425: 157 | E425: =SUMIFS(Tratos!#REF!,Tratos!#REF!,'Estoque '!A425,Tratos!#REF!,'Estoque '!$E$5) -> #REF! | F425: =SUMIFS(Tratos!#REF!,Tratos!#REF!,'Estoque '!A425,Tratos!#REF!,'Estoque '!$F$5) -> #REF! | G425: =VLOOKUP(A425,Tratos!#REF!,7,0) -> #REF! | H425: =SUMIFS('Base Notas '!$H:$H,'Base Notas '!$A:$A,'Estoque '!A425,'Base Notas '!$G:$G,'Estoque '!$H$5) -> 0 | I425: =SUMIFS('Base Notas '!$H:$H,'Base Notas '!$A:$A,'Estoque '!A425,'Base Notas '!$G:$G,'Estoque '!$I$5) -> 0 | J425: =H425-E425 -> #REF! | K425: =I425-F425 -> #REF! | L425: =SUMIFS(#REF!,#REF!,'Estoque '!$L$5,#REF!,'Estoque '!A425) -> #REF! | M425: =SUMIFS(#REF!,#REF!,'Estoque '!$M$5,#REF!,'Estoque '!A425) -> #REF! | N425: =H425-L425 -> #REF! | O425: =I425-M425 -> #REF! | P425: =IFERROR(E425/L425-1,"") | Q425: =IFERROR(I425/M425-1,"") | R425: Ok
A426: =B426&D426 -> 9134167 | B426: 9134 | C426: FAZENDA SÃO JOSÉ DA VISTA ALEGRE | D426: 167 | E426: =SUMIFS(Tratos!#REF!,Tratos!#REF!,'Estoque '!A426,Tratos!#REF!,'Estoque '!$E$5) -> #REF! | F426: =SUMIFS(Tratos!#REF!,Tratos!#REF!,'Estoque '!A426,Tratos!#REF!,'Estoque '!$F$5) -> #REF! | G426: =VLOOKUP(A426,Tratos!#REF!,7,0) -> #REF! | H426: =SUMIFS('Base Notas '!$H:$H,'Base Notas '!$A:$A,'Estoque '!A426,'Base Notas '!$G:$G,'Estoque '!$H$5) -> 0 | I426: =SUMIFS('Base Notas '!$H:$H,'Base Notas '!$A:$A,'Estoque '!A426,'Base Notas '!$G:$G,'Estoque '!$I$5) -> 0 | J426: =H426-E426 -> #REF! | K426: =I426-F426 -> #REF! | L426: =SUMIFS(#REF!,#REF!,'Estoque '!$L$5,#REF!,'Estoque '!A426) -> #REF! | M426: =SUMIFS(#REF!,#REF!,'Estoque '!$M$5,#REF!,'Estoque '!A426) -> #REF! | N426: =H426-L426 -> #REF! | O426: =I426-M426 -> #REF! | P426: =IFERROR(E426/L426-1,"") | Q426: =IFERROR(I426/M426-1,"")
A427: =B427&D427 -> 9134168 | B427: 9134 | C427: FAZENDA SÃO JOSÉ DA VISTA ALEGRE | D427: 168 | E427: =SUMIFS(Tratos!#REF!,Tratos!#REF!,'Estoque '!A427,Tratos!#REF!,'Estoque '!$E$5) -> #REF! | F427: =SUMIFS(Tratos!#REF!,Tratos!#REF!,'Estoque '!A427,Tratos!#REF!,'Estoque '!$F$5) -> #REF! | G427: =VLOOKUP(A427,Tratos!#REF!,7,0) -> #REF! | H427: =SUMIFS('Base Notas '!$H:$H,'Base Notas '!$A:$A,'Estoque '!A427,'Base Notas '!$G:$G,'Estoque '!$H$5) -> 0 | I427: =SUMIFS('Base Notas '!$H:$H,'Base Notas '!$A:$A,'Estoque '!A427,'Base Notas '!$G:$G,'Estoque '!$I$5) -> 0 | J427: =H427-E427 -> #REF! | K427: =I427-F427 -> #REF! | L427: =SUMIFS(#REF!,#REF!,'Estoque '!$L$5,#REF!,'Estoque '!A427) -> #REF! | M427: =SUMIFS(#REF!,#REF!,'Estoque '!$M$5,#REF!,'Estoque '!A427) -> #REF! | N427: =H427-L427 -> #REF! | O427: =I427-M427 -> #REF! | P427: =IFERROR(E427/L427-1,"") | Q427: =IFERROR(I427/M427-1,"")
A428: =B428&D428 -> 9134169 | B428: 9134 | C428: FAZENDA SÃO JOSÉ DA VISTA ALEGRE | D428: 169 | E428: =SUMIFS(Tratos!#REF!,Tratos!#REF!,'Estoque '!A428,Tratos!#REF!,'Estoque '!$E$5) -> #REF! | F428: =SUMIFS(Tratos!#REF!,Tratos!#REF!,'Estoque '!A428,Tratos!#REF!,'Estoque '!$F$5) -> #REF! | G428: =VLOOKUP(A428,Tratos!#REF!,7,0) -> #REF! | H428: =SUMIFS('Base Notas '!$H:$H,'Base Notas '!$A:$A,'Estoque '!A428,'Base Notas '!$G:$G,'Estoque '!$H$5) -> 0 | I428: =SUMIFS('Base Notas '!$H:$H,'Base Notas '!$A:$A,'Estoque '!A428,'Base Notas '!$G:$G,'Estoque '!$I$5) -> 0 | J428: =H428-E428 -> #REF! | K428: =I428-F428 -> #REF! | L428: =SUMIFS(#REF!,#REF!,'Estoque '!$L$5,#REF!,'Estoque '!A428) -> #REF! | M428: =SUMIFS(#REF!,#REF!,'Estoque '!$M$5,#REF!,'Estoque '!A428) -> #REF! | N428: =H428-L428 -> #REF! | O428: =I428-M428 -> #REF! | P428: =IFERROR(E428/L428-1,"") | Q428: =IFERROR(I428/M428-1,"")
A429: =B429&D429 -> 9134187 | B429: 9134 | C429: FAZENDA SÃO JOSÉ DA VISTA ALEGRE | D429: 187 | E429: =SUMIFS(Tratos!#REF!,Tratos!#REF!,'Estoque '!A429,Tratos!#REF!,'Estoque '!$E$5) -> #REF! | F429: =SUMIFS(Tratos!#REF!,Tratos!#REF!,'Estoque '!A429,Tratos!#REF!,'Estoque '!$F$5) -> #REF! | G429: =VLOOKUP(A429,Tratos!#REF!,7,0) -> #REF! | H429: =SUMIFS('Base Notas '!$H:$H,'Base Notas '!$A:$A,'Estoque '!A429,'Base Notas '!$G:$G,'Estoque '!$H$5) -> 0 | I429: =SUMIFS('Base Notas '!$H:$H,'Base Notas '!$A:$A,'Estoque '!A429,'Base Notas '!$G:$G,'Estoque '!$I$5) -> 0 | J429: =H429-E429 -> #REF! | K429: =I429-F429 -> #REF! | L429: =SUMIFS(#REF!,#REF!,'Estoque '!$L$5,#REF!,'Estoque '!A429) -> #REF! | M429: =SUMIFS(#REF!,#REF!,'Estoque '!$M$5,#REF!,'Estoque '!A429) -> #REF! | N429: =H429-L429 -> #REF! | O429: =I429-M429 -> #REF! | P429: =IFERROR(E429/L429-1,"") | Q429: =IFERROR(I429/M429-1,"")
A430: =B430&D430 -> 9134188 | B430: 9134 | C430: FAZENDA SÃO JOSÉ DA VISTA ALEGRE | D430: 188 | E430: =SUMIFS(Tratos!#REF!,Tratos!#REF!,'Estoque '!A430,Tratos!#REF!,'Estoque '!$E$5) -> #REF! | F430: =SUMIFS(Tratos!#REF!,Tratos!#REF!,'Estoque '!A430,Tratos!#REF!,'Estoque '!$F$5) -> #REF! | G430: =VLOOKUP(A430,Tratos!#REF!,7,0) -> #REF! | H430: =SUMIFS('Base Notas '!$H:$H,'Base Notas '!$A:$A,'Estoque '!A430,'Base Notas '!$G:$G,'Estoque '!$H$5) -> 0 | I430: =SUMIFS('Base Notas '!$H:$H,'Base Notas '!$A:$A,'Estoque '!A430,'Base Notas '!$G:$G,'Estoque '!$I$5) -> 0 | J430: =H430-E430 -> #REF! | K430: =I430-F430 -> #REF! | L430: =SUMIFS(#REF!,#REF!,'Estoque '!$L$5,#REF!,'Estoque '!A430) -> #REF! | M430: =SUMIFS(#REF!,#REF!,'Estoque '!$M$5,#REF!,'Estoque '!A430) -> #REF! | N430: =H430-L430 -> #REF! | O430: =I430-M430 -> #REF! | P430: =IFERROR(E430/L430-1,"") | Q430: =IFERROR(I430/M430-1,"")
A431: =B431&D431 -> 9134200 | B431: 9134 | C431: FAZENDA SÃO JOSÉ DA VISTA ALEGRE | D431: 200 | E431: =SUMIFS(Tratos!#REF!,Tratos!#REF!,'Estoque '!A431,Tratos!#REF!,'Estoque '!$E$5) -> #REF! | F431: =SUMIFS(Tratos!#REF!,Tratos!#REF!,'Estoque '!A431,Tratos!#REF!,'Estoque '!$F$5) -> #REF! | G431: =VLOOKUP(A431,Tratos!#REF!,7,0) -> #REF! | H431: =SUMIFS('Base Notas '!$H:$H,'Base Notas '!$A:$A,'Estoque '!A431,'Base Notas '!$G:$G,'Estoque '!$H$5) -> 0 | I431: =SUMIFS('Base Notas '!$H:$H,'Base Notas '!$A:$A,'Estoque '!A431,'Base Notas '!$G:$G,'Estoque '!$I$5) -> 0 | J431: =H431-E431 -> #REF! | K431: =I431-F431 -> #REF! | L431: =SUMIFS(#REF!,#REF!,'Estoque '!$L$5,#REF!,'Estoque '!A431) -> #REF! | M431: =SUMIFS(#REF!,#REF!,'Estoque '!$M$5,#REF!,'Estoque '!A431) -> #REF! | N431: =H431-L431 -> #REF! | O431: =I431-M431 -> #REF! | P431: =IFERROR(E431/L431-1,"") | Q431: =IFERROR(I431/M431-1,"")
A432: =B432&D432 -> 9132136 | B432: 9132 | C432: SITIO N.SRA DE LOURDES | D432: 136 | E432: =SUMIFS(Tratos!#REF!,Tratos!#REF!,'Estoque '!A432,Tratos!#REF!,'Estoque '!$E$5) -> #REF! | F432: =SUMIFS(Tratos!#REF!,Tratos!#REF!,'Estoque '!A432,Tratos!#REF!,'Estoque '!$F$5) -> #REF! | G432: =VLOOKUP(A432,Tratos!#REF!,7,0) -> #REF! | H432: =SUMIFS('Base Notas '!$H:$H,'Base Notas '!$A:$A,'Estoque '!A432,'Base Notas '!$G:$G,'Estoque '!$H$5) -> 0 | I432: =SUMIFS('Base Notas '!$H:$H,'Base Notas '!$A:$A,'Estoque '!A432,'Base Notas '!$G:$G,'Estoque '!$I$5) -> 0 | J432: =H432-E432 -> #REF! | K432: =I432-F432 -> #REF! | L432: =SUMIFS(#REF!,#REF!,'Estoque '!$L$5,#REF!,'Estoque '!A432) -> #REF! | M432: =SUMIFS(#REF!,#REF!,'Estoque '!$M$5,#REF!,'Estoque '!A432) -> #REF! | N432: =H432-L432 -> #REF! | O432: =I432-M432 -> #REF! | P432: =IFERROR(E432/L432-1,"") | Q432: =IFERROR(I432/M432-1,"")
A433: =B433&D433 -> 9130360 | B433: 9130 | C433: SITIO SAO CLEMENTINO | D433: 360 | E433: =SUMIFS(Tratos!#REF!,Tratos!#REF!,'Estoque '!A433,Tratos!#REF!,'Estoque '!$E$5) -> #REF! | F433: =SUMIFS(Tratos!#REF!,Tratos!#REF!,'Estoque '!A433,Tratos!#REF!,'Estoque '!$F$5) -> #REF! | G433: =VLOOKUP(A433,Tratos!#REF!,7,0) -> #REF! | H433: =SUMIFS('Base Notas '!$H:$H,'Base Notas '!$A:$A,'Estoque '!A433,'Base Notas '!$G:$G,'Estoque '!$H$5) -> 0 | I433: =SUMIFS('Base Notas '!$H:$H,'Base Notas '!$A:$A,'Estoque '!A433,'Base Notas '!$G:$G,'Estoque '!$I$5) -> 0 | J433: =H433-E433 -> #REF! | K433: =I433-F433 -> #REF! | L433: =SUMIFS(#REF!,#REF!,'Estoque '!$L$5,#REF!,'Estoque '!A433) -> #REF! | M433: =SUMIFS(#REF!,#REF!,'Estoque '!$M$5,#REF!,'Estoque '!A433) -> #REF! | N433: =H433-L433 -> #REF! | O433: =I433-M433 -> #REF! | P433: =IFERROR(E433/L433-1,"") | Q433: =IFERROR(I433/M433-1,"")
A434: =B434&D434 -> 9126129 | B434: 9126 | C434: FAZENDA SANTA AUGUSTA | D434: 129 | E434: =SUMIFS(Tratos!#REF!,Tratos!#REF!,'Estoque '!A434,Tratos!#REF!,'Estoque '!$E$5) -> #REF! | F434: =SUMIFS(Tratos!#REF!,Tratos!#REF!,'Estoque '!A434,Tratos!#REF!,'Estoque '!$F$5) -> #REF! | G434: =VLOOKUP(A434,Tratos!#REF!,7,0) -> #REF! | H434: =SUMIFS('Base Notas '!$H:$H,'Base Notas '!$A:$A,'Estoque '!A434,'Base Notas '!$G:$G,'Estoque '!$H$5) -> 0 | I434: =SUMIFS('Base Notas '!$H:$H,'Base Notas '!$A:$A,'Estoque '!A434,'Base Notas '!$G:$G,'Estoque '!$I$5) -> 0 | J434: =H434-E434 -> #REF! | K434: =I434-F434 -> #REF! | L434: =SUMIFS(#REF!,#REF!,'Estoque '!$L$5,#REF!,'Estoque '!A434) -> #REF! | M434: =SUMIFS(#REF!,#REF!,'Estoque '!$M$5,#REF!,'Estoque '!A434) -> #REF! | N434: =H434-L434 -> #REF! | O434: =I434-M434 -> #REF! | P434: =IFERROR(E434/L434-1,"") | Q434: =IFERROR(I434/M434-1,"")
A435: =B435&D435 -> 9125128 | B435: 9125 | C435: FAZ.SANTA CECILIA GLEBA A | D435: 128 | E435: =SUMIFS(Tratos!#REF!,Tratos!#REF!,'Estoque '!A435,Tratos!#REF!,'Estoque '!$E$5) -> #REF! | F435: =SUMIFS(Tratos!#REF!,Tratos!#REF!,'Estoque '!A435,Tratos!#REF!,'Estoque '!$F$5) -> #REF! | G435: =VLOOKUP(A435,Tratos!#REF!,7,0) -> #REF! | H435: =SUMIFS('Base Notas '!$H:$H,'Base Notas '!$A:$A,'Estoque '!A435,'Base Notas '!$G:$G,'Estoque '!$H$5) -> 0 | I435: =SUMIFS('Base Notas '!$H:$H,'Base Notas '!$A:$A,'Estoque '!A435,'Base Notas '!$G:$G,'Estoque '!$I$5) -> 0 | J435: =H435-E435 -> #REF! | K435: =I435-F435 -> #REF! | L435: =SUMIFS(#REF!,#REF!,'Estoque '!$L$5,#REF!,'Estoque '!A435) -> #REF! | M435: =SUMIFS(#REF!,#REF!,'Estoque '!$M$5,#REF!,'Estoque '!A435) -> #REF! | N435: =H435-L435 -> #REF! | O435: =I435-M435 -> #REF! | P435: =IFERROR(E435/L435-1,"") | Q435: =IFERROR(I435/M435-1,"")
A436: =B436&D436 -> 9123123 | B436: 9123 | C436: SITIO SAAD | D436: 123 | E436: =SUMIFS(Tratos!#REF!,Tratos!#REF!,'Estoque '!A436,Tratos!#REF!,'Estoque '!$E$5) -> #REF! | F436: =SUMIFS(Tratos!#REF!,Tratos!#REF!,'Estoque '!A436,Tratos!#REF!,'Estoque '!$F$5) -> #REF! | G436: =VLOOKUP(A436,Tratos!#REF!,7,0) -> #REF! | H436: =SUMIFS('Base Notas '!$H:$H,'Base Notas '!$A:$A,'Estoque '!A436,'Base Notas '!$G:$G,'Estoque '!$H$5) -> 0 | I436: =SUMIFS('Base Notas '!$H:$H,'Base Notas '!$A:$A,'Estoque '!A436,'Base Notas '!$G:$G,'Estoque '!$I$5) -> 0 | J436: =H436-E436 -> #REF! | K436: =I436-F436 -> #REF! | L436: =SUMIFS(#REF!,#REF!,'Estoque '!$L$5,#REF!,'Estoque '!A436) -> #REF! | M436: =SUMIFS(#REF!,#REF!,'Estoque '!$M$5,#REF!,'Estoque '!A436) -> #REF! | N436: =H436-L436 -> #REF! | O436: =I436-M436 -> #REF! | P436: =IFERROR(E436/L436-1,"") | Q436: =IFERROR(I436/M436-1,"")
A437: =B437&D437 -> 9122122 | B437: 9122 | C437: FAZENDA NASSIF | D437: 122 | E437: =SUMIFS(Tratos!#REF!,Tratos!#REF!,'Estoque '!A437,Tratos!#REF!,'Estoque '!$E$5) -> #REF! | F437: =SUMIFS(Tratos!#REF!,Tratos!#REF!,'Estoque '!A437,Tratos!#REF!,'Estoque '!$F$5) -> #REF! | G437: =VLOOKUP(A437,Tratos!#REF!,7,0) -> #REF! | H437: =SUMIFS('Base Notas '!$H:$H,'Base Notas '!$A:$A,'Estoque '!A437,'Base Notas '!$G:$G,'Estoque '!$H$5) -> 0 | I437: =SUMIFS('Base Notas '!$H:$H,'Base Notas '!$A:$A,'Estoque '!A437,'Base Notas '!$G:$G,'Estoque '!$I$5) -> 0 | J437: =H437-E437 -> #REF! | K437: =I437-F437 -> #REF! | L437: =SUMIFS(#REF!,#REF!,'Estoque '!$L$5,#REF!,'Estoque '!A437) -> #REF! | M437: =SUMIFS(#REF!,#REF!,'Estoque '!$M$5,#REF!,'Estoque '!A437) -> #REF! | N437: =H437-L437 -> #REF! | O437: =I437-M437 -> #REF! | P437: =IFERROR(E437/L437-1,"") | Q437: =IFERROR(I437/M437-1,"")
... A481: =B481&D481 -> 96569791 | B481: 96569 | C481: SITIO SAO JOSE | D481: 791 | E481: =SUMIFS(Tratos!#REF!,Tratos!#REF!,'Estoque '!A481,Tratos!#REF!,'Estoque '!$E$5) -> #REF! | F481: =SUMIFS(Tratos!#REF!,Tratos!#REF!,'Estoque '!A481,Tratos!#REF!,'Estoque '!$F$5) -> #REF! | G481: =VLOOKUP(A481,Tratos!#REF!,7,0) -> #REF! | H481: =SUMIFS('Base Notas '!$H:$H,'Base Notas '!$A:$A,'Estoque '!A481,'Base Notas '!$G:$G,'Estoque '!$H$5) -> 0 | I481: =SUMIFS('Base Notas '!$H:$H,'Base Notas '!$A:$A,'Estoque '!A481,'Base Notas '!$G:$G,'Estoque '!$I$5) -> 0 | J481: =H481-E481 -> #REF! | K481: =I481-F481 -> #REF! | L481: =SUMIFS(#REF!,#REF!,'Estoque '!$L$5,#REF!,'Estoque '!A481) -> #REF! | M481: =SUMIFS(#REF!,#REF!,'Estoque '!$M$5,#REF!,'Estoque '!A481) -> #REF! | N481: =H481-L481 -> #REF! | O481: =I481-M481 -> #REF! | P481: =IFERROR(E481/L481-1,"") | Q481: =IFERROR(I481/M481-1,"")
...

Sheet Inventario
A1: Chave Insumo | B1: ChavaFZT | C1: CHAVE | D1: SAFRA | E1: REGIAO | F1: EMPRESA | G1: EMPDESC | H1: MOD | I1: NUM | J1: FAZENDA | K1: ZONA | L1: TALHAO | M1: BLOCO | N1: BLOCO_PLAN | O1: AREA_HA | P1: AREA_DANO | Q1: VARIED | R1: MAN_HIPOT | S1: COD_ESTAGIO | T1: ESTAGIO | U1: TIPO_PROP | V1: DATA_PLANTIO | W1: FRENTE | X1: DEVOLUCAO | Y1: REFORMA | Z1: TP_REFORMA | AA1: SIST_PLANT | AB1: CQUEIMA_E | AC1: APALHA_E | AD1: VINHACA_E | AE1: AJIFER_E | AF1: TORTAF_E | AG1: SISTEMA_COL | AH1: DIST_TERRA | AI1: DIST_ASFALTO | AJ1: DIST_HIDR | AK1: UNID_IND | AL1: AMBIENTE | AM1: ESPAC | AN1: AREA_PROD | AO1: TCH_PROD | AP1: TON_ESTIM | AQ1: AREA_REEST | AR1: TCH_REEST | AS1: TON_REEST | AT1: AREA_REEST2 | AU1: TCH_REEST2 | AV1: TON_REEST2 | AW1: AREA_REEST3 | AX1: TCH_REEST3 | AY1: TON_REEST3 | AZ1: AREA_MUDA | BA1: TCH_MUDA | BB1: TON_MUDA | BC1: SIT_TALHAO | BD1: DATA_FECHA | BE1: CANA_ENT | BF1: ADMIN | BG1: FORNEC | BH1: Dias | BI1: Já aplicou?
B2: =CONCATENATE(I2,K2,L2) -> 900111 | C2: =CONCATENATE(I2,K2) -> 90011 | D2: 22526 | E2: 4-Ipaussu | F2: 61 | G2: Ipau | H2: 71 | I2: 9001 | J2: FAZENDA SANTA HELENA | K2: 1 | L2: 1 | M2: 2 | O2: 18.59 | P2: 0 | Q2: CTC9005 | R2: Tardia | S2: 5 | T2: 4o. Corte | U2: 1 | V2: 44268 | W2: 350 | X2: N | Y2: N | AB2: N | AC2: S | AD2: N | AE2: N | AF2: N | AG2: 2 | AH2: 0 | AI2: 5 | AJ2: 0 | AK2: 61 | AL2: mC | AM2: 0,9 x 1,5-Alternado | AN2: 18.59 | AO2: 84.74 | AP2: 1575.3166 | AQ2: 18.59 | AR2: 75.07 | AS2: 1395.5513 | BC2: Fechado | BD2: 45830 | BE2: 583.34 | BF2: Propria | BG2: RAIZEN ENERGIA S/A - FILIAL IPAUSSU | BH2: =TODAY()-BD2 -> 293
B3: =CONCATENATE(I3,K3,L3) -> 900112 | C3: =CONCATENATE(I3,K3) -> 90011 | D3: 22526 | E3: 4-Ipaussu | F3: 61 | G3: Ipau | H3: 71 | I3: 9001 | J3: FAZENDA SANTA HELENA | K3: 1 | L3: 2 | M3: 2 | O3: 5.08 | P3: 0 | Q3: CTC9005 | R3: Tardia | S3: 5 | T3: 4o. Corte | U3: 1 | V3: 44266 | W3: 350 | X3: N | Y3: N | AB3: N | AC3: S | AD3: N | AE3: N | AF3: N | AG3: 2 | AH3: 0 | AI3: 5 | AJ3: 0 | AK3: 61 | AL3: mC | AM3: 0,9 x 1,5-Alternado | AN3: 5.08 | AO3: 84.74 | AP3: 430.4792 | AQ3: 5.08 | AR3: 75.07 | AS3: 381.3556 | BC3: Fechado | BD3: 45830 | BE3: 542.29 | BF3: Propria | BG3: RAIZEN ENERGIA S/A - FILIAL IPAUSSU | BH3: =TODAY()-BD3 -> 293
B4: =CONCATENATE(I4,K4,L4) -> 900113 | C4: =CONCATENATE(I4,K4) -> 90011 | D4: 22526 | E4: 4-Ipaussu | F4: 61 | G4: Ipau | H4: 71 | I4: 9001 | J4: FAZENDA SANTA HELENA | K4: 1 | L4: 3 | M4: 2 | O4: 26.06 | P4: 0 | Q4: CTC9005 | R4: Tardia | S4: 5 | T4: 4o. Corte | U4: 1 | V4: 44268 | W4: 350 | X4: N | Y4: N | AB4: N | AC4: S | AD4: N | AE4: N | AF4: N | AG4: 2 | AH4: 0 | AI4: 5 | AJ4: 0 | AK4: 61 | AL4: mC | AM4: 0,9 x 1,5-Alternado | AN4: 26.06 | AO4: 84.74 | AP4: 2208.3244 | AQ4: 26.06 | AR4: 75.07 | AS4: 1956.3242 | BC4: Fechado | BD4: 45830 | BE4: 2591.48 | BF4: Propria | BG4: RAIZEN ENERGIA S/A - FILIAL IPAUSSU | BH4: =TODAY()-BD4 -> 293
B5: =CONCATENATE(I5,K5,L5) -> 900114 | C5: =CONCATENATE(I5,K5) -> 90011 | D5: 22526 | E5: 4-Ipaussu | F5: 61 | G5: Ipau | H5: 71 | I5: 9001 | J5: FAZENDA SANTA HELENA | K5: 1 | L5: 4 | M5: 2 | O5: 2.08 | P5: 0 | Q5: CTC9005 | R5: Tardia | S5: 5 | T5: 4o. Corte | U5: 1 | V5: 44268 | W5: 350 | X5: N | Y5: N | AB5: N | AC5: S | AD5: N | AE5: N | AF5: N | AG5: 2 | AH5: 0 | AI5: 5 | AJ5: 0 | AK5: 61 | AL5: mC | AM5: 0,9 x 1,5-Alternado | AN5: 2.08 | AO5: 84.74 | AP5: 176.2592 | AQ5: 2.08 | AR5: 75.07 | AS5: 156.1456 | BC5: Fechado | BD5: 45830 | BE5: 147.5 | BF5: Propria | BG5: RAIZEN ENERGIA S/A - FILIAL IPAUSSU | BH5: =TODAY()-BD5 -> 293
B6: =CONCATENATE(I6,K6,L6) -> 900115 | C6: =CONCATENATE(I6,K6) -> 90011 | D6: 22526 | E6: 4-Ipaussu | F6: 61 | G6: Ipau | H6: 71 | I6: 9001 | J6: FAZENDA SANTA HELENA | K6: 1 | L6: 5 | M6: 2 | O6: 0.95 | P6: 0 | Q6: CTC9005 | R6: Tardia | S6: 5 | T6: 4o. Corte | U6: 1 | V6: 44268 | W6: 350 | X6: N | Y6: N | AB6: N | AC6: S | AD6: N | AE6: N | AF6: N | AG6: 2 | AH6: 0 | AI6: 5 | AJ6: 0 | AK6: 61 | AL6: mC | AM6: 0,9 x 1,5-Alternado | AN6: 0.95 | AO6: 84.74 | AP6: 80.503 | AQ6: 0.95 | AR6: 75.07 | AS6: 71.3165 | BC6: Fechado | BD6: 45830 | BE6: 98.47 | BF6: Propria | BG6: RAIZEN ENERGIA S/A - FILIAL IPAUSSU | BH6: =TODAY()-BD6 -> 293
B7: =CONCATENATE(I7,K7,L7) -> 900116 | C7: =CONCATENATE(I7,K7) -> 90011 | D7: 22526 | E7: 4-Ipaussu | F7: 61 | G7: Ipau | H7: 71 | I7: 9001 | J7: FAZENDA SANTA HELENA | K7: 1 | L7: 6 | M7: 1 | N7: 1 | O7: 10.92 | P7: 0 | Q7: RB966928 | R7: Tardia | S7: 10 | T7: 9o. Corte | U7: 1 | V7: 42731 | W7: 352 | X7: N | Y7: N | AB7: N | AC7: S | AD7: N | AE7: N | AF7: N | AG7: 2 | AH7: 0 | AI7: 5 | AJ7: 0 | AK7: 61 | AL7: mC | AM7: 0,9 x 1,5-Alternado | AN7: 10.92 | AO7: 39.65 | AP7: 432.978 | AQ7: 10.92 | AR7: 45.07 | AS7: 492.1644 | BC7: Fechado | BD7: 45830 | BE7: 1105.74 | BF7: Propria | BG7: RAIZEN ENERGIA S/A - FILIAL IPAUSSU | BH7: =TODAY()-BD7 -> 293
B8: =CONCATENATE(I8,K8,L8) -> 900117 | C8: =CONCATENATE(I8,K8) -> 90011 | D8: 22526 | E8: 4-Ipaussu | F8: 61 | G8: Ipau | H8: 71 | I8: 9001 | J8: FAZENDA SANTA HELENA | K8: 1 | L8: 7 | M8: 1 | N8: 1 | O8: 17.84 | P8: 0 | Q8: RB966928 | R8: Tardia | S8: 10 | T8: 9o. Corte | U8: 1 | V8: 42731 | W8: 352 | X8: N | Y8: N | AB8: N | AC8: S | AD8: N | AE8: N | AF8: N | AG8: 2 | AH8: 0 | AI8: 5 | AJ8: 0 | AK8: 61 | AL8: mC | AM8: 0,9 x 1,5-Alternado | AN8: 17.84 | AO8: 39.65 | AP8: 707.356 | AQ8: 17.84 | AR8: 45.07 | AS8: 804.0488 | BC8: Fechado | BD8: 45830 | BE8: 1293.27 | BF8: Propria | BG8: RAIZEN ENERGIA S/A - FILIAL IPAUSSU | BH8: =TODAY()-BD8 -> 293
B9: =CONCATENATE(I9,K9,L9) -> 900118 | C9: =CONCATENATE(I9,K9) -> 90011 | D9: 22526 | E9: 4-Ipaussu | F9: 61 | G9: Ipau | H9: 71 | I9: 9001 | J9: FAZENDA SANTA HELENA | K9: 1 | L9: 8 | M9: 2 | O9: 6.27 | P9: 0 | Q9: CTC9005 | R9: Tardia | S9: 5 | T9: 4o. Corte | U9: 1 | V9: 44267 | W9: 350 | X9: N | Y9: N | AB9: N | AC9: S | AD9: N | AE9: N | AF9: N | AG9: 2 | AH9: 0 | AI9: 5 | AJ9: 0 | AK9: 61 | AL9: mC | AM9: 0,9 x 1,5-Alternado | AN9: 6.27 | AO9: 84.74 | AP9: 531.3198 | AQ9: 6.27 | AR9: 75.07 | AS9: 470.6889 | BC9: Fechado | BD9: 45830 | BE9: 369.49 | BF9: Propria | BG9: RAIZEN ENERGIA S/A - FILIAL IPAUSSU | BH9: =TODAY()-BD9 -> 293
B10: =CONCATENATE(I10,K10,L10) -> 900119 | C10: =CONCATENATE(I10,K10) -> 90011 | D10: 22526 | E10: 4-Ipaussu | F10: 61 | G10: Ipau | H10: 71 | I10: 9001 | J10: FAZENDA SANTA HELENA | K10: 1 | L10: 9 | M10: 2 | O10: 19.31 | P10: 0 | Q10: CTC9005 | R10: Tardia | S10: 5 | T10: 4o. Corte | U10: 1 | V10: 44267 | W10: 350 | X10: N | Y10: N | AB10: N | AC10: S | AD10: N | AE10: N | AF10: N | AG10: 2 | AH10: 0 | AI10: 5 | AJ10: 0 | AK10: 61 | AL10: mC | AM10: 0,9 x 1,5-Alternado | AN10: 19.31 | AO10: 84.74 | AP10: 1636.3294 | AQ10: 19.31 | AR10: 75.07 | AS10: 1449.6017 | BC10: Fechado | BD10: 45830 | BE10: 1903.16 | BF10: Propria | BG10: RAIZEN ENERGIA S/A - FILIAL IPAUSSU | BH10: =TODAY()-BD10 -> 293
B11: =CONCATENATE(I11,K11,L11) -> 900121 | C11: =CONCATENATE(I11,K11) -> 90012 | D11: 22526 | E11: 4-Ipaussu | F11: 61 | G11: Ipau | H11: 71 | I11: 9001 | J11: FAZENDA SANTA HELENA | K11: 2 | L11: 1 | M11: 6 | N11: 2 | O11: 10.95 | P11: 0 | Q11: VIVEIRO | R11: Super Precoce | S11: 4 | T11: 3o. Corte | U11: 1 | V11: 44525 | W11: 355 | X11: N | Y11: N | AB11: N | AC11: S | AD11: N | AE11: N | AF11: N | AG11: 2 | AH11: 0 | AI11: 7 | AJ11: 0 | AK11: 61 | AL11: mC | AM11: 0,9 x 1,5-Alternado | AN11: 10.95 | AO11: 90.58 | AP11: 991.851 | AQ11: 10.95 | AR11: 81.07 | AS11: 887.7165 | BC11: Fechado | BD11: 45853 | BE11: 805.51 | BF11: Propria | BG11: RAIZEN ENERGIA S/A - FILIAL IPAUSSU | BH11: =TODAY()-BD11 -> 270
B12: =CONCATENATE(I12,K12,L12) -> 900122 | C12: =CONCATENATE(I12,K12) -> 90012 | D12: 22526 | E12: 4-Ipaussu | F12: 61 | G12: Ipau | H12: 71 | I12: 9001 | J12: FAZENDA SANTA HELENA | K12: 2 | L12: 2 | M12: 6 | O12: 15.85 | P12: 0 | Q12: RB966928 | R12: Super Precoce | S12: 4 | T12: 3o. Corte | U12: 1 | V12: 44540 | W12: 355 | X12: N | Y12: N | AB12: N | AC12: S | AD12: N | AE12: N | AF12: N | AG12: 2 | AH12: 0 | AI12: 7 | AJ12: 0 | AK12: 61 | AL12: mC | AM12: 0,9 x 1,5-Alternado | AN12: 15.85 | AO12: 90.58 | AP12: 1435.693 | AQ12: 15.85 | AR12: 81.07 | AS12: 1284.9595 | BC12: Fechado | BD12: 45853 | BE12: 1267.27 | BF12: Propria | BG12: RAIZEN ENERGIA S/A - FILIAL IPAUSSU | BH12: =TODAY()-BD12 -> 270
B13: =CONCATENATE(I13,K13,L13) -> 900123 | C13: =CONCATENATE(I13,K13) -> 90012 | D13: 22526 | E13: 4-Ipaussu | F13: 61 | G13: Ipau | H13: 71 | I13: 9001 | J13: FAZENDA SANTA HELENA | K13: 2 | L13: 3 | M13: 6 | O13: 2.47 | P13: 0 | Q13: RB966928 | R13: Super Precoce | S13: 4 | T13: 3o. Corte | U13: 1 | V13: 44540 | W13: 355 | X13: N | Y13: N | AB13: N | AC13: S | AD13: N | AE13: N | AF13: N | AG13: 2 | AH13: 0 | AI13: 7 | AJ13: 0 | AK13: 61 | AL13: mC | AM13: 0,9 x 1,5-Alternado | AN13: 2.47 | AO13: 90.58 | AP13: 223.7326 | AQ13: 2.47 | AR13: 81.07 | AS13: 200.2429 | BC13: Fechado | BD13: 45853 | BE13: 37.57 | BF13: Propria | BG13: RAIZEN ENERGIA S/A - FILIAL IPAUSSU | BH13: =TODAY()-BD13 -> 270
B14: =CONCATENATE(I14,K14,L14) -> 900124 | C14: =CONCATENATE(I14,K14) -> 90012 | D14: 22526 | E14: 4-Ipaussu | F14: 61 | G14: Ipau | H14: 71 | I14: 9001 | J14: FAZENDA SANTA HELENA | K14: 2 | L14: 4 | M14: 6 | O14: 3.73 | P14: 0 | Q14: RB966928 | R14: Super Precoce | S14: 4 | T14: 3o. Corte | U14: 1 | V14: 44540 | W14: 355 | X14: N | Y14: N | AB14: N | AC14: S | AD14: N | AE14: N | AF14: N | AG14: 2 | AH14: 0 | AI14: 7 | AJ14: 0 | AK14: 61 | AL14: mC | AM14: 0,9 x 1,5-Alternado | AN14: 3.73 | AO14: 90.58 | AP14: 337.8634 | AQ14: 3.73 | AR14: 81.07 | AS14: 302.3911 | BC14: Fechado | BD14: 45853 | BE14: 352.86 | BF14: Propria | BG14: RAIZEN ENERGIA S/A - FILIAL IPAUSSU | BH14: =TODAY()-BD14 -> 270
B15: =CONCATENATE(I15,K15,L15) -> 900125 | C15: =CONCATENATE(I15,K15) -> 90012 | D15: 22526 | E15: 4-Ipaussu | F15: 61 | G15: Ipau | H15: 71 | I15: 9001 | J15: FAZENDA SANTA HELENA | K15: 2 | L15: 5 | M15: 6 | O15: 4.79 | P15: 0 | Q15: RB966928 | R15: Super Precoce | S15: 4 | T15: 3o. Corte | U15: 1 | V15: 44540 | W15: 355 | X15: N | Y15: N | AB15: N | AC15: S | AD15: N | AE15: N | AF15: N | AG15: 2 | AH15: 0 | AI15: 7 | AJ15: 0 | AK15: 61 | AL15: mC | AM15: 0,9 x 1,5-Alternado | AN15: 4.79 | AO15: 90.58 | AP15: 433.8782 | AQ15: 4.79 | AR15: 81.07 | AS15: 388.3253 | BC15: Fechado | BD15: 45853 | BE15: 461.07 | BF15: Propria | BG15: RAIZEN ENERGIA S/A - FILIAL IPAUSSU | BH15: =TODAY()-BD15 -> 270
B16: =CONCATENATE(I16,K16,L16) -> 900126 | C16: =CONCATENATE(I16,K16) -> 90012 | D16: 22526 | E16: 4-Ipaussu | F16: 61 | G16: Ipau | H16: 71 | I16: 9001 | J16: FAZENDA SANTA HELENA | K16: 2 | L16: 6 | M16: 6 | O16: 3.78 | P16: 0 | Q16: RB966928 | R16: Super Precoce | S16: 4 | T16: 3o. Corte | U16: 1 | V16: 44540 | W16: 355 | X16: N | Y16: N | AB16: N | AC16: S | AD16: N | AE16: N | AF16: N | AG16: 2 | AH16: 0 | AI16: 7 | AJ16: 0 | AK16: 61 | AL16: mC | AM16: 0,9 x 1,5-Alternado | AN16: 3.78 | AO16: 90.58 | AP16: 342.3924 | AQ16: 3.78 | AR16: 81.07 | AS16: 306.4446 | BC16: Fechado | BD16: 45853 | BE16: 418.23 | BF16: Propria | BG16: RAIZEN ENERGIA S/A - FILIAL IPAUSSU | BH16: =TODAY()-BD16 -> 270
B17: =CONCATENATE(I17,K17,L17) -> 900127 | C17: =CONCATENATE(I17,K17) -> 90012 | D17: 22526 | E17: 4-Ipaussu | F17: 61 | G17: Ipau | H17: 71 | I17: 9001 | J17: FAZENDA SANTA HELENA | K17: 2 | L17: 7 | M17: 6 | O17: 5.92 | P17: 0 | Q17: RB966928 | R17: Super Precoce | S17: 4 | T17: 3o. Corte | U17: 1 | V17: 44540 | W17: 355 | X17: N | Y17: N | AB17: N | AC17: S | AD17: N | AE17: N | AF17: N | AG17: 2 | AH17: 0 | AI17: 7 | AJ17: 0 | AK17: 61 | AL17: mA | AM17: 0,9 x 1,5-Alternado | AN17: 5.92 | AO17: 90.58 | AP17: 536.2336 | AQ17: 5.92 | AR17: 81.07 | AS17: 479.9344 | BC17: Fechado | BD17: 45853 | BE17: 457.86 | BF17: Propria | BG17: RAIZEN ENERGIA S/A - FILIAL IPAUSSU | BH17: =TODAY()-BD17 -> 270
B18: =CONCATENATE(I18,K18,L18) -> 900128 | C18: =CONCATENATE(I18,K18) -> 90012 | D18: 22526 | E18: 4-Ipaussu | F18: 61 | G18: Ipau | H18: 71 | I18: 9001 | J18: FAZENDA SANTA HELENA | K18: 2 | L18: 8 | M18: 1 | N18: 1 | O18: 9.82 | P18: 0 | Q18: CTC4 | R18: Super Precoce | S18: 9 | T18: 8o. Corte | U18: 1 | V18: 42940 | W18: 354 | X18: N | Y18: S | Z18: 18 Meses | AA18: MPB Manual | AB18: N | AC18: N | AD18: N | AE18: N | AF18: N | AG18: 2 | AH18: 0 | AI18: 5 | AJ18: 0 | AK18: 61 | AL18: mC | AM18: 0,9 x 1,5-Alternado | AN18: 9.82 | AO18: 52.22 | AP18: 512.8004 | AQ18: 9.82 | AR18: 40.07 | AS18: 393.4874 | BC18: Fechado | BD18: 45779 | BE18: 366.34 | BF18: Propria | BG18: RAIZEN ENERGIA S/A - FILIAL IPAUSSU | BH18: =TODAY()-BD18 -> 344
B19: =CONCATENATE(I19,K19,L19) -> 900129 | C19: =CONCATENATE(I19,K19) -> 90012 | D19: 22526 | E19: 4-Ipaussu | F19: 61 | G19: Ipau | H19: 71 | I19: 9001 | J19: FAZENDA SANTA HELENA | K19: 2 | L19: 9 | M19: 1 | N19: 1 | O19: 0.34 | P19: 0 | Q19: SP80-3280 | R19: Super Precoce | S19: 9 | T19: 8o. Corte | U19: 1 | V19: 42940 | W19: 354 | X19: N | Y19: S | Z19: 18 Meses | AA19: MPB Manual | AB19: N | AC19: N | AD19: N | AE19: N | AF19: N | AG19: 2 | AH19: 0 | AI19: 5 | AJ19: 0 | AK19: 61 | AL19: mB | AM19: 0,9 x 1,5-Alternado | AN19: 0.34 | AO19: 52.22 | AP19: 17.7548 | AQ19: 0.34 | AR19: 40.07 | AS19: 13.6238 | BC19: Fechado | BD19: 45779 | BF19: Propria | BG19: RAIZEN ENERGIA S/A - FILIAL IPAUSSU | BH19: =TODAY()-BD19 -> 344
B20: =CONCATENATE(I20,K20,L20) -> 9001210 | C20: =CONCATENATE(I20,K20) -> 90012 | D20: 22526 | E20: 4-Ipaussu | F20: 61 | G20: Ipau | H20: 71 | I20: 9001 | J20: FAZENDA SANTA HELENA | K20: 2 | L20: 10 | M20: 4 | O20: 25.28 | P20: 0 | Q20: CTC9005 | R20: Super Precoce | S20: 6 | T20: 5o. Corte | U20: 1 | V20: 44117 | W20: 350 | X20: N | Y20: N | AB20: N | AC20: S | AD20: N | AE20: N | AF20: N | AG20: 2 | AH20: 0 | AI20: 7 | AJ20: 0 | AK20: 61 | AL20: mB | AM20: 0,9 x 1,5-Alternado | AN20: 25.28 | AO20: 66.4 | AP20: 1678.592 | AQ20: 25.28 | AR20: 67.07 | AS20: 1695.5296 | BC20: Fechado | BD20: 45853 | BE20: 1873.15 | BF20: Propria | BG20: RAIZEN ENERGIA S/A - FILIAL IPAUSSU | BH20: =TODAY()-BD20 -> 270
B21: =CONCATENATE(I21,K21,L21) -> 9001211 | C21: =CONCATENATE(I21,K21) -> 90012 | D21: 22526 | E21: 4-Ipaussu | F21: 61 | G21: Ipau | H21: 71 | I21: 9001 | J21: FAZENDA SANTA HELENA | K21: 2 | L21: 11 | M21: 4 | O21: 37.52 | P21: 0 | Q21: CTC9005 | R21: Super Precoce | S21: 6 | T21: 5o. Corte | U21: 1 | V21: 44118 | W21: 350 | X21: N | Y21: N | AB21: N | AC21: S | AD21: N | AE21: N | AF21: N | AG21: 2 | AH21: 0 | AI21: 7 | AJ21: 0 | AK21: 61 | AL21: mC | AM21: 0,9 x 1,5-Alternado | AN21: 37.52 | AO21: 66.4 | AP21: 2491.328 | AQ21: 37.52 | AR21: 67.07 | AS21: 2516.4664 | BC21: Fechado | BD21: 45853 | BE21: 2335.59 | BF21: Propria | BG21: RAIZEN ENERGIA S/A - FILIAL IPAUSSU | BH21: =TODAY()-BD21 -> 270
B22: =CONCATENATE(I22,K22,L22) -> 9001212 | C22: =CONCATENATE(I22,K22) -> 90012 | D22: 22526 | E22: 4-Ipaussu | F22: 61 | G22: Ipau | H22: 71 | I22: 9001 | J22: FAZENDA SANTA HELENA | K22: 2 | L22: 12 | M22: 4 | O22: 2.35 | P22: 0 | Q22: RB966928 | R22: Precoce | S22: 4 | T22: 3o. Corte | U22: 1 | V22: 44540 | W22: 350 | X22: N | Y22: N | AB22: N | AC22: S | AD22: N | AE22: N | AF22: N | AG22: 2 | AH22: 0 | AI22: 7 | AJ22: 0 | AK22: 61 | AL22: mA | AM22: 0,9 x 1,5-Alternado | AN22: 2.35 | AO22: 90.58 | AP22: 212.863 | AQ22: 2.35 | AR22: 81.07 | AS22: 190.5145 | BC22: Fechado | BD22: 45853 | BE22: 172.67 | BF22: Propria | BG22: RAIZEN ENERGIA S/A - FILIAL IPAUSSU | BH22: =TODAY()-BD22 -> 270
B23: =CONCATENATE(I23,K23,L23) -> 900131 | C23: =CONCATENATE(I23,K23) -> 90013 | D23: 22526 | E23: 4-Ipaussu | F23: 61 | G23: Ipau | H23: 71 | I23: 9001 | J23: FAZENDA SANTA HELENA | K23: 3 | L23: 1 | M23: 3 | O23: 6.02 | P23: 0 | Q23: IACSP95-5000 | R23: Precoce | S23: 7 | T23: 6o. Corte | U23: 1 | V23: 43782 | W23: 352 | X23: N | Y23: N | AB23: N | AC23: S | AD23: S | AE23: N | AF23: N | AG23: 2 | AH23: 0 | AI23: 8 | AJ23: 0 | AK23: 61 | AL23: mA | AM23: 0,9 x 1,5-Alternado | AN23: 6.02 | AO23: 64.81 | AP23: 390.1562 | AQ23: 6.02 | AR23: 55.07 | AS23: 331.5214 | BC23: Fechado | BD23: 45872 | BE23: 181.96 | BF23: Propria | BG23: RAIZEN ENERGIA S/A - FILIAL IPAUSSU | BH23: =TODAY()-BD23 -> 251
B24: =CONCATENATE(I24,K24,L24) -> 900132 | C24: =CONCATENATE(I24,K24) -> 90013 | D24: 22526 | E24: 4-Ipaussu | F24: 61 | G24: Ipau | H24: 71 | I24: 9001 | J24: FAZENDA SANTA HELENA | K24: 3 | L24: 2 | M24: 90 | O24: 0.32 | P24: 0 | Q24: IACSP95-5000 | R24: Precoce | S24: 7 | T24: 6o. Corte | U24: 1 | V24: 43782 | W24: 360 | X24: N | Y24: N | AB24: N | AC24: S | AD24: S | AE24: N | AF24: N | AG24: 2 | AH24: 0 | AI24: 8 | AJ24: 0 | AK24: 61 | AL24: mA | AM24: 0,9 x 1,5-Alternado | AN24: 0.32 | AO24: 64.81 | AP24: 20.7392 | AQ24: 0.32 | AR24: 55.07 | AS24: 17.6224 | BC24: Fechado | BD24: 45872 | BE24: 41.54 | BF24: Propria | BG24: RAIZEN ENERGIA S/A - FILIAL IPAUSSU | BH24: =TODAY()-BD24 -> 251
B25: =CONCATENATE(I25,K25,L25) -> 900133 | C25: =CONCATENATE(I25,K25) -> 90013 | D25: 22526 | E25: 4-Ipaussu | F25: 61 | G25: Ipau | H25: 71 | I25: 9001 | J25: FAZENDA SANTA HELENA | K25: 3 | L25: 3 | M25: 90 | O25: 4.72 | P25: 0 | Q25: IACSP95-5000 | R25: Precoce | S25: 7 | T25: 6o. Corte | U25: 1 | V25: 43782 | W25: 360 | X25: N | Y25: N | AB25: N | AC25: S | AD25: S | AE25: N | AF25: N | AG25: 2 | AH25: 0 | AI25: 8 | AJ25: 0 | AK25: 61 | AL25: mB | AM25: 0,9 x 1,5-Alternado | AN25: 4.72 | AO25: 64.81 | AP25: 305.9032 | AQ25: 4.72 | AR25: 55.07 | AS25: 259.9304 | BC25: Fechado | BD25: 45872 | BE25: 167.6 | BF25: Propria | BG25: RAIZEN ENERGIA S/A - FILIAL IPAUSSU | BH25: =TODAY()-BD25 -> 251
B26: =CONCATENATE(I26,K26,L26) -> 900134 | C26: =CONCATENATE(I26,K26) -> 90013 | D26: 22526 | E26: 4-Ipaussu | F26: 61 | G26: Ipau | H26: 71 | I26: 9001 | J26: FAZENDA SANTA HELENA | K26: 3 | L26: 4 | M26: 3 | O26: 3.94 | P26: 0 | Q26: IACSP95-5000 | R26: Precoce | S26: 7 | T26: 6o. Corte | U26: 1 | V26: 43782 | W26: 352 | X26: N | Y26: N | AB26: N | AC26: S | AD26: S | AE26: N | AF26: N | AG26: 2 | AH26: 0 | AI26: 8 | AJ26: 0 | AK26: 61 | AL26: mB | AM26: 0,9 x 1,5-Alternado | AN26: 3.94 | AO26: 64.81 | AP26: 255.3514 | AQ26: 3.94 | AR26: 55.07 | AS26: 216.9758 | BC26: Fechado | BD26: 45872 | BE26: 243.38 | BF26: Propria | BG26: RAIZEN ENERGIA S/A - FILIAL IPAUSSU | BH26: =TODAY()-BD26 -> 251
B27: =CONCATENATE(I27,K27,L27) -> 900135 | C27: =CONCATENATE(I27,K27) -> 90013 | D27: 22526 | E27: 4-Ipaussu | F27: 61 | G27: Ipau | H27: 71 | I27: 9001 | J27: FAZENDA SANTA HELENA | K27: 3 | L27: 5 | M27: 3 | O27: 20.88 | P27: 0 | Q27: IACSP95-5000 | R27: Precoce | S27: 7 | T27: 6o. Corte | U27: 1 | V27: 43782 | W27: 352 | X27: N | Y27: N | AB27: N | AC27: S | AD27: S | AE27: N | AF27: N | AG27: 2 | AH27: 0 | AI27: 8 | AJ27: 0 | AK27: 61 | AL27: mA | AM27: 0,9 x 1,5-Alternado | AN27: 20.88 | AO27: 64.81 | AP27: 1353.2328 | AQ27: 20.88 | AR27: 55.07 | AS27: 1149.8616 | BC27: Fechado | BD27: 45872 | BE27: 625.26 | BF27: Propria | BG27: RAIZEN ENERGIA S/A - FILIAL IPAUSSU | BH27: =TODAY()-BD27 -> 251
B28: =CONCATENATE(I28,K28,L28) -> 900136 | C28: =CONCATENATE(I28,K28) -> 90013 | D28: 22526 | E28: 4-Ipaussu | F28: 61 | G28: Ipau | H28: 71 | I28: 9001 | J28: FAZENDA SANTA HELENA | K28: 3 | L28: 6 | M28: 3 | O28: 12.31 | P28: 0 | Q28: RB966928 | R28: Precoce | S28: 8 | T28: 7o. Corte | U28: 1 | V28: 43084 | W28: 352 | X28: N | Y28: N | AB28: N | AC28: S | AD28: S | AE28: N | AF28: N | AG28: 2 | AH28: 0 | AI28: 8 | AJ28: 0 | AK28: 61 | AL28: mA | AM28: 0,9 x 1,5-Alternado | AN28: 12.31 | AO28: 68.56 | AP28: 843.9736 | AQ28: 12.31 | AR28: 55.07 | AS28: 677.9117 | BC28: Fechado | BD28: 45872 | BE28: 415.58 | BF28: Propria | BG28: RAIZEN ENERGIA S/A - FILIAL IPAUSSU | BH28: =TODAY()-BD28 -> 251
B29: =CONCATENATE(I29,K29,L29) -> 900137 | C29: =CONCATENATE(I29,K29) -> 90013 | D29: 22526 | E29: 4-Ipaussu | F29: 61 | G29: Ipau | H29: 71 | I29: 9001 | J29: FAZENDA SANTA HELENA | K29: 3 | L29: 7 | M29: 3 | O29: 11.12 | P29: 0 | Q29: RB966928 | R29: Precoce | S29: 8 | T29: 7o. Corte | U29: 1 | V29: 43084 | W29: 352 | X29: N | Y29: N | AB29: N | AC29: S | AD29: S | AE29: N | AF29: N | AG29: 2 | AH29: 0 | AI29: 8 | AJ29: 0 | AK29: 61 | AL29: mB | AM29: 0,9 x 1,5-Alternado | AN29: 11.12 | AO29: 68.56 | AP29: 762.3872 | AQ29: 11.12 | AR29: 55.07 | AS29: 612.3784 | BC29: Fechado | BD29: 45872 | BE29: 461.6 | BF29: Propria | BG29: RAIZEN ENERGIA S/A - FILIAL IPAUSSU | BH29: =TODAY()-BD29 -> 251
B30: =CONCATENATE(I30,K30,L30) -> 900138 | C30: =CONCATENATE(I30,K30) -> 90013 | D30: 22526 | E30: 4-Ipaussu | F30: 61 | G30: Ipau | H30: 71 | I30: 9001 | J30: FAZENDA SANTA HELENA | K30: 3 | L30: 8 | M30: 3 | O30: 3.62 | P30: 0 | Q30: RB966928 | R30: Precoce | S30: 8 | T30: 7o. Corte | U30: 1 | V30: 43084 | W30: 352 | X30: N | Y30: N | AB30: N | AC30: S | AD30: S | AE30: N | AF30: N | AG30: 2 | AH30: 0 | AI30: 8 | AJ30: 0 | AK30: 61 | AL30: mA | AM30: 0,9 x 1,5-Alternado | AN30: 3.62 | AO30: 68.56 | AP30: 248.1872 | AQ30: 3.62 | AR30: 55.07 | AS30: 199.3534 | BC30: Fechado | BD30: 45872 | BE30: 269.28 | BF30: Propria | BG30: RAIZEN ENERGIA S/A - FILIAL IPAUSSU | BH30: =TODAY()-BD30 -> 251
B31: =CONCATENATE(I31,K31,L31) -> 900139 | C31: =CONCATENATE(I31,K31) -> 90013 | D31: 22526 | E31: 4-Ipaussu | F31: 61 | G31: Ipau | H31: 71 | I31: 9001 | J31: FAZENDA SANTA HELENA | K31: 3 | L31: 9 | M31: 3 | O31: 7.55 | P31: 0 | Q31: RB966928 | R31: Precoce | S31: 8 | T31: 7o. Corte | U31: 1 | V31: 43084 | W31: 352 | X31: N | Y31: N | AB31: N | AC31: S | AD31: S | AE31: N | AF31: N | AG31: 2 | AH31: 0 | AI31: 8 | AJ31: 0 | AK31: 61 | AL31: mA | AM31: 0,9 x 1,5-Alternado | AN31: 7.55 | AO31: 68.56 | AP31: 517.628 | AQ31: 7.55 | AR31: 55.07 | AS31: 415.7785 | BC31: Fechado | BD31: 45872 | BE31: 438.39 | BF31: Propria | BG31: RAIZEN ENERGIA S/A - FILIAL IPAUSSU | BH31: =TODAY()-BD31 -> 251
B32: =CONCATENATE(I32,K32,L32) -> 9001310 | C32: =CONCATENATE(I32,K32) -> 90013 | D32: 22526 | E32: 4-Ipaussu | F32: 61 | G32: Ipau | H32: 71 | I32: 9001 | J32: FAZENDA SANTA HELENA | K32: 3 | L32: 10 | M32: 3 | O32: 16.87 | P32: 0 | Q32: RB966928 | R32: Precoce | S32: 8 | T32: 7o. Corte | U32: 1 | V32: 43083 | W32: 352 | X32: N | Y32: N | AB32: N | AC32: S | AD32: S | AE32: N | AF32: N | AG32: 2 | AH32: 0 | AI32: 8 | AJ32: 0 | AK32: 61 | AL32: mA | AM32: 0,9 x 1,5-Alternado | AN32: 16.87 | AO32: 68.56 | AP32: 1156.6072 | AQ32: 16.87 | AR32: 55.07 | AS32: 929.0309 | BC32: Fechado | BD32: 45872 | BE32: 635.05 | BF32: Propria | BG32: RAIZEN ENERGIA S/A - FILIAL IPAUSSU | BH32: =TODAY()-BD32 -> 251
B33: =CONCATENATE(I33,K33,L33) -> 9001311 | C33: =CONCATENATE(I33,K33) -> 90013 | D33: 22526 | E33: 4-Ipaussu | F33: 61 | G33: Ipau | H33: 71 | I33: 9001 | J33: FAZENDA SANTA HELENA | K33: 3 | L33: 11 | M33: 3 | O33: 1.26 | P33: 0 | Q33: RB966928 | R33: Precoce | S33: 8 | T33: 7o. Corte | U33: 1 | V33: 43084 | W33: 352 | X33: N | Y33: N | AB33: N | AC33: S | AD33: S | AE33: N | AF33: N | AG33: 2 | AH33: 0 | AI33: 8 | AJ33: 0 | AK33: 61 | AL33: mA | AM33: 0,9 x 1,5-Alternado | AN33: 1.26 | AO33: 68.56 | AP33: 86.3856 | AQ33: 1.26 | AR33: 55.07 | AS33: 69.3882 | BC33: Fechado | BD33: 45872 | BF33: Propria | BG33: RAIZEN ENERGIA S/A - FILIAL IPAUSSU | BH33: =TODAY()-BD33 -> 251
B34: =CONCATENATE(I34,K34,L34) -> 9001312 | C34: =CONCATENATE(I34,K34) -> 90013 | D34: 22526 | E34: 4-Ipaussu | F34: 61 | G34: Ipau | H34: 71 | I34: 9001 | J34: FAZENDA SANTA HELENA | K34: 3 | L34: 12 | M34: 3 | O34: 12.55 | P34: 0 | Q34: RB966928 | R34: Precoce | S34: 8 | T34: 7o. Corte | U34: 1 | V34: 43084 | W34: 352 | X34: N | Y34: N | AB34: N | AC34: S | AD34: S | AE34: N | AF34: N | AG34: 2 | AH34: 0 | AI34: 8 | AJ34: 0 | AK34: 61 | AL34: mA | AM34: 0,9 x 1,5-Alternado | AN34: 12.55 | AO34: 68.56 | AP34: 860.428 | AQ34: 12.55 | AR34: 55.07 | AS34: 691.1285 | BC34: Fechado | BD34: 45872 | BE34: 295.12 | BF34: Propria | BG34: RAIZEN ENERGIA S/A - FILIAL IPAUSSU | BH34: =TODAY()-BD34 -> 251
B35: =CONCATENATE(I35,K35,L35) -> 9001313 | C35: =CONCATENATE(I35,K35) -> 90013 | D35: 22526 | E35: 4-Ipaussu | F35: 61 | G35: Ipau | H35: 71 | I35: 9001 | J35: FAZENDA SANTA HELENA | K35: 3 | L35: 13 | M35: 3 | O35: 3.99 | P35: 0 | Q35: IACSP95-5000 | R35: Precoce | S35: 7 | T35: 6o. Corte | U35: 1 | V35: 43782 | W35: 352 | X35: N | Y35: N | AB35: N | AC35: S | AD35: S | AE35: N | AF35: N | AG35: 2 | AH35: 0 | AI35: 8 | AJ35: 0 | AK35: 61 | AL35: mA | AM35: 0,9 x 1,5-Alternado | AN35: 3.99 | AO35: 64.81 | AP35: 258.5919 | AQ35: 3.99 | AR35: 55.07 | AS35: 219.7293 | BC35: Fechado | BD35: 45872 | BE35: 349.01 | BF35: Propria | BG35: RAIZEN ENERGIA S/A - FILIAL IPAUSSU | BH35: =TODAY()-BD35 -> 251
B36: =CONCATENATE(I36,K36,L36) -> 9001314 | C36: =CONCATENATE(I36,K36) -> 90013 | D36: 22526 | E36: 4-Ipaussu | F36: 61 | G36: Ipau | H36: 71 | I36: 9001 | J36: FAZENDA SANTA HELENA | K36: 3 | L36: 14 | M36: 3 | O36: 12.01 | P36: 0 | Q36: IACSP95-5000 | R36: Precoce | S36: 7 | T36: 6o. Corte | U36: 1 | V36: 43782 | W36: 352 | X36: N | Y36: N | AB36: N | AC36: S | AD36: S | AE36: N | AF36: N | AG36: 2 | AH36: 0 | AI36: 8 | AJ36: 0 | AK36: 61 | AL36: mA | AM36: 0,9 x 1,5-Alternado | AN36: 12.01 | AO36: 64.81 | AP36: 778.3681 | AQ36: 12.01 | AR36: 55.07 | AS36: 661.3907 | BC36: Fechado | BD36: 45872 | BE36: 153.18 | BF36: Propria | BG36: RAIZEN ENERGIA S/A - FILIAL IPAUSSU | BH36: =TODAY()-BD36 -> 251
B37: =CONCATENATE(I37,K37,L37) -> 9001315 | C37: =CONCATENATE(I37,K37) -> 90013 | D37: 22526 | E37: 4-Ipaussu | F37: 61 | G37: Ipau | H37: 71 | I37: 9001 | J37: FAZENDA SANTA HELENA | K37: 3 | L37: 15 | M37: 3 | O37: 13.52 | P37: 0 | Q37: IACSP95-5000 | R37: Precoce | S37: 7 | T37: 6o. Corte | U37: 1 | V37: 43782 | W37: 352 | X37: N | Y37: N | AB37: N | AC37: S | AD37: S | AE37: N | AF37: N | AG37: 2 | AH37: 0 | AI37: 8 | AJ37: 0 | AK37: 61 | AL37: mA | AM37: 0,9 x 1,5-Alternado | AN37: 13.52 | AO37: 64.81 | AP37: 876.2312 | AQ37: 13.52 | AR37: 55.07 | AS37: 744.5464 | BC37: Fechado | BD37: 45872 | BE37: 500.01 | BF37: Propria | BG37: RAIZEN ENERGIA S/A - FILIAL IPAUSSU | BH37: =TODAY()-BD37 -> 251
B38: =CONCATENATE(I38,K38,L38) -> 9001317 | C38: =CONCATENATE(I38,K38) -> 90013 | D38: 22526 | E38: 4-Ipaussu | F38: 61 | G38: Ipau | H38: 71 | I38: 9001 | J38: FAZENDA SANTA HELENA | K38: 3 | L38: 17 | M38: 3 | O38: 0.25 | P38: 0 | Q38: IACSP95-5000 | R38: Precoce | S38: 7 | T38: 6o. Corte | U38: 1 | V38: 43782 | W38: 352 | X38: N | Y38: N | AB38: N | AC38: S | AD38: S | AE38: N | AF38: N | AG38: 2 | AH38: 0 | AI38: 8 | AJ38: 0 | AK38: 61 | AL38: mA | AM38: 0,9 x 1,5-Alternado | AN38: 0.25 | AO38: 64.81 | AP38: 16.2025 | AQ38: 0.25 | AR38: 55.07 | AS38: 13.7675 | BC38: Fechado | BD38: 45872 | BF38: Propria | BG38: RAIZEN ENERGIA S/A - FILIAL IPAUSSU | BH38: =TODAY()-BD38 -> 251
B39: =CONCATENATE(I39,K39,L39) -> 9001318 | C39: =CONCATENATE(I39,K39) -> 90013 | D39: 22526 | E39: 4-Ipaussu | F39: 61 | G39: Ipau | H39: 71 | I39: 9001 | J39: FAZENDA SANTA HELENA | K39: 3 | L39: 18 | M39: 3 | O39: 0.25 | P39: 0 | Q39: IACSP95-5000 | R39: Precoce | S39: 7 | T39: 6o. Corte | U39: 1 | V39: 43782 | W39: 352 | X39: N | Y39: N | AB39: N | AC39: S | AD39: S | AE39: N | AF39: N | AG39: 2 | AH39: 0 | AI39: 8 | AJ39: 0 | AK39: 61 | AL39: mA | AM39: 0,9 x 1,5-Alternado | AN39: 0.25 | AO39: 64.81 | AP39: 16.2025 | AQ39: 0.25 | AR39: 55.07 | AS39: 13.7675 | BC39: Fechado | BD39: 45872 | BF39: Propria | BG39: RAIZEN ENERGIA S/A - FILIAL IPAUSSU | BH39: =TODAY()-BD39 -> 251
B40: =CONCATENATE(I40,K40,L40) -> 900141 | C40: =CONCATENATE(I40,K40) -> 90014 | D40: 22526 | E40: 4-Ipaussu | F40: 61 | G40: Ipau | H40: 71 | I40: 9001 | J40: FAZENDA SANTA HELENA | K40: 4 | L40: 1 | M40: 2 | O40: 5.01 | P40: 0 | Q40: IACSP95-5000 | R40: Precoce | S40: 7 | T40: 6o. Corte | U40: 1 | V40: 43781 | W40: 352 | X40: N | Y40: N | AB40: N | AC40: S | AD40: S | AE40: N | AF40: N | AG40: 2 | AH40: 0 | AI40: 10 | AJ40: 0 | AK40: 61 | AL40: mB | AM40: 0,9 x 1,5-Alternado | AN40: 5.01 | AO40: 64.81 | AP40: 324.6981 | AQ40: 5.01 | AR40: 55.07 | AS40: 275.9007 | BC40: Fechado | BD40: 45872 | BE40: 282.06 | BF40: Propria | BG40: RAIZEN ENERGIA S/A - FILIAL IPAUSSU | BH40: =TODAY()-BD40 -> 251
B41: =CONCATENATE(I41,K41,L41) -> 900142 | C41: =CONCATENATE(I41,K41) -> 90014 | D41: 22526 | E41: 4-Ipaussu | F41: 61 | G41: Ipau | H41: 71 | I41: 9001 | J41: FAZENDA SANTA HELENA | K41: 4 | L41: 2 | M41: 2 | O41: 7.46 | P41: 0 | Q41: IACSP95-5000 | R41: Precoce | S41: 7 | T41: 6o. Corte | U41: 1 | V41: 43781 | W41: 352 | X41: N | Y41: N | AB41: N | AC41: S | AD41: S | AE41: N | AF41: N | AG41: 2 | AH41: 0 | AI41: 10 | AJ41: 0 | AK41: 61 | AL41: mA | AM41: 0,9 x 1,5-Alternado | AN41: 7.46 | AO41: 64.81 | AP41: 483.4826 | AQ41: 7.46 | AR41: 55.07 | AS41: 410.8222 | BC41: Fechado | BD41: 45872 | BE41: 303.13 | BF41: Propria | BG41: RAIZEN ENERGIA S/A - FILIAL IPAUSSU | BH41: =TODAY()-BD41 -> 251
B42: =CONCATENATE(I42,K42,L42) -> 900143 | C42: =CONCATENATE(I42,K42) -> 90014 | D42: 22526 | E42: 4-Ipaussu | F42: 61 | G42: Ipau | H42: 71 | I42: 9001 | J42: FAZENDA SANTA HELENA | K42: 4 | L42: 3 | M42: 2 | O42: 6.13 | P42: 0 | Q42: IACSP95-5000 | R42: Precoce | S42: 7 | T42: 6o. Corte | U42: 1 | V42: 43781 | W42: 352 | X42: N | Y42: N | AB42: N | AC42: S | AD42: S | AE42: N | AF42: N | AG42: 2 | AH42: 0 | AI42: 10 | AJ42: 0 | AK42: 61 | AL42: mB | AM42: 0,9 x 1,5-Alternado | AN42: 6.13 | AO42: 64.81 | AP42: 397.2853 | AQ42: 6.13 | AR42: 55.07 | AS42: 337.5791 | BC42: Fechado | BD42: 45872 | BE42: 338.28 | BF42: Propria | BG42: RAIZEN ENERGIA S/A - FILIAL IPAUSSU | BH42: =TODAY()-BD42 -> 251
B43: =CONCATENATE(I43,K43,L43) -> 900144 | C43: =CONCATENATE(I43,K43) -> 90014 | D43: 22526 | E43: 4-Ipaussu | F43: 61 | G43: Ipau | H43: 71 | I43: 9001 | J43: FAZENDA SANTA HELENA | K43: 4 | L43: 4 | M43: 2 | O43: 5.17 | P43: 0 | Q43: IACSP95-5000 | R43: Precoce | S43: 7 | T43: 6o. Corte | U43: 1 | V43: 43781 | W43: 352 | X43: N | Y43: N | AB43: N | AC43: S | AD43: S | AE43: N | AF43: N | AG43: 2 | AH43: 0 | AI43: 10 | AJ43: 0 | AK43: 61 | AL43: mA | AM43: 0,9 x 1,5-Alternado | AN43: 5.17 | AO43: 64.81 | AP43: 335.0677 | AQ43: 5.17 | AR43: 55.07 | AS43: 284.7119 | BC43: Fechado | BD43: 45872 | BE43: 135.92 | BF43: Propria | BG43: RAIZEN ENERGIA S/A - FILIAL IPAUSSU | BH43: =TODAY()-BD43 -> 251
B44: =CONCATENATE(I44,K44,L44) -> 900145 | C44: =CONCATENATE(I44,K44) -> 90014 | D44: 22526 | E44: 4-Ipaussu | F44: 61 | G44: Ipau | H44: 71 | I44: 9001 | J44: FAZENDA SANTA HELENA | K44: 4 | L44: 5 | M44: 1 | N44: 6 | O44: 3.27 | P44: 0 | Q44: RB966928 | R44: Precoce | S44: 8 | T44: 7o. Corte | U44: 1 | V44: 43082 | W44: 354 | X44: N | Y44: N | AB44: N | AC44: S | AD44: N | AE44: N | AF44: N | AG44: 2 | AH44: 0 | AI44: 10 | AJ44: 0 | AK44: 61 | AL44: mA | AM44: 0,9 x 1,5-Alternado | AN44: 3.27 | AO44: 68.56 | AP44: 224.1912 | AQ44: 3.27 | AR44: 55.07 | AS44: 180.0789 | BC44: Fechado | BD44: 45872 | BE44: 197.07 | BF44: Propria | BG44: RAIZEN ENERGIA S/A - FILIAL IPAUSSU | BH44: =TODAY()-BD44 -> 251
B45: =CONCATENATE(I45,K45,L45) -> 900146 | C45: =CONCATENATE(I45,K45) -> 90014 | D45: 22526 | E45: 4-Ipaussu | F45: 61 | G45: Ipau | H45: 71 | I45: 9001 | J45: FAZENDA SANTA HELENA | K45: 4 | L45: 6 | M45: 1 | N45: 6 | O45: 19.87 | P45: 0 | Q45: RB966928 | R45: Precoce | S45: 8 | T45: 7o. Corte | U45: 1 | V45: 43082 | W45: 354 | X45: N | Y45: N | AB45: N | AC45: S | AD45: N | AE45: N | AF45: N | AG45: 2 | AH45: 0 | AI45: 10 | AJ45: 0 | AK45: 61 | AL45: mA | AM45: 0,9 x 1,5-Alternado | AN45: 19.87 | AO45: 68.56 | AP45: 1362.2872 | AQ45: 19.87 | AR45: 55.07 | AS45: 1094.2409 | BC45: Fechado | BD45: 45872 | BE45: 652.35 | BF45: Propria | BG45: RAIZEN ENERGIA S/A - FILIAL IPAUSSU | BH45: =TODAY()-BD45 -> 251
B46: =CONCATENATE(I46,K46,L46) -> 900147 | C46: =CONCATENATE(I46,K46) -> 90014 | D46: 22526 | E46: 4-Ipaussu | F46: 61 | G46: Ipau | H46: 71 | I46: 9001 | J46: FAZENDA SANTA HELENA | K46: 4 | L46: 7 | M46: 1 | N46: 6 | O46: 4.27 | P46: 0 | Q46: RB966928 | R46: Precoce | S46: 8 | T46: 7o. Corte | U46: 1 | V46: 43082 | W46: 354 | X46: N | Y46: N | AB46: N | AC46: S | AD46: N | AE46: N | AF46: N | AG46: 2 | AH46: 0 | AI46: 10 | AJ46: 0 | AK46: 61 | AL46: mA | AM46: 0,9 x 1,5-Alternado | AN46: 4.27 | AO46: 68.56 | AP46: 292.7512 | AQ46: 4.27 | AR46: 55.07 | AS46: 235.1489 | BC46: Fechado | BD46: 45872 | BE46: 137.64 | BF46: Propria | BG46: RAIZEN ENERGIA S/A - FILIAL IPAUSSU | BH46: =TODAY()-BD46 -> 251
B47: =CONCATENATE(I47,K47,L47) -> 900148 | C47: =CONCATENATE(I47,K47) -> 90014 | D47: 22526 | E47: 4-Ipaussu | F47: 61 | G47: Ipau | H47: 71 | I47: 9001 | J47: FAZENDA SANTA HELENA | K47: 4 | L47: 8 | M47: 1 | N47: 6 | O47: 15.87 | P47: 0 | Q47: RB966928 | R47: Precoce | S47: 8 | T47: 7o. Corte | U47: 1 | V47: 43081 | W47: 354 | X47: N | Y47: N | AB47: N | AC47: S | AD47: N | AE47: N | AF47: N | AG47: 2 | AH47: 0 | AI47: 10 | AJ47: 0 | AK47: 61 | AL47: mA | AM47: 0,9 x 1,5-Alternado | AN47: 15.87 | AO47: 68.56 | AP47: 1088.0472 | AQ47: 15.87 | AR47: 55.07 | AS47: 873.9609 | BC47: Fechado | BD47: 45872 | BE47: 701.12 | BF47: Propria | BG47: RAIZEN ENERGIA S/A - FILIAL IPAUSSU | BH47: =TODAY()-BD47 -> 251
B48: =CONCATENATE(I48,K48,L48) -> 900149 | C48: =CONCATENATE(I48,K48) -> 90014 | D48: 22526 | E48: 4-Ipaussu | F48: 61 | G48: Ipau | H48: 71 | I48: 9001 | J48: FAZENDA SANTA HELENA | K48: 4 | L48: 9 | M48: 1 | N48: 6 | O48: 8.07 | P48: 0 | Q48: RB966928 | R48: Precoce | S48: 8 | T48: 7o. Corte | U48: 1 | V48: 43082 | W48: 354 | X48: N | Y48: N | AB48: N | AC48: S | AD48: N | AE48: N | AF48: N | AG48: 2 | AH48: 0 | AI48: 10 | AJ48: 0 | AK48: 61 | AL48: mA | AM48: 0,9 x 1,5-Alternado | AN48: 8.07 | AO48: 68.56 | AP48: 553.2792 | AQ48: 8.07 | AR48: 55.07 | AS48: 444.4149 | BC48: Fechado | BD48: 45872 | BE48: 455.34 | BF48: Propria | BG48: RAIZEN ENERGIA S/A - FILIAL IPAUSSU | BH48: =TODAY()-BD48 -> 251
B49: =CONCATENATE(I49,K49,L49) -> 9001410 | C49: =CONCATENATE(I49,K49) -> 90014 | D49: 22526 | E49: 4-Ipaussu | F49: 61 | G49: Ipau | H49: 71 | I49: 9001 | J49: FAZENDA SANTA HELENA | K49: 4 | L49: 10 | M49: 1 | N49: 6 | O49: 7.31 | P49: 0 | Q49: RB966928 | R49: Precoce | S49: 8 | T49: 7o. Corte | U49: 1 | V49: 43082 | W49: 354 | X49: N | Y49: N | AB49: N | AC49: S | AD49: N | AE49: N | AF49: N | AG49: 2 | AH49: 0 | AI49: 10 | AJ49: 0 | AK49: 61 | AL49: mA | AM49: 0,9 x 1,5-Alternado | AN49: 7.31 | AO49: 68.56 | AP49: 501.1736 | AQ49: 7.31 | AR49: 55.07 | AS49: 402.5617 | BC49: Fechado | BD49: 45872 | BE49: 471.23 | BF49: Propria | BG49: RAIZEN ENERGIA S/A - FILIAL IPAUSSU | BH49: =TODAY()-BD49 -> 251
B50: =CONCATENATE(I50,K50,L50) -> 9001411 | C50: =CONCATENATE(I50,K50) -> 90014 | D50: 22526 | E50: 4-Ipaussu | F50: 61 | G50: Ipau | H50: 71 | I50: 9001 | J50: FAZENDA SANTA HELENA | K50: 4 | L50: 11 | M50: 1 | N50: 6 | O50: 9.05 | P50: 0 | Q50: RB966928 | R50: Precoce | S50: 8 | T50: 7o. Corte | U50: 1 | V50: 43081 | W50: 354 | X50: N | Y50: N | AB50: N | AC50: S | AD50: N | AE50: N | AF50: N | AG50: 2 | AH50: 0 | AI50: 10 | AJ50: 0 | AK50: 61 | AL50: mA | AM50: 0,9 x 1,5-Alternado | AN50: 9.05 | AO50: 68.56 | AP50: 620.468 | AQ50: 9.05 | AR50: 55.07 | AS50: 498.3835 | BC50: Fechado | BD50: 45872 | BE50: 158.35 | BF50: Propria | BG50: RAIZEN ENERGIA S/A - FILIAL IPAUSSU | BH50: =TODAY()-BD50 -> 251
B51: =CONCATENATE(I51,K51,L51) -> 9001412 | C51: =CONCATENATE(I51,K51) -> 90014 | D51: 22526 | E51: 4-Ipaussu | F51: 61 | G51: Ipau | H51: 71 | I51: 9001 | J51: FAZENDA SANTA HELENA | K51: 4 | L51: 12 | M51: 1 | N51: 6 | O51: 10.9 | P51: 0 | Q51: RB966928 | R51: Precoce | S51: 8 | T51: 7o. Corte | U51: 1 | V51: 43083 | W51: 354 | X51: N | Y51: N | AB51: N | AC51: S | AD51: N | AE51: N | AF51: N | AG51: 2 | AH51: 0 | AI51: 10 | AJ51: 0 | AK51: 61 | AL51: mA | AM51: 0,9 x 1,5-Alternado | AN51: 10.9 | AO51: 68.56 | AP51: 747.304 | AQ51: 10.9 | AR51: 55.07 | AS51: 600.263 | BC51: Fechado | BD51: 45872 | BE51: 482.63 | BF51: Propria | BG51: RAIZEN ENERGIA S/A - FILIAL IPAUSSU | BH51: =TODAY()-BD51 -> 251
B52: =CONCATENATE(I52,K52,L52) -> 9001413 | C52: =CONCATENATE(I52,K52) -> 90014 | D52: 22526 | E52: 4-Ipaussu | F52: 61 | G52: Ipau | H52: 71 | I52: 9001 | J52: FAZENDA SANTA HELENA | K52: 4 | L52: 13 | M52: 1 | N52: 6 | O52: 15.12 | P52: 0 | Q52: RB966928 | R52: Precoce | S52: 8 | T52: 7o. Corte | U52: 1 | V52: 43082 | W52: 354 | X52: N | Y52: N | AB52: N | AC52: S | AD52: N | AE52: N | AF52: N | AG52: 2 | AH52: 0 | AI52: 10 | AJ52: 0 | AK52: 61 | AL52: mA | AM52: 0,9 x 1,5-Alternado | AN52: 15.12 | AO52: 68.56 | AP52: 1036.6272 | AQ52: 15.12 | AR52: 55.07 | AS52: 832.6584 | BC52: Fechado | BD52: 45872 | BE52: 409.78 | BF52: Propria | BG52: RAIZEN ENERGIA S/A - FILIAL IPAUSSU | BH52: =TODAY()-BD52 -> 251
B53: =CONCATENATE(I53,K53,L53) -> 9001414 | C53: =CONCATENATE(I53,K53) -> 90014 | D53: 22526 | E53: 4-Ipaussu | F53: 61 | G53: Ipau | H53: 71 | I53: 9001 | J53: FAZENDA SANTA HELENA | K53: 4 | L53: 14 | M53: 1 | N53: 6 | O53: 10.14 | P53: 0 | Q53: RB966928 | R53: Precoce | S53: 8 | T53: 7o. Corte | U53: 1 | V53: 43082 | W53: 354 | X53: N | Y53: N | AB53: N | AC53: S | AD53: N | AE53: N | AF53: N | AG53: 2 | AH53: 0 | AI53: 10 | AJ53: 0 | AK53: 61 | AL53: mA | AM53: 0,9 x 1,5-Alternado | AN53: 10.14 | AO53: 68.56 | AP53: 695.1984 | AQ53: 10.14 | AR53: 55.07 | AS53: 558.4098 | BC53: Fechado | BD53: 45872 | BE53: 433.82 | BF53: Propria | BG53: RAIZEN ENERGIA S/A - FILIAL IPAUSSU | BH53: =TODAY()-BD53 -> 251
B54: =CONCATENATE(I54,K54,L54) -> 9001415 | C54: =CONCATENATE(I54,K54) -> 90014 | D54: 22526 | E54: 4-Ipaussu | F54: 61 | G54: Ipau | H54: 71 | I54: 9001 | J54: FAZENDA SANTA HELENA | K54: 4 | L54: 15 | M54: 1 | N54: 6 | O54: 1.82 | P54: 0 | Q54: RB966928 | R54: Precoce | S54: 8 | T54: 7o. Corte | U54: 1 | V54: 43083 | W54: 354 | X54: N | Y54: N | AB54: N | AC54: S | AD54: N | AE54: N | AF54: N | AG54: 2 | AH54: 0 | AI54: 10 | AJ54: 0 | AK54: 61 | AL54: mA | AM54: 0,9 x 1,5-Alternado | AN54: 1.82 | AO54: 68.56 | AP54: 124.7792 | AQ54: 1.82 | AR54: 55.07 | AS54: 100.2274 | BC54: Fechado | BD54: 45872 | BE54: 208.31 | BF54: Propria | BG54: RAIZEN ENERGIA S/A - FILIAL IPAUSSU | BH54: =TODAY()-BD54 -> 251
B55: =CONCATENATE(I55,K55,L55) -> 9001416 | C55: =CONCATENATE(I55,K55) -> 90014 | D55: 22526 | E55: 4-Ipaussu | F55: 61 | G55: Ipau | H55: 71 | I55: 9001 | J55: FAZENDA SANTA HELENA | K55: 4 | L55: 16 | M55: 1 | N55: 6 | O55: 0.24 | P55: 0 | Q55: RB966928 | R55: Precoce | S55: 7 | T55: 6o. Corte | U55: 1 | V55: 43082 | W55: 354 | X55: N | Y55: N | AB55: N | AC55: S | AD55: N | AE55: N | AF55: N | AG55: 2 | AH55: 0 | AI55: 10 | AJ55: 0 | AK55: 61 | AL55: mA | AM55: 0,9 x 1,5-Alternado | AN55: 0.24 | AO55: 64.81 | AP55: 15.5544 | AQ55: 0.24 | AR55: 55.07 | AS55: 13.2168 | BC55: Fechado | BD55: 45872 | BF55: Propria | BG55: RAIZEN ENERGIA S/A - FILIAL IPAUSSU | BH55: =TODAY()-BD55 -> 251
B56: =CONCATENATE(I56,K56,L56) -> 9001417 | C56: =CONCATENATE(I56,K56) -> 90014 | D56: 22526 | E56: 4-Ipaussu | F56: 61 | G56: Ipau | H56: 71 | I56: 9001 | J56: FAZENDA SANTA HELENA | K56: 4 | L56: 17 | M56: 1 | N56: 6 | O56: 11.5 | P56: 0 | Q56: RB966928 | R56: Precoce | S56: 8 | T56: 7o. Corte | U56: 1 | V56: 43083 | W56: 354 | X56: N | Y56: N | AB56: N | AC56: S | AD56: N | AE56: N | AF56: N | AG56: 2 | AH56: 0 | AI56: 10 | AJ56: 0 | AK56: 61 | AL56: mA | AM56: 0,9 x 1,5-Alternado | AN56: 11.5 | AO56: 68.56 | AP56: 788.44 | AQ56: 11.5 | AR56: 55.07 | AS56: 633.305 | BC56: Fechado | BD56: 45872 | BE56: 568.67 | BF56: Propria | BG56: RAIZEN ENERGIA S/A - FILIAL IPAUSSU | BH56: =TODAY()-BD56 -> 251
B57: =CONCATENATE(I57,K57,L57) -> 900151 | C57: =CONCATENATE(I57,K57) -> 90015 | D57: 22526 | E57: 4-Ipaussu | F57: 61 | G57: Ipau | H57: 71 | I57: 9001 | J57: FAZENDA SANTA HELENA | K57: 5 | L57: 1 | M57: 5 | N57: 8 | O57: 4.95 | P57: 0 | Q57: IACSP95-5000 | R57: Média | S57: 7 | T57: 6o. Corte | U57: 1 | V57: 43790 | W57: 352 | X57: N | Y57: N | AB57: N | AC57: S | AD57: N | AE57: N | AF57: N | AG57: 2 | AH57: 0 | AI57: 7 | AJ57: 0 | AK57: 61 | AL57: mC | AM57: 0,9 x 1,5-Alternado | AN57: 4.95 | AO57: 58.92 | AP57: 291.654 | AQ57: 4.95 | AR57: 50.07 | AS57: 247.8465 | AT57: 4.95 | AU57: 40 | AV57: 198 | BC57: Fechado | BD57: 45880 | BE57: 233.46 | BF57: Propria | BG57: RAIZEN ENERGIA S/A - FILIAL IPAUSSU | BH57: =TODAY()-BD57 -> 243
B58: =CONCATENATE(I58,K58,L58) -> 900152 | C58: =CONCATENATE(I58,K58) -> 90015 | D58: 22526 | E58: 4-Ipaussu | F58: 61 | G58: Ipau | H58: 71 | I58: 9001 | J58: FAZENDA SANTA HELENA | K58: 5 | L58: 2 | M58: 5 | N58: 8 | O58: 7.81 | P58: 0 | Q58: IACSP95-5000 | R58: Média | S58: 7 | T58: 6o. Corte | U58: 1 | V58: 43790 | W58: 352 | X58: N | Y58: N | AB58: N | AC58: S | AD58: N | AE58: N | AF58: N | AG58: 2 | AH58: 0 | AI58: 7 | AJ58: 0 | AK58: 61 | AL58: mC | AM58: 0,9 x 1,5-Alternado | AN58: 7.81 | AO58: 58.92 | AP58: 460.1652 | AQ58: 7.81 | AR58: 50.07 | AS58: 391.0467 | AT58: 7.81 | AU58: 40 | AV58: 312.4 | BC58: Fechado | BD58: 45880 | BE58: 504.91 | BF58: Propria | BG58: RAIZEN ENERGIA S/A - FILIAL IPAUSSU | BH58: =TODAY()-BD58 -> 243
B59: =CONCATENATE(I59,K59,L59) -> 900153 | C59: =CONCATENATE(I59,K59) -> 90015 | D59: 22526 | E59: 4-Ipaussu | F59: 61 | G59: Ipau | H59: 71 | I59: 9001 | J59: FAZENDA SANTA HELENA | K59: 5 | L59: 3 | M59: 5 | N59: 8 | O59: 6.08 | P59: 0 | Q59: IACSP95-5000 | R59: Média | S59: 7 | T59: 6o. Corte | U59: 1 | V59: 43790 | W59: 352 | X59: N | Y59: N | AB59: N | AC59: S | AD59: N | AE59: N | AF59: N | AG59: 2 | AH59: 0 | AI59: 7 | AJ59: 0 | AK59: 61 | AL59: mC | AM59: 0,9 x 1,5-Alternado | AN59: 6.08 | AO59: 58.92 | AP59: 358.2336 | AQ59: 6.08 | AR59: 50.07 | AS59: 304.4256 | AT59: 6.08 | AU59: 40 | AV59: 243.2 | BC59: Fechado | BD59: 45880 | BE59: 346.72 | BF59: Propria | BG59: RAIZEN ENERGIA S/A - FILIAL IPAUSSU | BH59: =TODAY()-BD59 -> 243
B60: =CONCATENATE(I60,K60,L60) -> 900154 | C60: =CONCATENATE(I60,K60) -> 90015 | D60: 22526 | E60: 4-Ipaussu | F60: 61 | G60: Ipau | H60: 71 | I60: 9001 | J60: FAZENDA SANTA HELENA | K60: 5 | L60: 4 | M60: 5 | N60: 8 | O60: 40.13 | P60: 0 | Q60: IACSP95-5000 | R60: Média | S60: 7 | T60: 6o. Corte | U60: 1 | V60: 43790 | W60: 352 | X60: N | Y60: N | AB60: N | AC60: S | AD60: N | AE60: N | AF60: N | AG60: 2 | AH60: 0 | AI60: 7 | AJ60: 0 | AK60: 61 | AL60: mC | AM60: 0,9 x 1,5-Alternado | AN60: 40.13 | AO60: 58.92 | AP60: 2364.4596 | AQ60: 40.13 | AR60: 50.07 | AS60: 2009.3091 | AT60: 40.13 | AU60: 40 | AV60: 1605.2 | BC60: Fechado | BD60: 45880 | BE60: 1169.77 | BF60: Propria | BG60: RAIZEN ENERGIA S/A - FILIAL IPAUSSU | BH60: =TODAY()-BD60 -> 243
B61: =CONCATENATE(I61,K61,L61) -> 900155 | C61: =CONCATENATE(I61,K61) -> 90015 | D61: 22526 | E61: 4-Ipaussu | F61: 61 | G61: Ipau | H61: 71 | I61: 9001 | J61: FAZENDA SANTA HELENA | K61: 5 | L61: 5 | M61: 5 | N61: 8 | O61: 4.93 | P61: 0 | Q61: IACSP95-5000 | R61: Média | S61: 7 | T61: 6o. Corte | U61: 1 | V61: 43789 | W61: 352 | X61: N | Y61: N | AB61: N | AC61: S | AD61: N | AE61: N | AF61: N | AG61: 2 | AH61: 0 | AI61: 7 | AJ61: 0 | AK61: 61 | AL61: mC | AM61: 0,9 x 1,5-Alternado | AN61: 4.93 | AO61: 58.92 | AP61: 290.4756 | AQ61: 4.93 | AR61: 50.07 | AS61: 246.8451 | AT61: 4.93 | AU61: 40 | AV61: 197.2 | BC61: Fechado | BD61: 45880 | BE61: 239.92 | BF61: Propria | BG61: RAIZEN ENERGIA S/A - FILIAL IPAUSSU | BH61: =TODAY()-BD61 -> 243
B62: =CONCATENATE(I62,K62,L62) -> 900156 | C62: =CONCATENATE(I62,K62) -> 90015 | D62: 22526 | E62: 4-Ipaussu | F62: 61 | G62: Ipau | H62: 71 | I62: 9001 | J62: FAZENDA SANTA HELENA | K62: 5 | L62: 6 | M62: 5 | N62: 8 | O62: 9.37 | P62: 0 | Q62: IACSP95-5000 | R62: Média | S62: 7 | T62: 6o. Corte | U62: 1 | V62: 43790 | W62: 352 | X62: N | Y62: N | AB62: N | AC62: S | AD62: N | AE62: N | AF62: N | AG62: 2 | AH62: 0 | AI62: 7 | AJ62: 0 | AK62: 61 | AL62: mC | AM62: 0,9 x 1,5-Alternado | AN62: 9.37 | AO62: 58.92 | AP62: 552.0804 | AQ62: 9.37 | AR62: 50.07 | AS62: 469.1559 | AT62: 9.37 | AU62: 40 | AV62: 374.8 | BC62: Fechado | BD62: 45880 | BE62: 265.64 | BF62: Propria | BG62: RAIZEN ENERGIA S/A - FILIAL IPAUSSU | BH62: =TODAY()-BD62 -> 243
B63: =CONCATENATE(I63,K63,L63) -> 900157 | C63: =CONCATENATE(I63,K63) -> 90015 | D63: 22526 | E63: 4-Ipaussu | F63: 61 | G63: Ipau | H63: 71 | I63: 9001 | J63: FAZENDA SANTA HELENA | K63: 5 | L63: 7 | M63: 5 | N63: 8 | O63: 16.47 | P63: 0 | Q63: IACSP95-5000 | R63: Média | S63: 7 | T63: 6o. Corte | U63: 1 | V63: 43789 | W63: 352 | X63: N | Y63: N | AB63: N | AC63: S | AD63: N | AE63: N | AF63: N | AG63: 2 | AH63: 0 | AI63: 7 | AJ63: 0 | AK63: 61 | AL63: mC | AM63: 0,9 x 1,5-Alternado | AN63: 16.47 | AO63: 58.92 | AP63: 970.4124 | AQ63: 16.47 | AR63: 50.07 | AS63: 824.6529 | AT63: 16.47 | AU63: 40 | AV63: 658.8 | BC63: Fechado | BD63: 45880 | BE63: 102.66 | BF63: Propria | BG63: RAIZEN ENERGIA S/A - FILIAL IPAUSSU | BH63: =TODAY()-BD63 -> 243
B64: =CONCATENATE(I64,K64,L64) -> 900158 | C64: =CONCATENATE(I64,K64) -> 90015 | D64: 22526 | E64: 4-Ipaussu | F64: 61 | G64: Ipau | H64: 71 | I64: 9001 | J64: FAZENDA SANTA HELENA | K64: 5 | L64: 8 | M64: 5 | N64: 8 | O64: 6.83 | P64: 0 | Q64: IACSP95-5000 | R64: Média | S64: 7 | T64: 6o. Corte | U64: 1 | V64: 43788 | W64: 352 | X64: N | Y64: N | AB64: N | AC64: S | AD64: N | AE64: N | AF64: N | AG64: 2 | AH64: 0 | AI64: 7 | AJ64: 0 | AK64: 61 | AL64: mC | AM64: 0,9 x 1,5-Alternado | AN64: 6.83 | AO64: 58.92 | AP64: 402.4236 | AQ64: 6.83 | AR64: 50.07 | AS64: 341.9781 | AT64: 6.83 | AU64: 40 | AV64: 273.2 | BC64: Fechado | BD64: 45880 | BE64: 200.21 | BF64: Propria | BG64: RAIZEN ENERGIA S/A - FILIAL IPAUSSU | BH64: =TODAY()-BD64 -> 243
B65: =CONCATENATE(I65,K65,L65) -> 900159 | C65: =CONCATENATE(I65,K65) -> 90015 | D65: 22526 | E65: 4-Ipaussu | F65: 61 | G65: Ipau | H65: 71 | I65: 9001 | J65: FAZENDA SANTA HELENA | K65: 5 | L65: 9 | M65: 5 | N65: 8 | O65: 2.49 | P65: 0 | Q65: IACSP95-5000 | R65: Média | S65: 7 | T65: 6o. Corte | U65: 1 | V65: 43788 | W65: 352 | X65: N | Y65: N | AB65: N | AC65: S | AD65: N | AE65: N | AF65: N | AG65: 2 | AH65: 0 | AI65: 7 | AJ65: 0 | AK65: 61 | AL65: mC | AM65: 0,9 x 1,5-Alternado | AN65: 2.49 | AO65: 58.92 | AP65: 146.7108 | AQ65: 2.49 | AR65: 50.07 | AS65: 124.6743 | AT65: 2.49 | AU65: 40 | AV65: 99.6 | BC65: Fechado | BD65: 45880 | BE65: 99.88 | BF65: Propria | BG65: RAIZEN ENERGIA S/A - FILIAL IPAUSSU | BH65: =TODAY()-BD65 -> 243
B66: =CONCATENATE(I66,K66,L66) -> 9001510 | C66: =CONCATENATE(I66,K66) -> 90015 | D66: 22526 | E66: 4-Ipaussu | F66: 61 | G66: Ipau | H66: 71 | I66: 9001 | J66: FAZENDA SANTA HELENA | K66: 5 | L66: 10 | M66: 5 | N66: 8 | O66: 6.17 | P66: 0 | Q66: IACSP95-5000 | R66: Média | S66: 7 | T66: 6o. Corte | U66: 1 | V66: 43789 | W66: 352 | X66: N | Y66: N | AB66: N | AC66: S | AD66: N | AE66: N | AF66: N | AG66: 2 | AH66: 0 | AI66: 7 | AJ66: 0 | AK66: 61 | AL66: mC | AM66: 0,9 x 1,5-Alternado | AN66: 6.17 | AO66: 58.92 | AP66: 363.5364 | AQ66: 6.17 | AR66: 50.07 | AS66: 308.9319 | AT66: 6.17 | AU66: 40 | AV66: 246.8 | BC66: Fechado | BD66: 45880 | BE66: 205.57 | BF66: Propria | BG66: RAIZEN ENERGIA S/A - FILIAL IPAUSSU | BH66: =TODAY()-BD66 -> 243
B67: =CONCATENATE(I67,K67,L67) -> 9001511 | C67: =CONCATENATE(I67,K67) -> 90015 | D67: 22526 | E67: 4-Ipaussu | F67: 61 | G67: Ipau | H67: 71 | I67: 9001 | J67: FAZENDA SANTA HELENA | K67: 5 | L67: 11 | M67: 5 | N67: 8 | O67: 4.73 | P67: 0 | Q67: CTC9003 | R67: Média | S67: 40 | T67: Formação 18 Meses 2V | U67: 1 | V67: 45620 | W67: 352 | X67: N | Y67: N | AB67: N | AC67: S | AD67: N | AE67: N | AF67: N | AG67: 2 | AH67: 0 | AI67: 7 | AJ67: 0 | AK67: 61 | AL67: mC | AM67: 0,9 x 1,5-Alternado | BC67: Sem Estimativa | BF67: Propria | BG67: RAIZEN ENERGIA S/A - FILIAL IPAUSSU | BH67: =TODAY()-BD67 -> 46123
B68: =CONCATENATE(I68,K68,L68) -> 9001512 | C68: =CONCATENATE(I68,K68) -> 90015 | D68: 22526 | E68: 4-Ipaussu | F68: 61 | G68: Ipau | H68: 71 | I68: 9001 | J68: FAZENDA SANTA HELENA | K68: 5 | L68: 12 | M68: 5 | N68: 8 | O68: 6.19 | P68: 0 | Q68: CTC9003 | R68: Média | S68: 40 | T68: Formação 18 Meses 2V | U68: 1 | V68: 45620 | W68: 352 | X68: N | Y68: N | AB68: N | AC68: S | AD68: N | AE68: N | AF68: N | AG68: 2 | AH68: 0 | AI68: 7 | AJ68: 0 | AK68: 61 | AL68: mC | AM68: 0,9 x 1,5-Alternado | BC68: Sem Estimativa | BF68: Propria | BG68: RAIZEN ENERGIA S/A - FILIAL IPAUSSU | BH68: =TODAY()-BD68 -> 46123
B69: =CONCATENATE(I69,K69,L69) -> 9001513 | C69: =CONCATENATE(I69,K69) -> 90015 | D69: 22526 | E69: 4-Ipaussu | F69: 61 | G69: Ipau | H69: 71 | I69: 9001 | J69: FAZENDA SANTA HELENA | K69: 5 | L69: 13 | M69: 5 | N69: 8 | O69: 4.66 | P69: 0 | Q69: CTC9003 | R69: Média | S69: 40 | T69: Formação 18 Meses 2V | U69: 1 | V69: 45620 | W69: 352 | X69: N | Y69: N | AB69: N | AC69: S | AD69: N | AE69: N | AF69: N | AG69: 2 | AH69: 0 | AI69: 7 | AJ69: 0 | AK69: 61 | AL69: mC | AM69: 0,9 x 1,5-Alternado | BC69: Sem Estimativa | BF69: Propria | BG69: RAIZEN ENERGIA S/A - FILIAL IPAUSSU | BH69: =TODAY()-BD69 -> 46123
B70: =CONCATENATE(I70,K70,L70) -> 9001514 | C70: =CONCATENATE(I70,K70) -> 90015 | D70: 22526 | E70: 4-Ipaussu | F70: 61 | G70: Ipau | H70: 71 | I70: 9001 | J70: FAZENDA SANTA HELENA | K70: 5 | L70: 14 | M70: 5 | N70: 8 | O70: 1.89 | P70: 0 | Q70: CTC9003 | R70: Média | S70: 40 | T70: Formação 18 Meses 2V | U70: 1 | V70: 45620 | W70: 352 | X70: N | Y70: N | AB70: N | AC70: S | AD70: N | AE70: N | AF70: N | AG70: 2 | AH70: 0 | AI70: 7 | AJ70: 0 | AK70: 61 | AL70: mB | AM70: 0,9 x 1,5-Alternado | BC70: Sem Estimativa | BF70: Propria | BG70: RAIZEN ENERGIA S/A - FILIAL IPAUSSU | BH70: =TODAY()-BD70 -> 46123
B71: =CONCATENATE(I71,K71,L71) -> 9001515 | C71: =CONCATENATE(I71,K71) -> 90015 | D71: 22526 | E71: 4-Ipaussu | F71: 61 | G71: Ipau | H71: 71 | I71: 9001 | J71: FAZENDA SANTA HELENA | K71: 5 | L71: 15 | M71: 5 | N71: 8 | O71: 4.12 | P71: 0 | Q71: CTC9005 | R71: Média | S71: 3 | T71: 2o. Corte | U71: 1 | V71: 44958 | W71: 352 | X71: N | Y71: N | AB71: N | AC71: S | AD71: N | AE71: N | AF71: N | AG71: 2 | AH71: 0 | AI71: 7 | AJ71: 0 | AK71: 61 | AL71: mC | AM71: 0,9 x 1,5-Alternado | AN71: 4.12 | AO71: 74.96 | AP71: 308.8352 | AQ71: 4.12 | AR71: 75.07 | AS71: 309.2884 | AT71: 4.12 | AU71: 75 | AV71: 309 | BC71: Fechado | BD71: 45880 | BE71: 403.08 | BF71: Propria | BG71: RAIZEN ENERGIA S/A - FILIAL IPAUSSU | BH71: =TODAY()-BD71 -> 243
B72: =CONCATENATE(I72,K72,L72) -> 9001516 | C72: =CONCATENATE(I72,K72) -> 90015 | D72: 22526 | E72: 4-Ipaussu | F72: 61 | G72: Ipau | H72: 71 | I72: 9001 | J72: FAZENDA SANTA HELENA | K72: 5 | L72: 16 | M72: 5 | N72: 8 | O72: 12.73 | P72: 0 | Q72: IACSP95-5000 | R72: Média | S72: 7 | T72: 6o. Corte | U72: 1 | V72: 43788 | W72: 352 | X72: N | Y72: N | AB72: N | AC72: S | AD72: N | AE72: N | AF72: N | AG72: 2 | AH72: 0 | AI72: 7 | AJ72: 0 | AK72: 61 | AL72: mC | AM72: 0,9 x 1,5-Alternado | AN72: 12.73 | AO72: 58.92 | AP72: 750.0516 | AQ72: 12.73 | AR72: 50.07 | AS72: 637.3911 | AT72: 12.73 | AU72: 40 | AV72: 509.2 | BC72: Fechado | BD72: 45880 | BE72: 258.24 | BF72: Propria | BG72: RAIZEN ENERGIA S/A - FILIAL IPAUSSU | BH72: =TODAY()-BD72 -> 243
B73: =CONCATENATE(I73,K73,L73) -> 9001517 | C73: =CONCATENATE(I73,K73) -> 90015 | D73: 22526 | E73: 4-Ipaussu | F73: 61 | G73: Ipau | H73: 71 | I73: 9001 | J73: FAZENDA SANTA HELENA | K73: 5 | L73: 17 | M73: 5 | N73: 8 | O73: 28.97 | P73: 0 | Q73: IACSP95-5000 | R73: Média | S73: 7 | T73: 6o. Corte | U73: 1 | V73: 43788 | W73: 352 | X73: N | Y73: N | AB73: N | AC73: S | AD73: N | AE73: N | AF73: N | AG73: 2 | AH73: 0 | AI73: 7 | AJ73: 0 | AK73: 61 | AL73: mC | AM73: 0,9 x 1,5-Alternado | AN73: 28.97 | AO73: 58.92 | AP73: 1706.9124 | AQ73: 28.97 | AR73: 50.07 | AS73: 1450.5279 | AT73: 28.97 | AU73: 40 | AV73: 1158.8 | BC73: Fechado | BD73: 45880 | BE73: 462.1 | BF73: Propria | BG73: RAIZEN ENERGIA S/A - FILIAL IPAUSSU | BH73: =TODAY()-BD73 -> 243
B74: =CONCATENATE(I74,K74,L74) -> 9001518 | C74: =CONCATENATE(I74,K74) -> 90015 | D74: 22526 | E74: 4-Ipaussu | F74: 61 | G74: Ipau | H74: 71 | I74: 9001 | J74: FAZENDA SANTA HELENA | K74: 5 | L74: 18 | M74: 5 | N74: 8 | O74: 21.23 | P74: 0 | Q74: IACSP95-5000 | R74: Média | S74: 7 | T74: 6o. Corte | U74: 1 | V74: 43787 | W74: 352 | X74: N | Y74: N | AB74: N | AC74: S | AD74: N | AE74: N | AF74: N | AG74: 2 | AH74: 0 | AI74: 7 | AJ74: 0 | AK74: 61 | AL74: mC | AM74: 0,9 x 1,5-Alternado | AN74: 21.23 | AO74: 58.92 | AP74: 1250.8716 | AQ74: 21.23 | AR74: 50.07 | AS74: 1062.9861 | AT74: 21.23 | AU74: 40 | AV74: 849.2 | BC74: Fechado | BD74: 45880 | BE74: 345.43 | BF74: Propria | BG74: RAIZEN ENERGIA S/A - FILIAL IPAUSSU | BH74: =TODAY()-BD74 -> 243
B75: =CONCATENATE(I75,K75,L75) -> 9001519 | C75: =CONCATENATE(I75,K75) -> 90015 | D75: 22526 | E75: 4-Ipaussu | F75: 61 | G75: Ipau | H75: 71 | I75: 9001 | J75: FAZENDA SANTA HELENA | K75: 5 | L75: 19 | M75: 5 | N75: 8 | O75: 3.25 | P75: 0 | Q75: IACSP95-5000 | R75: Média | S75: 7 | T75: 6o. Corte | U75: 1 | V75: 43785 | W75: 352 | X75: N | Y75: N | AB75: N | AC75: S | AD75: N | AE75: N | AF75: N | AG75: 2 | AH75: 0 | AI75: 7 | AJ75: 0 | AK75: 61 | AL75: mC | AM75: 0,9 x 1,5-Alternado | AN75: 3.25 | AO75: 58.92 | AP75: 191.49 | AQ75: 3.25 | AR75: 50.07 | AS75: 162.7275 | AT75: 3.25 | AU75: 40 | AV75: 130 | BC75: Fechado | BD75: 45880 | BE75: 29.57 | BF75: Propria | BG75: RAIZEN ENERGIA S/A - FILIAL IPAUSSU | BH75: =TODAY()-BD75 -> 243
B76: =CONCATENATE(I76,K76,L76) -> 9001520 | C76: =CONCATENATE(I76,K76) -> 90015 | D76: 22526 | E76: 4-Ipaussu | F76: 61 | G76: Ipau | H76: 71 | I76: 9001 | J76: FAZENDA SANTA HELENA | K76: 5 | L76: 20 | M76: 5 | N76: 8 | O76: 5.15 | P76: 0 | Q76: IACSP95-5000 | R76: Média | S76: 7 | T76: 6o. Corte | U76: 1 | V76: 43785 | W76: 352 | X76: N | Y76: N | AB76: N | AC76: S | AD76: N | AE76: N | AF76: N | AG76: 2 | AH76: 0 | AI76: 7 | AJ76: 0 | AK76: 61 | AL76: mC | AM76: 0,9 x 1,5-Alternado | AN76: 5.15 | AO76: 58.92 | AP76: 303.438 | AQ76: 5.15 | AR76: 50.07 | AS76: 257.8605 | AT76: 5.15 | AU76: 40 | AV76: 206 | BC76: Fechado | BD76: 45880 | BE76: 140.94 | BF76: Propria | BG76: RAIZEN ENERGIA S/A - FILIAL IPAUSSU | BH76: =TODAY()-BD76 -> 243
B77: =CONCATENATE(I77,K77,L77) -> 9001521 | C77: =CONCATENATE(I77,K77) -> 90015 | D77: 22526 | E77: 4-Ipaussu | F77: 61 | G77: Ipau | H77: 71 | I77: 9001 | J77: FAZENDA SANTA HELENA | K77: 5 | L77: 21 | M77: 5 | N77: 8 | O77: 5.45 | P77: 0 | Q77: IACSP95-5000 | R77: Média | S77: 7 | T77: 6o. Corte | U77: 1 | V77: 43785 | W77: 352 | X77: N | Y77: N | AB77: N | AC77: S | AD77: N | AE77: N | AF77: N | AG77: 2 | AH77: 0 | AI77: 7 | AJ77: 0 | AK77: 61 | AL77: mC | AM77: 0,9 x 1,5-Alternado | AN77: 5.45 | AO77: 58.92 | AP77: 321.114 | AQ77: 5.45 | AR77: 50.07 | AS77: 272.8815 | AT77: 5.45 | AU77: 40 | AV77: 218 | BC77: Fechado | BD77: 45880 | BE77: 125.66 | BF77: Propria | BG77: RAIZEN ENERGIA S/A - FILIAL IPAUSSU | BH77: =TODAY()-BD77 -> 243
B78: =CONCATENATE(I78,K78,L78) -> 9001522 | C78: =CONCATENATE(I78,K78) -> 90015 | D78: 22526 | E78: 4-Ipaussu | F78: 61 | G78: Ipau | H78: 71 | I78: 9001 | J78: FAZENDA SANTA HELENA | K78: 5 | L78: 22 | M78: 5 | N78: 8 | O78: 2.89 | P78: 0 | Q78: IACSP95-5000 | R78: Média | S78: 7 | T78: 6o. Corte | U78: 1 | V78: 43785 | W78: 352 | X78: N | Y78: N | AB78: N | AC78: S | AD78: N | AE78: N | AF78: N | AG78: 2 | AH78: 0 | AI78: 7 | AJ78: 0 | AK78: 61 | AL78: mC | AM78: 0,9 x 1,5-Alternado | AN78: 2.89 | AO78: 58.92 | AP78: 170.2788 | AQ78: 2.89 | AR78: 50.07 | AS78: 144.7023 | AT78: 2.89 | AU78: 40 | AV78: 115.6 | BC78: Fechado | BD78: 45880 | BE78: 128.84 | BF78: Propria | BG78: RAIZEN ENERGIA S/A - FILIAL IPAUSSU | BH78: =TODAY()-BD78 -> 243
B79: =CONCATENATE(I79,K79,L79) -> 9001523 | C79: =CONCATENATE(I79,K79) -> 90015 | D79: 22526 | E79: 4-Ipaussu | F79: 61 | G79: Ipau | H79: 71 | I79: 9001 | J79: FAZENDA SANTA HELENA | K79: 5 | L79: 23 | M79: 5 | N79: 8 | O79: 0.87 | P79: 0 | Q79: CTC9005 | R79: Média | S79: 3 | T79: 2o. Corte | U79: 1 | V79: 44958 | W79: 352 | X79: N | Y79: N | AB79: N | AC79: S | AD79: N | AE79: N | AF79: N | AG79: 2 | AH79: 0 | AI79: 7 | AJ79: 0 | AK79: 61 | AL79: mC | AM79: 0,9 x 1,5-Alternado | AN79: 0.87 | AO79: 74.96 | AP79: 65.2152 | AQ79: 0.87 | AR79: 75.07 | AS79: 65.3109 | AT79: 0.87 | AU79: 75 | AV79: 65.25 | BC79: Fechado | BD79: 45880 | BF79: Propria | BG79: RAIZEN ENERGIA S/A - FILIAL IPAUSSU | BH79: =TODAY()-BD79 -> 243
B80: =CONCATENATE(I80,K80,L80) -> 9001524 | C80: =CONCATENATE(I80,K80) -> 90015 | D80: 22526 | E80: 4-Ipaussu | F80: 61 | G80: Ipau | H80: 71 | I80: 9001 | J80: FAZENDA SANTA HELENA | K80: 5 | L80: 24 | M80: 5 | N80: 8 | O80: 0.32 | P80: 0 | Q80: CTC9005 | R80: Média | S80: 3 | T80: 2o. Corte | U80: 1 | V80: 44958 | W80: 352 | X80: N | Y80: N | AB80: N | AC80: S | AD80: N | AE80: N | AF80: N | AG80: 2 | AH80: 0 | AI80: 7 | AJ80: 0 | AK80: 61 | AL80: mC | AM80: 0,9 x 1,5-Alternado | AN80: 0.32 | AO80: 74.96 | AP80: 23.9872 | AQ80: 0.32 | AR80: 75.07 | AS80: 24.0224 | AT80: 0.32 | AU80: 75 | AV80: 24 | BC80: Fechado | BD80: 45880 | BF80: Propria | BG80: RAIZEN ENERGIA S/A - FILIAL IPAUSSU | BH80: =TODAY()-BD80 -> 243
B81: =CONCATENATE(I81,K81,L81) -> 9001525 | C81: =CONCATENATE(I81,K81) -> 90015 | D81: 22526 | E81: 4-Ipaussu | F81: 61 | G81: Ipau | H81: 71 | I81: 9001 | J81: FAZENDA SANTA HELENA | K81: 5 | L81: 25 | M81: 5 | N81: 8 | O81: 2.35 | P81: 0 | Q81: CTC9003 | R81: Média | S81: 40 | T81: Formação 18 Meses 2V | U81: 1 | V81: 45620 | W81: 352 | X81: N | Y81: N | AB81: N | AC81: S | AD81: N | AE81: N | AF81: N | AG81: 2 | AH81: 0 | AI81: 7 | AJ81: 0 | AK81: 61 | AL81: mC | AM81: 0,9 x 1,5-Alternado | BC81: Sem Estimativa | BF81: Propria | BG81: RAIZEN ENERGIA S/A - FILIAL IPAUSSU | BH81: =TODAY()-BD81 -> 46123
B82: =CONCATENATE(I82,K82,L82) -> 9001526 | C82: =CONCATENATE(I82,K82) -> 90015 | D82: 22526 | E82: 4-Ipaussu | F82: 61 | G82: Ipau | H82: 71 | I82: 9001 | J82: FAZENDA SANTA HELENA | K82: 5 | L82: 26 | M82: 5 | N82: 8 | O82: 0.41 | P82: 0 | Q82: CTC9003 | R82: Média | S82: 40 | T82: Formação 18 Meses 2V | U82: 1 | V82: 45620 | W82: 352 | X82: N | Y82: N | AB82: N | AC82: S | AD82: N | AE82: N | AF82: N | AG82: 2 | AH82: 0 | AI82: 7 | AJ82: 0 | AK82: 61 | AL82: mC | AM82: 0,9 x 1,5-Alternado | BC82: Sem Estimativa | BF82: Propria | BG82: RAIZEN ENERGIA S/A - FILIAL IPAUSSU | BH82: =TODAY()-BD82 -> 46123
B83: =CONCATENATE(I83,K83,L83) -> 900171 | C83: =CONCATENATE(I83,K83) -> 90017 | D83: 22526 | E83: 4-Ipaussu | F83: 61 | G83: Ipau | H83: 71 | I83: 9001 | J83: FAZENDA SANTA HELENA | K83: 7 | L83: 1 | M83: 17 | N83: 11 | O83: 4.36 | P83: 0 | Q83: CTC9005 | R83: Média | S83: 5 | T83: 4o. Corte | U83: 1 | V83: 44269 | W83: 356 | X83: N | Y83: N | AB83: N | AC83: S | AD83: S | AE83: N | AF83: N | AG83: 2 | AH83: 0 | AI83: 6 | AJ83: 0 | AK83: 61 | AL83: mC | AM83: 0,9 x 1,5-Alternado | AN83: 4.36 | AO83: 79.44 | AP83: 346.3584 | AQ83: 4.36 | AR83: 70.07 | AS83: 305.5052 | BC83: Fechado | BD83: 45853 | BE83: 259.14 | BF83: Propria | BG83: RAIZEN ENERGIA S/A - FILIAL IPAUSSU | BH83: =TODAY()-BD83 -> 270
B84: =CONCATENATE(I84,K84,L84) -> 900172 | C84: =CONCATENATE(I84,K84) -> 90017 | D84: 22526 | E84: 4-Ipaussu | F84: 61 | G84: Ipau | H84: 71 | I84: 9001 | J84: FAZENDA SANTA HELENA | K84: 7 | L84: 2 | M84: 17 | N84: 11 | O84: 8.39 | P84: 0 | Q84: CTC9005 | R84: Média | S84: 5 | T84: 4o. Corte | U84: 1 | V84: 44269 | W84: 356 | X84: N | Y84: N | AB84: N | AC84: S | AD84: S | AE84: N | AF84: N | AG84: 2 | AH84: 0 | AI84: 6 | AJ84: 0 | AK84: 61 | AL84: mC | AM84: 0,9 x 1,5-Alternado | AN84: 8.39 | AO84: 79.44 | AP84: 666.5016 | AQ84: 8.39 | AR84: 70.07 | AS84: 587.8873 | BC84: Fechado | BD84: 45853 | BE84: 349.57 | BF84: Propria | BG84: RAIZEN ENERGIA S/A - FILIAL IPAUSSU | BH84: =TODAY()-BD84 -> 270
B85: =CONCATENATE(I85,K85,L85) -> 900173 | C85: =CONCATENATE(I85,K85) -> 90017 | D85: 22526 | E85: 4-Ipaussu | F85: 61 | G85: Ipau | H85: 71 | I85: 9001 | J85: FAZENDA SANTA HELENA | K85: 7 | L85: 3 | M85: 17 | N85: 11 | O85: 17.94 | P85: 0 | Q85: CTC9005 | R85: Média | S85: 5 | T85: 4o. Corte | U85: 1 | V85: 44269 | W85: 356 | X85: N | Y85: N | AB85: N | AC85: S | AD85: S | AE85: N | AF85: N | AG85: 2 | AH85: 0 | AI85: 6 | AJ85: 0 | AK85: 61 | AL85: mC | AM85: 0,9 x 1,5-Alternado | AN85: 17.94 | AO85: 79.44 | AP85: 1425.1536 | AQ85: 17.94 | AR85: 70.07 | AS85: 1257.0558 | BC85: Fechado | BD85: 45853 | BE85: 1253.78 | BF85: Propria | BG85: RAIZEN ENERGIA S/A - FILIAL IPAUSSU | BH85: =TODAY()-BD85 -> 270
B86: =CONCATENATE(I86,K86,L86) -> 900174 | C86: =CONCATENATE(I86,K86) -> 90017 | D86: 22526 | E86: 4-Ipaussu | F86: 61 | G86: Ipau | H86: 71 | I86: 9001 | J86: FAZENDA SANTA HELENA | K86: 7 | L86: 4 | M86: 1 | O86: 18.2 | P86: 0 | Q86: CTC9005 | R86: Média | S86: 7 | T86: 6o. Corte | U86: 1 | V86: 43763 | W86: 352 | X86: N | Y86: N | AB86: N | AC86: S | AD86: S | AE86: N | AF86: N | AG86: 2 | AH86: 0 | AI86: 6 | AJ86: 0 | AK86: 61 | AL86: mC | AM86: 0,9 x 1,5-Alternado | AN86: 18.2 | AO86: 76.59 | AP86: 1393.938 | AQ86: 18.2 | AR86: 65.07 | AS86: 1184.274 | AT86: 18.2 | AU86: 65 | AV86: 1183 | BC86: Fechado | BD86: 45906 | BE86: 725.48 | BF86: Propria | BG86: RAIZEN ENERGIA S/A - FILIAL IPAUSSU | BH86: =TODAY()-BD86 -> 217
B87: =CONCATENATE(I87,K87,L87) -> 900175 | C87: =CONCATENATE(I87,K87) -> 90017 | D87: 22526 | E87: 4-Ipaussu | F87: 61 | G87: Ipau | H87: 71 | I87: 9001 | J87: FAZENDA SANTA HELENA | K87: 7 | L87: 5 | M87: 1 | O87: 23.59 | P87: 0 | Q87: CTC9005 | R87: Média | S87: 7 | T87: 6o. Corte | U87: 1 | V87: 43762 | W87: 352 | X87: N | Y87: N | AB87: N | AC87: S | AD87: S | AE87: N | AF87: N | AG87: 2 | AH87: 0 | AI87: 6 | AJ87: 0 | AK87: 61 | AL87: mC | AM87: 0,9 x 1,5-Alternado | AN87: 23.59 | AO87: 76.59 | AP87: 1806.7581 | AQ87: 23.59 | AR87: 65.07 | AS87: 1535.0013 | AT87: 23.59 | AU87: 65 | AV87: 1533.35 | BC87: Fechado | BD87: 45906 | BE87: 1087.41 | BF87: Propria | BG87: RAIZEN ENERGIA S/A - FILIAL IPAUSSU | BH87: =TODAY()-BD87 -> 217
B88: =CONCATENATE(I88,K88,L88) -> 900176 | C88: =CONCATENATE(I88,K88) -> 90017 | D88: 22526 | E88: 4-Ipaussu | F88: 61 | G88: Ipau | H88: 71 | I88: 9001 | J88: FAZENDA SANTA HELENA | K88: 7 | L88: 6 | M88: 1 | O88: 3.15 | P88: 0 | Q88: CTC9005 | R88: Média | S88: 7 | T88: 6o. Corte | U88: 1 | V88: 43762 | W88: 352 | X88: N | Y88: N | AB88: N | AC88: S | AD88: S | AE88: N | AF88: N | AG88: 2 | AH88: 0 | AI88: 6 | AJ88: 0 | AK88: 61 | AL88: mC | AM88: 0,9 x 1,5-Alternado | AN88: 3.15 | AO88: 76.59 | AP88: 241.2585 | AQ88: 3.15 | AR88: 65.07 | AS88: 204.9705 | AT88: 3.15 | AU88: 65 | AV88: 204.75 | BC88: Fechado | BD88: 45906 | BE88: 129.33 | BF88: Propria | BG88: RAIZEN ENERGIA S/A - FILIAL IPAUSSU | BH88: =TODAY()-BD88 -> 217
B89: =CONCATENATE(I89,K89,L89) -> 900177 | C89: =CONCATENATE(I89,K89) -> 90017 | D89: 22526 | E89: 4-Ipaussu | F89: 61 | G89: Ipau | H89: 71 | I89: 9001 | J89: FAZENDA SANTA HELENA | K89: 7 | L89: 7 | M89: 17 | N89: 11 | O89: 6 | P89: 0 | Q89: CTC9005 | R89: Média | S89: 5 | T89: 4o. Corte | U89: 1 | V89: 44269 | W89: 356 | X89: N | Y89: N | AB89: N | AC89: S | AD89: S | AE89: N | AF89: N | AG89: 2 | AH89: 0 | AI89: 6 | AJ89: 0 | AK89: 61 | AL89: mC | AM89: 0,9 x 1,5-Alternado | AN89: 6 | AO89: 79.44 | AP89: 476.64 | AQ89: 6 | AR89: 70.07 | AS89: 420.42 | BC89: Fechado | BD89: 45853 | BE89: 281.95 | BF89: Propria | BG89: RAIZEN ENERGIA S/A - FILIAL IPAUSSU | BH89: =TODAY()-BD89 -> 270
B90: =CONCATENATE(I90,K90,L90) -> 900261 | C90: =CONCATENATE(I90,K90) -> 90026 | D90: 22526 | E90: 4-Ipaussu | F90: 61 | G90: Ipau | H90: 71 | I90: 9002 | J90: FAZENDA SANTO ANTONIO | K90: 6 | L90: 1 | M90: 90 | O90: 0.32 | P90: 0 | Q90: CV6654 | R90: Tardia | S90: 4 | T90: 3o. Corte | U90: 1 | V90: 44538 | W90: 999 | X90: N | Y90: N | AB90: N | AC90: S | AD90: N | AE90: N | AF90: N | AG90: 2 | AH90: 0 | AI90: 3 | AJ90: 0 | AK90: 61 | AL90: mC | AM90: 0,9 x 1,5-Alternado | AN90: 0.32 | AO90: 90.58 | AP90: 28.9856 | AQ90: 0.32 | AR90: 90.07 | AS90: 28.8224 | BC90: Fechado | BD90: 45831 | BF90: Propria | BG90: RAIZEN ENERGIA S/A - FILIAL IPAUSSU | BH90: =TODAY()-BD90 -> 292
B91: =CONCATENATE(I91,K91,L91) -> 900262 | C91: =CONCATENATE(I91,K91) -> 90026 | D91: 22526 | E91: 4-Ipaussu | F91: 61 | G91: Ipau | H91: 71 | I91: 9002 | J91: FAZENDA SANTO ANTONIO | K91: 6 | L91: 2 | M91: 1 | O91: 1.05 | P91: 0 | Q91: CV6654 | R91: Tardia | S91: 4 | T91: 3o. Corte | U91: 1 | V91: 44538 | W91: 350 | X91: N | Y91: N | AB91: N | AC91: S | AD91: N | AE91: N | AF91: N | AG91: 2 | AH91: 0 | AI91: 3 | AJ91: 0 | AK91: 61 | AL91: mC | AM91: 0,9 x 1,5-Alternado | AN91: 1.05 | AO91: 90.58 | AP91: 95.109 | AQ91: 1.05 | AR91: 90.07 | AS91: 94.5735 | BC91: Fechado | BD91: 45831 | BE91: 34.19 | BF91: Propria | BG91: RAIZEN ENERGIA S/A - FILIAL IPAUSSU | BH91: =TODAY()-BD91 -> 292
B92: =CONCATENATE(I92,K92,L92) -> 900263 | C92: =CONCATENATE(I92,K92) -> 90026 | D92: 22526 | E92: 4-Ipaussu | F92: 61 | G92: Ipau | H92: 71 | I92: 9002 | J92: FAZENDA SANTO ANTONIO | K92: 6 | L92: 3 | M92: 1 | O92: 3.72 | P92: 0 | Q92: CV6654 | R92: Tardia | S92: 4 | T92: 3o. Corte | U92: 1 | V92: 44538 | W92: 350 | X92: N | Y92: N | AB92: N | AC92: S | AD92: N | AE92: N | AF92: N | AG92: 2 | AH92: 0 | AI92: 3 | AJ92: 0 | AK92: 61 | AL92: mC | AM92: 0,9 x 1,5-Alternado | AN92: 3.72 | AO92: 90.58 | AP92: 336.9576 | AQ92: 3.72 | AR92: 90.07 | AS92: 335.0604 | BC92: Fechado | BD92: 45831 | BE92: 355.42 | BF92: Propria | BG92: RAIZEN ENERGIA S/A - FILIAL IPAUSSU | BH92: =TODAY()-BD92 -> 292
B93: =CONCATENATE(I93,K93,L93) -> 900264 | C93: =CONCATENATE(I93,K93) -> 90026 | D93: 22526 | E93: 4-Ipaussu | F93: 61 | G93: Ipau | H93: 71 | I93: 9002 | J93: FAZENDA SANTO ANTONIO | K93: 6 | L93: 4 | M93: 1 | O93: 15.66 | P93: 0 | Q93: CV6654 | R93: Precoce | S93: 4 | T93: 3o. Corte | U93: 1 | V93: 44538 | W93: 350 | X93: N | Y93: N | AB93: N | AC93: S | AD93: N | AE93: N | AF93: N | AG93: 2 | AH93: 0 | AI93: 3 | AJ93: 0 | AK93: 61 | AL93: mC | AM93: 0,9 x 1,5-Alternado | AN93: 15.66 | AO93: 90.58 | AP93: 1418.4828 | AQ93: 15.66 | AR93: 90.07 | AS93: 1410.4962 | BC93: Fechado | BD93: 45831 | BE93: 1383.52 | BF93: Propria | BG93: RAIZEN ENERGIA S/A - FILIAL IPAUSSU | BH93: =TODAY()-BD93 -> 292
B94: =CONCATENATE(I94,K94,L94) -> 900281 | C94: =CONCATENATE(I94,K94) -> 90028 | D94: 22526 | E94: 4-Ipaussu | F94: 61 | G94: Ipau | H94: 71 | I94: 9002 | J94: FAZENDA SANTO ANTONIO | K94: 8 | L94: 1 | M94: 95 | N94: 2 | O94: 14.82 | P94: 0 | Q94: RB966928 | R94: Precoce | S94: 6 | T94: 5o. Corte | U94: 1 | V94: 43896 | W94: 999 | X94: N | Y94: N | AB94: N | AC94: S | AD94: N | AE94: N | AF94: N | AG94: 2 | AH94: 0 | AI94: 2 | AJ94: 0 | AK94: 61 | AL94: mC | AM94: 0,9 x 1,5-Alternado | AN94: 14.82 | AO94: 77.3 | AP94: 1145.586 | AQ94: 14.82 | AR94: 75.07 | AS94: 1112.5374 | BC94: Fechado | BD94: 45805 | BE94: 842.06 | BF94: Propria | BG94: RAIZEN ENERGIA S/A - FILIAL IPAUSSU | BH94: =TODAY()-BD94 -> 318
B95: =CONCATENATE(I95,K95,L95) -> 900282 | C95: =CONCATENATE(I95,K95) -> 90028 | D95: 22526 | E95: 4-Ipaussu | F95: 61 | G95: Ipau | H95: 71 | I95: 9002 | J95: FAZENDA SANTO ANTONIO | K95: 8 | L95: 2 | M95: 95 | N95: 2 | O95: 1.5 | P95: 0 | Q95: RB966928 | R95: Precoce | S95: 6 | T95: 5o. Corte | U95: 1 | V95: 43897 | W95: 999 | X95: N | Y95: N | AB95: N | AC95: S | AD95: N | AE95: N | AF95: N | AG95: 2 | AH95: 0 | AI95: 2 | AJ95: 0 | AK95: 61 | AL95: mC | AM95: 0,9 x 1,5-Alternado | AN95: 1.5 | AO95: 77.3 | AP95: 115.95 | AQ95: 1.5 | AR95: 75.07 | AS95: 112.605 | BC95: Fechado | BD95: 45805 | BE95: 290.36 | BF95: Propria | BG95: RAIZEN ENERGIA S/A - FILIAL IPAUSSU | BH95: =TODAY()-BD95 -> 318
B96: =CONCATENATE(I96,K96,L96) -> 900283 | C96: =CONCATENATE(I96,K96) -> 90028 | D96: 22526 | E96: 4-Ipaussu | F96: 61 | G96: Ipau | H96: 71 | I96: 9002 | J96: FAZENDA SANTO ANTONIO | K96: 8 | L96: 3 | M96: 95 | N96: 2 | O96: 8.71 | P96: 0 | Q96: RB966928 | R96: Precoce | S96: 6 | T96: 5o. Corte | U96: 1 | V96: 43897 | W96: 999 | X96: N | Y96: N | AB96: N | AC96: S | AD96: N | AE96: N | AF96: N | AG96: 2 | AH96: 0 | AI96: 2 | AJ96: 0 | AK96: 61 | AL96: mC | AM96: 0,9 x 1,5-Alternado | AN96: 8.71 | AO96: 77.3 | AP96: 673.283 | AQ96: 8.71 | AR96: 75.07 | AS96: 653.8597 | BC96: Fechado | BD96: 45805 | BE96: 775.08 | BF96: Propria | BG96: RAIZEN ENERGIA S/A - FILIAL IPAUSSU | BH96: =TODAY()-BD96 -> 318
B97: =CONCATENATE(I97,K97,L97) -> 900284 | C97: =CONCATENATE(I97,K97) -> 90028 | D97: 22526 | E97: 4-Ipaussu | F97: 61 | G97: Ipau | H97: 71 | I97: 9002 | J97: FAZENDA SANTO ANTONIO | K97: 8 | L97: 4 | M97: 95 | N97: 2 | O97: 9.52 | P97: 0 | Q97: RB966928 | R97: Precoce | S97: 6 | T97: 5o. Corte | U97: 1 | V97: 43897 | W97: 999 | X97: N | Y97: N | AB97: N | AC97: S | AD97: N | AE97: N | AF97: N | AG97: 2 | AH97: 0 | AI97: 2 | AJ97: 0 | AK97: 61 | AL97: mC | AM97: 0,9 x 1,5-Alternado | AN97: 9.52 | AO97: 77.3 | AP97: 735.896 | AQ97: 9.52 | AR97: 75.07 | AS97: 714.6664 | BC97: Fechado | BD97: 45805 | BE97: 841.68 | BF97: Propria | BG97: RAIZEN ENERGIA S/A - FILIAL IPAUSSU | BH97: =TODAY()-BD97 -> 318
B98: =CONCATENATE(I98,K98,L98) -> 900285 | C98: =CONCATENATE(I98,K98) -> 90028 | D98: 22526 | E98: 4-Ipaussu | F98: 61 | G98: Ipau | H98: 71 | I98: 9002 | J98: FAZENDA SANTO ANTONIO | K98: 8 | L98: 5 | M98: 4 | N98: 3 | O98: 1.98 | P98: 0 | Q98: RB966928 | R98: Tardia | S98: 4 | T98: 3o. Corte | U98: 1 | V98: 44192 | W98: 352 | X98: N | Y98: N | AB98: N | AC98: S | AD98: N | AE98: N | AF98: N | AG98: 2 | AH98: 0 | AI98: 2 | AJ98: 0 | AK98: 61 | AL98: mC | AM98: 0,9 x 1,5-Alternado | AN98: 1.98 | AO98: 78.5 | AP98: 155.43 | AQ98: 1.98 | AR98: 75.07 | AS98: 148.6386 | BC98: Fechado | BD98: 45805 | BE98: 207.17 | BF98: Propria | BG98: RAIZEN ENERGIA S/A - FILIAL IPAUSSU | BH98: =TODAY()-BD98 -> 318
B99: =CONCATENATE(I99,K99,L99) -> 900286 | C99: =CONCATENATE(I99,K99) -> 90028 | D99: 22526 | E99: 4-Ipaussu | F99: 61 | G99: Ipau | H99: 71 | I99: 9002 | J99: FAZENDA SANTO ANTONIO | K99: 8 | L99: 6 | M99: 4 | N99: 3 | O99: 2.74 | P99: 0 | Q99: RB966928 | R99: Tardia | S99: 5 | T99: 4o. Corte | U99: 1 | V99: 44241 | W99: 352 | X99: N | Y99: N | AB99: N | AC99: S | AD99: N | AE99: N | AF99: N | AG99: 2 | AH99: 0 | AI99: 2 | AJ99: 0 | AK99: 61 | AL99: mC | AM99: 0,9 x 1,5-Alternado | AN99: 2.74 | AO99: 82.62 | AP99: 226.3788 | AQ99: 2.74 | AR99: 75.07 | AS99: 205.6918 | BC99: Fechado | BD99: 45805 | BE99: 361.42 | BF99: Propria | BG99: RAIZEN ENERGIA S/A - FILIAL IPAUSSU | BH99: =TODAY()-BD99 -> 318
B100: =CONCATENATE(I100,K100,L100) -> 900287 | C100: =CONCATENATE(I100,K100) -> 90028 | D100: 22526 | E100: 4-Ipaussu | F100: 61 | G100: Ipau | H100: 71 | I100: 9002 | J100: FAZENDA SANTO ANTONIO | K100: 8 | L100: 7 | M100: 90 | N100: 3 | O100: 7.48 | P100: 0 | Q100: RB966928 | R100: Tardia | S100: 5 | T100: 4o. Corte | U100: 1 | V100: 44241 | W100: 999 | X100: N | Y100: N | AB100: N | AC100: S | AD100: N | AE100: N | AF100: N | AG100: 2 | AH100: 0 | AI100: 2 | AJ100: 0 | AK100: 61 | AL100: mC | AM100: 0,9 x 1,5-Alternado | AN100: 7.48 | AO100: 82.62 | AP100: 617.9976 | AQ100: 7.48 | AR100: 75.07 | AS100: 561.5236 | BC100: Fechado | BD100: 45805 | BE100: 685.4 | BF100: Propria | BG100: RAIZEN ENERGIA S/A - FILIAL IPAUSSU | BH100: =TODAY()-BD100 -> 318
...

Sheet Base Fazendas
A1: NUM | B1: FAZENDA
A2: 9001 | B2: S.HELENA | C2: 1
A3: 9001 | B3: S.HELENA | C3: 1
A4: 9001 | B4: S.HELENA | C4: 1
A5: 9001 | B5: S.HELENA | C5: 1
A6: 9001 | B6: S.HELENA | C6: 1
A7: 9001 | B7: S.HELENA | C7: 1
A8: 9001 | B8: S.HELENA | C8: 1
A9: 9001 | B9: S.HELENA | C9: 1
A10: 9001 | B10: S.HELENA | C10: 1
A11: 9001 | B11: S.HELENA | C11: 1
A12: 9001 | B12: S.HELENA | C12: 2
A13: 9001 | B13: S.HELENA | C13: 2
... A340: 9113 | B340: V.DOURAD.I | C340: 107
A341: 9113 | B341: V.DOURAD.I | C341: 107 | F341: P01 | G341: PATIO SANTA ROSA
A342: 9113 | B342: V.DOURAD.I | C342: 107 | F342: P02 | G342: PATIO ESPLANADA
A343: 9113 | B343: V.DOURAD.I | C343: 107 | F343: P03 | G343: PATIO NIAGARA
A344: 9113 | B344: V.DOURAD.I | C344: 107
A345: 9113 | B345: V.DOURAD.I | C345: 107
A346: 9113 | B346: V.DOURAD.I | C346: 107
A347: 9113 | B347: V.DOURAD.I | C347: 107
A348: 9113 | B348: V.DOURAD.I | C348: 107
A349: 9113 | B349: V.DOURAD.I | C349: 107
A350: 9113 | B350: V.DOURAD.I | C350: 107
A351: 9113 | B351: V.DOURAD.I | C351: 108
A352: 9113 | B352: V.DOURAD.I | C352: 108
A353: 9113 | B353: V.DOURAD.I | C353: 108
A354: 9113 | B354: V.DOURAD.I | C354: 108
A355: 9113 | B355: V.DOURAD.I | C355: 108
... A4899: 99693 | B4899: OLHOS D AGUA | C4899: 1
A4900: P02 | B4900: Patio Esplanada | C4900: 1
A4901: P01 | B4901: Patio corretivo AGR | C4901: 1
A4902: P03 | B4902: Patio Niagara | C4902: 1

Sheet Tratos
A1: CHAVESIG | B1: CHAVEZONA | C1: NUM | D1: FAZENDA | E1: ZONA | F1: TALHAO | G1: AREA_HA | H1: AREA_DANO | I1: AREA_MUDA | J1: AREA_ESTIM | K1: VARIED | L1: ESTAGIO | M1: DATA COLHEITA | N1: TCH_PRÉ | O1: STATUS TALHÃO | P1: |Raio | Q1: Programado_Aleiramento | R1: Programado_Calcario | S1: Área_Programada_Calcario | T1: Data_Programada_Calcario | U1: Codigo_Programado_Calcario | V1: Produto_Programado_Calcario | W1: Dose_Programada_Calcario | X1: Volume_Calcario
A2: 90010050011 | B2: 90015 | C2: 9001 | D2: FAZENDA SANTA HELENA | E2: 5 | F2: 11 | G2: 4.73 | H2: 0 | J2: 4.73 | K2: CTC9003 | L2: 1o. Corte - 18 Meses | M2: 46143 | N2: 140 | O2: Tratos | P2: 7 | Q2: Sim | R2: Sim | S2: 4.73 | T2: 46143 | U2: 3502934 | V2: Calcário | W2: 1 | X2: 4.73
A3: 90010050012 | B3: 90015 | C3: 9001 | D3: FAZENDA SANTA HELENA | E3: 5 | F3: 12 | G3: 6.19 | H3: 0 | J3: 6.19 | K3: CTC9003 | L3: 1o. Corte - 18 Meses | M3: 46143 | N3: 140 | O3: Tratos | P3: 7 | Q3: Sim | R3: Sim | S3: 6.19 | T3: 46143 | U3: 3502934 | V3: Calcário | W3: 1 | X3: 6.19
A4: 90010050013 | B4: 90015 | C4: 9001 | D4: FAZENDA SANTA HELENA | E4: 5 | F4: 13 | G4: 4.66 | H4: 0 | J4: 4.66 | K4: CTC9003 | L4: 1o. Corte - 18 Meses | M4: 46143 | N4: 140 | O4: Tratos | P4: 7 | Q4: Sim | R4: Sim | S4: 4.66 | T4: 46143 | U4: 3502934 | V4: Calcário | W4: 1 | X4: 4.66
A5: 90010050014 | B5: 90015 | C5: 9001 | D5: FAZENDA SANTA HELENA | E5: 5 | F5: 14 | G5: 1.89 | H5: 0 | J5: 1.89 | K5: CTC9003 | L5: 1o. Corte - 18 Meses | M5: 46143 | N5: 140 | O5: Tratos | P5: 7 | Q5: Sim | R5: Sim | S5: 1.89 | T5: 46143 | U5: 3502934 | V5: Calcário | W5: 1 | X5: 1.89
A6: 90010050025 | B6: 90015 | C6: 9001 | D6: FAZENDA SANTA HELENA | E6: 5 | F6: 25 | G6: 2.35 | H6: 0 | J6: 2.35 | K6: CTC9003 | L6: 1o. Corte - 18 Meses | M6: 46143 | N6: 140 | O6: Tratos | P6: 7 | Q6: Sim | R6: Sim | S6: 2.35 | T6: 46143 | U6: 3502934 | V6: Calcário | W6: 1 | X6: 2.35
A7: 90010050026 | B7: 90015 | C7: 9001 | D7: FAZENDA SANTA HELENA | E7: 5 | F7: 26 | G7: 0.41 | H7: 0 | J7: 0.41 | K7: CTC9003 | L7: 1o. Corte - 18 Meses | M7: 46143 | N7: 140 | O7: Tratos | P7: 7 | Q7: Sim | R7: Sim | S7: 0.41 | T7: 46143 | U7: 3502934 | V7: Calcário | W7: 1 | X7: 0.41
A8: 90030100001 | B8: 900310 | C8: 9003 | D8: FAZENDA SANTA ROSA | E8: 10 | F8: 1 | G8: 0.31 | H8: 0 | J8: 0.31 | K8: RB985476 | L8: 2o. Corte | M8: 46143 | N8: 100 | O8: Tratos | P8: 1 | Q8: Sim | R8: Sim | S8: 0.31 | T8: 46143 | U8: 3502934 | V8: Calcário | W8: 1 | X8: 0.31
A9: 90030100002 | B9: 900310 | C9: 9003 | D9: FAZENDA SANTA ROSA | E9: 10 | F9: 2 | G9: 6.96 | H9: 1.5 | J9: 5.46 | K9: RB985476 | L9: 2o. Corte | M9: 46143 | N9: 100 | O9: Tratos | P9: 1 | Q9: Sim | R9: Sim | S9: 5.46 | T9: 46143 | U9: 3502934 | V9: Calcário | W9: 1 | X9: 5.46
A10: 90030100003 | B10: 900310 | C10: 9003 | D10: FAZENDA SANTA ROSA | E10: 10 | F10: 3 | G10: 2.28 | H10: 0 | J10: 2.28 | K10: RB985476 | L10: 2o. Corte | M10: 46143 | N10: 100 | O10: Tratos | P10: 1 | Q10: Sim | R10: Sim | S10: 2.28 | T10: 46143 | U10: 3502934 | V10: Calcário | W10: 1 | X10: 2.28
A11: 90030100004 | B11: 900310 | C11: 9003 | D11: FAZENDA SANTA ROSA | E11: 10 | F11: 4 | G11: 2.3 | H11: 0.5 | J11: 1.8 | K11: RB985476 | L11: 2o. Corte | M11: 46143 | N11: 100 | O11: Tratos | P11: 1 | Q11: Sim | R11: Sim | S11: 1.8 | T11: 46143 | U11: 3502934 | V11: Calcário | W11: 1 | X11: 1.8
A12: 90030100005 | B12: 900310 | C12: 9003 | D12: FAZENDA SANTA ROSA | E12: 10 | F12: 5 | G12: 0.94 | H12: 0.2 | J12: 0.74 | K12: RB985476 | L12: 2o. Corte | M12: 46143 | N12: 100 | O12: Tratos | P12: 1 | Q12: Sim | R12: Sim | S12: 0.74 | T12: 46143 | U12: 3502934 | V12: Calcário | W12: 1 | X12: 0.74
A13: 90030100006 | B13: 900310 | C13: 9003 | D13: FAZENDA SANTA ROSA | E13: 10 | F13: 6 | G13: 3.17 | H13: 0 | J13: 3.17 | K13: RB985476 | L13: 2o. Corte | M13: 46143 | N13: 100 | O13: Tratos | P13: 1 | Q13: Sim | R13: Sim | S13: 3.17 | T13: 46143 | U13: 3502934 | V13: Calcário | W13: 1 | X13: 3.17
... A39: 91111120010 | B39: 9111112 | C39: 9111 | D39: FAZENDA SANTA HERMINIA | E39: 112 | F39: 10 | G39: 3.91 | H39: 0 | J39: 3.91 | K39: RB985476 | L39: 1o. Corte - 18 Meses | M39: 46235 | N39: 125 | O39: Tratos | P39: 4 | Q39: Sim | R39: Sim | S39: 3.91 | T39: 46235 | U39: 3502934 | V39: Calcário | W39: 1 | X39: 3.91
A40: 91111120014 | B40: 9111112 | C40: 9111 | D40: FAZENDA SANTA HERMINIA | E40: 112 | F40: 14 | G40: 12.74 | H40: 0 | I40: 8.3 | J40: 4.44 | K40: RB985476 | L40: 1o. Corte - 18 Meses | M40: 46235 | N40: 125 | O40: Tratos | P40: 4 | Q40: Sim | R40: Sim | S40: 4.44 | T40: 46235 | U40: 3502934 | V40: Calcário | W40: 1 | X40: 4.44
A41: 91111120015 | B41: 9111112 | C41: 9111 | D41: FAZENDA SANTA HERMINIA | E41: 112 | F41: 15 | G41: 20.77 | H41: 0 | I41: 20.32 | J41: 0.45 | K41: CTC9007 | L41: 1o. Corte - 18 Meses | M41: 46235 | N41: 125 | O41: Tratos | P41: 4 | Q41: Sim | R41: Sim | S41: 0.45 | T41: 46235 | U41: 3502934 | V41: Calcário | W41: 1 | X41: 0.45
A42: 91111120016 | B42: 9111112 | C42: 9111 | D42: FAZENDA SANTA HERMINIA | E42: 112 | F42: 16 | G42: 9.35 | H42: 0 | I42: 3.21 | J42: 6.14 | K42: IACSP95-5094 | L42: 1o. Corte - 18 Meses | M42: 46235 | N42: 125 | O42: Tratos | P42: 4 | Q42: Sim | R42: Sim | S42: 6.14 | T42: 46235 | U42: 3502934 | V42: Calcário | W42: 1 | X42: 6.14
A43: 91111120020 | B43: 9111112 | C43: 9111 | D43: FAZENDA SANTA HERMINIA | E43: 112 | F43: 20 | G43: 7.39 | H43: 0 | J43: 7.39 | K43: IACSP95-5094 | L43: 1o. Corte - 18 Meses | M43: 46235 | N43: 125 | O43: Tratos | P43: 4 | Q43: Sim | R43: Sim | S43: 7.39 | T43: 46235 | U43: 3502934 | V43: Calcário | W43: 1 | X43: 7.39
A44: 91111130001 | B44: 9111113 | C44: 9111 | D44: FAZENDA SANTA HERMINIA | E44: 113 | F44: 1 | G44: 13.17 | H44: 0 | J44: 13.17 | K44: CT96-1007 | L44: 1o. Corte - 18 Meses | M44: 46113 | N44: 125 | O44: Tratos | P44: 3 | Q44: Sim | R44: Sim | S44: 13.17 | T44: 46113 | U44: 3502934 | V44: Calcário | W44: 1 | X44: 13.17
A45: 91111130002 | B45: 9111113 | C45: 9111 | D45: FAZENDA SANTA HERMINIA | E45: 113 | F45: 2 | G45: 16.33 | H45: 0 | J45: 16.33 | K45: CT96-1007 | L45: 1o. Corte - 18 Meses | M45: 46113 | N45: 125 | O45: Tratos | P45: 3 | Q45: Sim | R45: Sim | S45: 16.33 | T45: 46113 | U45: 3502934 | V45: Calcário | W45: 1 | X45: 16.33
A46: 91131070001 | B46: 9113107 | C46: 9113 | D46: FAZENDA VALE DOURADO I | E46: 107 | F46: 1 | G46: 0.41 | H46: 0 | J46: 0.41 | K46: CV6654 | L46: 2o. Corte | M46: 46235 | N46: 110 | O46: Tratos | P46: 11 | Q46: Sim | R46: Sim | S46: 0.41 | T46: 46235 | U46: 3502934 | V46: Calcário | W46: 1 | X46: 0.41
A47: 91131070002 | B47: 9113107 | C47: 9113 | D47: FAZENDA VALE DOURADO I | E47: 107 | F47: 2 | G47: 1.8 | H47: 0 | J47: 1.8 | K47: CV6654 | L47: 2o. Corte | M47: 46235 | N47: 110 | O47: Tratos | P47: 11 | Q47: Sim | R47: Sim | S47: 1.8 | T47: 46235 | U47: 3502934 | V47: Calcário | W47: 1 | X47: 1.8
A48: 91131070003 | B48: 9113107 | C48: 9113 | D48: FAZENDA VALE DOURADO I | E48: 107 | F48: 3 | G48: 1 | H48: 0 | J48: 1 | K48: CV6654 | L48: 2o. Corte | M48: 46235 | N48: 110 | O48: Tratos | P48: 11 | Q48: Sim | R48: Sim | S48: 1 | T48: 46235 | U48: 3502934 | V48: Calcário | W48: 1 | X48: 1
A49: 91131070004 | B49: 9113107 | C49: 9113 | D49: FAZENDA VALE DOURADO I | E49: 107 | F49: 4 | G49: 4.28 | H49: 0 | J49: 4.28 | K49: CV6654 | L49: 2o. Corte | M49: 46235 | N49: 110 | O49: Tratos | P49: 11 | Q49: Sim | R49: Sim | S49: 4.28 | T49: 46235 | U49: 3502934 | V49: Calcário | W49: 1 | X49: 4.28
A50: 91131070006 | B50: 9113107 | C50: 9113 | D50: FAZENDA VALE DOURADO I | E50: 107 | F50: 6 | G50: 2.29 | H50: 0 | J50: 2.29 | K50: CV6654 | L50: 2o. Corte | M50: 46235 | N50: 110 | O50: Tratos | P50: 11 | Q50: Sim | R50: Sim | S50: 2.29 | T50: 46235 | U50: 3502934 | V50: Calcário | W50: 1 | X50: 2.29
A51: 91131070007 | B51: 9113107 | C51: 9113 | D51: FAZENDA VALE DOURADO I | E51: 107 | F51: 7 | G51: 15.36 | H51: 0 | J51: 15.36 | K51: CV6654 | L51: 2o. Corte | M51: 46235 | N51: 110 | O51: Tratos | P51: 11 | Q51: Sim | R51: Sim | S51: 15.36 | T51: 46235 | U51: 3502934 | V51: Calcário | W51: 1 | X51: 15.36
A52: 91131070008 | B52: 9113107 | C52: 9113 | D52: FAZENDA VALE DOURADO I | E52: 107 | F52: 8 | G52: 8.29 | H52: 0 | J52: 8.29 | K52: CV6654 | L52: 2o. Corte | M52: 46235 | N52: 110 | O52: Tratos | P52: 11 | Q52: Sim | R52: Sim | S52: 8.29 | T52: 46235 | U52: 3502934 | V52: Calcário | W52: 1 | X52: 8.29
A53: 91131070009 | B53: 9113107 | C53: 9113 | D53: FAZENDA VALE DOURADO I | E53: 107 | F53: 9 | G53: 7.1 | H53: 0 | J53: 7.1 | K53: CV6654 | L53: 2o. Corte | M53: 46235 | N53: 110 | O53: Tratos | P53: 11 | Q53: Sim | R53: Sim | S53: 7.1 | T53: 46235 | U53: 3502934 | V53: Calcário | W53: 1 | X53: 7.1
A54: 91131070010 | B54: 9113107 | C54: 9113 | D54: FAZENDA VALE DOURADO I | E54: 107 | F54: 10 | G54: 9.11 | H54: 0 | J54: 9.11 | K54: CV6654 | L54: 2o. Corte | M54: 46235 | N54: 110 | O54: Tratos | P54: 11 | Q54: Sim | R54: Sim | S54: 9.11 | T54: 46235 | U54: 3502934 | V54: Calcário | W54: 1 | X54: 9.11
... A154: 91341670011 | B154: 9134167 | C154: 9134 | D154: FAZENDA S O JOS DA VISTA ALEGRE | E154: 167 | F154: 11 | G154: 14.87 | H154: 0 | J154: 14.87 | K154: RB975242 | L154: 3o. Corte | M154: 46204 | N154: 75 | O154: Tratos | P154: 40 | Q154: Sim | R154: Sim | S154: 14.87 | T154: 46204 | U154: 3502934 | V154: Calcário | W154: 1 | X154: 14.87
A155: 91341680001 | B155: 9134168 | C155: 9134 | D155: FAZENDA S O JOS DA VISTA ALEGRE | E155: 168 | F155: 1 | G155: 21.96 | H155: 0 | I155: 2.03 | J155: 19.93 | K155: VIVEIRO | L155: 2o. Corte | M155: 46204 | N155: 90 | O155: Tratos | P155: 39 | Q155: Sim | R155: Sim | S155: 19.93 | T155: 46204 | U155: 3502934 | V155: Calcário | W155: 1 | X155: 19.93
A156: 91341680002 | B156: 9134168 | C156: 9134 | D156: FAZENDA S O JOS DA VISTA ALEGRE | E156: 168 | F156: 2 | G156: 15.16 | H156: 0 | I156: 1.15 | J156: 14.01 | K156: VIVEIRO | L156: 2o. Corte | M156: 46174 | N156: 90 | O156: Tratos | P156: 39 | Q156: Sim | R156: Sim | S156: 14.01 | T156: 46174 | U156: 3502934 | V156: Calcário | W156: 1 | X156: 14.01
A157: 91341680003 | B157: 9134168 | C157: 9134 | D157: FAZENDA S O JOS DA VISTA ALEGRE | E157: 168 | F157: 3 | G157: 32.59 | H157: 0 | J157: 32.59 | K157: VIVEIRO | L157: 2o. Corte | M157: 46174 | N157: 90 | O157: Tratos | P157: 39 | Q157: Sim | R157: Sim | S157: 32.59 | T157: 46174 | U157: 3502934 | V157: Calcário | W157: 1 | X157: 32.59
A158: 91341680004 | B158: 9134168 | C158: 9134 | D158: FAZENDA S O JOS DA VISTA ALEGRE | E158: 168 | F158: 4 | G158: 13.29 | H158: 0 | J158: 13.29 | K158: VIVEIRO | L158: 2o. Corte | M158: 46204 | N158: 90 | O158: Tratos | P158: 39 | Q158: Sim | R158: Sim | S158: 13.29 | T158: 46204 | U158: 3502934 | V158: Calcário | W158: 1 | X158: 13.29
A159: 91341680005 | B159: 9134168 | C159: 9134 | D159: FAZENDA S O JOS DA VISTA ALEGRE | E159: 168 | F159: 5 | G159: 7.94 | H159: 0 | J159: 7.94 | K159: VIVEIRO | L159: 2o. Corte | M159: 46204 | N159: 90 | O159: Tratos | P159: 39 | Q159: Sim | R159: Sim | S159: 7.94 | T159: 46204 | U159: 3502934 | V159: Calcário | W159: 1 | X159: 7.94
A160: 91341680006 | B160: 9134168 | C160: 9134 | D160: FAZENDA S O JOS DA VISTA ALEGRE | E160: 168 | F160: 6 | G160: 8.11 | H160: 0 | J160: 8.11 | K160: VIVEIRO | L160: 2o. Corte | M160: 46204 | N160: 90 | O160: Tratos | P160: 39 | Q160: Sim | R160: Sim | S160: 8.11 | T160: 46204 | U160: 3502934 | V160: Calcário | W160: 1 | X160: 8.11
A161: 91341680007 | B161: 9134168 | C161: 9134 | D161: FAZENDA S O JOS DA VISTA ALEGRE | E161: 168 | F161: 7 | G161: 7.31 | H161: 0 | J161: 7.31 | K161: VIVEIRO | L161: 2o. Corte | M161: 46204 | N161: 90 | O161: Tratos | P161: 39 | Q161: Sim | R161: Sim | S161: 7.31 | T161: 46204 | U161: 3502934 | V161: Calcário | W161: 1 | X161: 7.31
A162: 91341680008 | B162: 9134168 | C162: 9134 | D162: FAZENDA S O JOS DA VISTA ALEGRE | E162: 168 | F162: 8 | G162: 11.19 | H162: 0 | J162: 11.19 | K162: CT96-1007 | L162: 2o. Corte | M162: 46204 | N162: 90 | O162: Tratos | P162: 39 | Q162: Sim | R162: Sim | S162: 11.19 | T162: 46204 | U162: 3502934 | V162: Calcário | W162: 1 | X162: 11.19
A163: 91341680009 | B163: 9134168 | C163: 9134 | D163: FAZENDA S O JOS DA VISTA ALEGRE | E163: 168 | F163: 9 | G163: 28.55 | H163: 0 | J163: 28.55 | K163: CT96-1007 | L163: 2o. Corte | M163: 46204 | N163: 90 | O163: Tratos | P163: 39 | Q163: Sim | R163: Sim | S163: 28.55 | T163: 46204 | U163: 3502934 | V163: Calcário | W163: 1 | X163: 28.55
A164: 91341690001 | B164: 9134169 | C164: 9134 | D164: FAZENDA S O JOS DA VISTA ALEGRE | E164: 169 | F164: 1 | G164: 9.13 | H164: 0 | J164: 9.13 | K164: RB975242 | L164: 1o. Corte - 18 Meses | M164: 46204 | N164: 110 | O164: Tratos | P164: 40 | Q164: Sim | R164: Sim | S164: 9.13 | T164: 46204 | U164: 3502934 | V164: Calcário | W164: 1 | X164: 9.13
A165: 91341690002 | B165: 9134169 | C165: 9134 | D165: FAZENDA S O JOS DA VISTA ALEGRE | E165: 169 | F165: 2 | G165: 10.64 | H165: 0 | J165: 10.64 | K165: RB975242 | L165: 1o. Corte - 18 Meses | M165: 46204 | N165: 110 | O165: Tratos | P165: 40 | Q165: Sim | R165: Sim | S165: 10.64 | T165: 46204 | U165: 3502934 | V165: Calcário | W165: 1 | X165: 10.64
A166: 91341690003 | B166: 9134169 | C166: 9134 | D166: FAZENDA S O JOS DA VISTA ALEGRE | E166: 169 | F166: 3 | G166: 11.01 | H166: 0 | J166: 11.01 | K166: RB975242 | L166: 1o. Corte - 18 Meses | M166: 46204 | N166: 110 | O166: Tratos | P166: 40 | Q166: Sim | R166: Sim | S166: 11.01 | T166: 46204 | U166: 3502934 | V166: Calcário | W166: 1 | X166: 11.01
A167: 91341690004 | B167: 9134169 | C167: 9134 | D167: FAZENDA S O JOS DA VISTA ALEGRE | E167: 169 | F167: 4 | G167: 5.64 | H167: 0 | J167: 5.64 | K167: RB975242 | L167: 1o. Corte - 18 Meses | M167: 46204 | N167: 110 | O167: Tratos | P167: 40 | Q167: Sim | R167: Sim | S167: 5.64 | T167: 46204 | U167: 3502934 | V167: Calcário | W167: 1 | X167: 5.64
A168: 91341690005 | B168: 9134169 | C168: 9134 | D168: FAZENDA S O JOS DA VISTA ALEGRE | E168: 169 | F168: 5 | G168: 3.52 | H168: 0 | J168: 3.52 | K168: RB975242 | L168: 1o. Corte - 18 Meses | M168: 46204 | N168: 110 | O168: Tratos | P168: 40 | Q168: Sim | R168: Sim | S168: 3.52 | T168: 46204 | U168: 3502934 | V168: Calcário | W168: 1 | X168: 3.52
... A228: 91802030022 | B228: 9180203 | C228: 9180 | D228: SITIO SAO JOAO | E228: 203 | F228: 22 | G228: 2.64 | H228: 0 | J228: 2.64 | K228: CTC9003 | L228: 1o. Corte - 18 Meses | M228: 46143 | N228: 125 | O228: Tratos | P228: 5 | Q228: Sim | R228: Sim | S228: 2.64 | T228: 46143 | U228: 3502934 | V228: Calcário | W228: 1 | X228: 2.64
A229: 91802030023 | B229: 9180203 | C229: 9180 | D229: SITIO SAO JOAO | E229: 203 | F229: 23 | G229: 2.79 | H229: 0 | I229: 0.68 | J229: 2.11 | K229: RB975201 | L229: 1o. Corte - 18 Meses | M229: 46143 | N229: 125 | O229: Tratos | P229: 5 | Q229: Sim | R229: Sim | S229: 2.11 | T229: 46143 | U229: 3502934 | V229: Calcário | W229: 1 | X229: 2.11
A230: 91822050001 | B230: 9182205 | C230: 9182 | D230: FAZENDA SANTA TEREZINHA | E230: 205 | F230: 1 | G230: 15.38 | H230: 0 | J230: 15.38 | K230: CTC9003 | L230: 3o. Corte | M230: 46266 | N230: 78 | O230: Tratos | P230: 29.1 | Q230: Sim | R230: Sim | S230: 15.38 | T230: 46266 | U230: 3502934 | V230: Calcário | W230: 1 | X230: 15.38
A231: 91822050002 | B231: 9182205 | C231: 9182 | D231: FAZENDA SANTA TEREZINHA | E231: 205 | F231: 2 | G231: 14.57 | H231: 0 | J231: 14.57 | K231: CTC9003 | L231: 3o. Corte | M231: 46266 | N231: 78 | O231: Tratos | P231: 24 | Q231: Sim | R231: Sim | S231: 14.57 | T231: 46266 | U231: 3502934 | V231: Calcário | W231: 1 | X231: 14.57
A232: 91822050003 | B232: 9182205 | C232: 9182 | D232: FAZENDA SANTA TEREZINHA | E232: 205 | F232: 3 | G232: 16.11 | H232: 0 | J232: 16.11 | K232: CTC9003 | L232: 3o. Corte | M232: 46266 | N232: 78 | O232: Tratos | P232: 24 | Q232: Sim | R232: Sim | S232: 16.11 | T232: 46266 | U232: 3502934 | V232: Calcário | W232: 1 | X232: 16.11
A233: 91822050004 | B233: 9182205 | C233: 9182 | D233: FAZENDA SANTA TEREZINHA | E233: 205 | F233: 4 | G233: 2.95 | H233: 0 | J233: 2.95 | K233: CTC9003 | L233: 2o. Corte | M233: 46266 | N233: 88 | O233: Tratos | P233: 29.1 | Q233: Sim | R233: Sim | S233: 2.95 | T233: 46266 | U233: 3502934 | V233: Calcário | W233: 1 | X233: 2.95
A234: 91822050005 | B234: 9182205 | C234: 9182 | D234: FAZENDA SANTA TEREZINHA | E234: 205 | F234: 5 | G234: 12.89 | H234: 0 | J234: 12.89 | K234: CTC9003 | L234: 2o. Corte | M234: 46266 | N234: 88 | O234: Tratos | P234: 29.1 | Q234: Sim | R234: Sim | S234: 12.89 | T234: 46266 | U234: 3502934 | V234: Calcário | W234: 1 | X234: 12.89
A235: 91822050006 | B235: 9182205 | C235: 9182 | D235: FAZENDA SANTA TEREZINHA | E235: 205 | F235: 6 | G235: 5.55 | H235: 0 | J235: 5.55 | K235: CTC9003 | L235: 2o. Corte | M235: 46266 | N235: 88 | O235: Tratos | P235: 29.1 | Q235: Sim | R235: Sim | S235: 5.55 | T235: 46266 | U235: 3502934 | V235: Calcário | W235: 1 | X235: 5.55
A236: 91822050007 | B236: 9182205 | C236: 9182 | D236: FAZENDA SANTA TEREZINHA | E236: 205 | F236: 7 | G236: 8.51 | H236: 0 | J236: 8.51 | K236: CTC9003 | L236: 2o. Corte | M236: 46266 | N236: 88 | O236: Tratos | P236: 29.1 | Q236: Sim | R236: Sim | S236: 8.51 | T236: 46266 | U236: 3502934 | V236: Calcário | W236: 1 | X236: 8.51
A237: 91822050008 | B237: 9182205 | C237: 9182 | D237: FAZENDA SANTA TEREZINHA | E237: 205 | F237: 8 | G237: 15.77 | H237: 0 | J237: 15.77 | K237: CTC9003 | L237: 3o. Corte | M237: 46266 | N237: 78 | O237: Tratos | P237: 24 | Q237: Sim | R237: Sim | S237: 15.77 | T237: 46266 | U237: 3502934 | V237: Calcário | W237: 1 | X237: 15.77
A238: 91822050009 | B238: 9182205 | C238: 9182 | D238: FAZENDA SANTA TEREZINHA | E238: 205 | F238: 9 | G238: 2.19 | H238: 0 | J238: 2.19 | K238: CTC9003 | L238: 2o. Corte | M238: 46266 | N238: 88 | O238: Tratos | P238: 29.1 | Q238: Sim | R238: Sim | S238: 2.19 | T238: 46266 | U238: 3502934 | V238: Calcário | W238: 1 | X238: 2.19
A239: 91822050010 | B239: 9182205 | C239: 9182 | D239: FAZENDA SANTA TEREZINHA | E239: 205 | F239: 10 | G239: 1.35 | H239: 0 | J239: 1.35 | K239: CTC9003 | L239: 2o. Corte | M239: 46266 | N239: 88 | O239: Tratos | P239: 29.1 | Q239: Sim | R239: Sim | S239: 1.35 | T239: 46266 | U239: 3502934 | V239: Calcário | W239: 1 | X239: 1.35
A240: 91822050011 | B240: 9182205 | C240: 9182 | D240: FAZENDA SANTA TEREZINHA | E240: 205 | F240: 11 | G240: 0.05 | H240: 0 | J240: 0.05 | K240: CTC9003 | L240: 2o. Corte | M240: 46266 | N240: 88 | O240: Tratos | P240: 29.1 | Q240: Sim | R240: Sim | S240: 0.05 | T240: 46266 | U240: 3502934 | V240: Calcário | W240: 1 | X240: 0.05
A241: 91822050012 | B241: 9182205 | C241: 9182 | D241: FAZENDA SANTA TEREZINHA | E241: 205 | F241: 12 | G241: 12.62 | H241: 0 | J241: 12.62 | K241: CTC9003 | L241: 2o. Corte | M241: 46266 | N241: 88 | O241: Tratos | P241: 29.1 | Q241: Sim | R241: Sim | S241: 12.62 | T241: 46266 | U241: 3502934 | V241: Calcário | W241: 1 | X241: 12.62
... A264: 91872160004 | B264: 9187216 | C264: 9187 | D264: FAZENDA S O PEDRO | E264: 216 | F264: 4 | G264: 7.01 | H264: 0 | J264: 7.01 | K264: CTC9003 | L264: 1o. Corte-12M Inv. | M264: 46143 | N264: 110 | O264: Tratos | P264: 31 | Q264: Sim | R264: Sim | S264: 7.01 | T264: 46143 | U264: 3502934 | V264: Calcário | W264: 1 | X264: 7.01
A265: 91882170006 | B265: 9188217 | C265: 9188 | D265: FAZENDA SAO PEDRO | E265: 217 | F265: 6 | G265: 39.06 | H265: 0 | I265: 39.06 | J265: 0 | K265: CTC9003 | L265: 1o. Corte-12M Inv. | M265: 46143 | N265: 110 | O265: Muda Talhão Int | P265: 32 | Q265: Sim | R265: Sim | S265: 0 | T265: 46143 | U265: 3502934 | V265: Calcário | W265: 1 | X265: 0
A266: 91882170007 | B266: 9188217 | C266: 9188 | D266: FAZENDA SAO PEDRO | E266: 217 | F266: 7 | G266: 17.03 | H266: 0 | I266: 17.03 | J266: 0 | K266: CTC9003 | L266: 1o. Corte-12M Inv. | M266: 46143 | N266: 110 | O266: Muda Talhão Int | P266: 32 | Q266: Sim | R266: Sim | S266: 0 | T266: 46143 | U266: 3502934 | V266: Calcário | W266: 1 | X266: 0
A267: 91912120001 | B267: 9191212 | C267: 9191 | D267: RANCHO MEU RINCAO | E267: 212 | F267: 1 | G267: 0.67 | H267: 0 | J267: 0.67 | K267: IACSP95-5094 | L267: 1o. Corte - 18 Meses | M267: 46204 | N267: 150 | O267: Tratos | P267: 14 | Q267: Sim | R267: Sim | S267: 0.67 | T267: 46204 | U267: 3502934 | V267: Calcário | W267: 1 | X267: 0.67
A268: 91912120002 | B268: 9191212 | C268: 9191 | D268: RANCHO MEU RINCAO | E268: 212 | F268: 2 | G268: 7.16 | H268: 0 | J268: 7.16 | K268: IACSP95-5094 | L268: 1o. Corte - 18 Meses | M268: 46204 | N268: 150 | O268: Tratos | P268: 14 | Q268: Sim | R268: Sim | S268: 7.16 | T268: 46204 | U268: 3502934 | V268: Calcário | W268: 1 | X268: 7.16
A269: 91912120003 | B269: 9191212 | C269: 9191 | D269: RANCHO MEU RINCAO | E269: 212 | F269: 3 | G269: 2.38 | H269: 0 | J269: 2.38 | K269: IACSP95-5094 | L269: 1o. Corte - 18 Meses | M269: 46204 | N269: 150 | O269: Tratos | P269: 14 | Q269: Sim | R269: Sim | S269: 2.38 | T269: 46204 | U269: 3502934 | V269: Calcário | W269: 1 | X269: 2.38
A270: 91912120004 | B270: 9191212 | C270: 9191 | D270: RANCHO MEU RINCAO | E270: 212 | F270: 4 | G270: 0.82 | H270: 0 | J270: 0.82 | K270: IACSP95-5094 | L270: 1o. Corte - 18 Meses | M270: 46204 | N270: 150 | O270: Tratos | P270: 14 | Q270: Sim | R270: Sim | S270: 0.82 | T270: 46204 | U270: 3502934 | V270: Calcário | W270: 1 | X270: 0.82
A271: 91912120005 | B271: 9191212 | C271: 9191 | D271: RANCHO MEU RINCAO | E271: 212 | F271: 5 | G271: 0.68 | H271: 0 | J271: 0.68 | K271: IACSP95-5094 | L271: 1o. Corte - 18 Meses | M271: 46204 | N271: 150 | O271: Tratos | P271: 14 | Q271: Sim | R271: Sim | S271: 0.68 | T271: 46204 | U271: 3502934 | V271: Calcário | W271: 1 | X271: 0.68
A272: 91912120006 | B272: 9191212 | C272: 9191 | D272: RANCHO MEU RINCAO | E272: 212 | F272: 6 | G272: 0.5 | H272: 0 | J272: 0.5 | K272: IACSP95-5094 | L272: 1o. Corte - 18 Meses | M272: 46204 | N272: 150 | O272: Tratos | P272: 14 | Q272: Sim | R272: Sim | S272: 0.5 | T272: 46204 | U272: 3502934 | V272: Calcário | W272: 1 | X272: 0.5
A273: 91912120007 | B273: 9191212 | C273: 9191 | D273: RANCHO MEU RINCAO | E273: 212 | F273: 7 | G273: 0.36 | H273: 0 | J273: 0.36 | K273: IACSP95-5094 | L273: 1o. Corte - 18 Meses | M273: 46204 | N273: 150 | O273: Tratos | P273: 14 | Q273: Sim | R273: Sim | S273: 0.36 | T273: 46204 | U273: 3502934 | V273: Calcário | W273: 1 | X273: 0.36
A274: 91912120008 | B274: 9191212 | C274: 9191 | D274: RANCHO MEU RINCAO | E274: 212 | F274: 8 | G274: 3.07 | H274: 0 | J274: 3.07 | K274: IACSP95-5094 | L274: 1o. Corte - 18 Meses | M274: 46204 | N274: 150 | O274: Tratos | P274: 14 | Q274: Sim | R274: Sim | S274: 3.07 | T274: 46204 | U274: 3502934 | V274: Calcário | W274: 1 | X274: 3.07
A275: 91922130001 | B275: 9192213 | C275: 9192 | D275: SITIO OURO VERDE | E275: 213 | F275: 1 | G275: 11.73 | H275: 0 | J275: 11.73 | K275: CTC9003 | L275: 2o. Corte | M275: 46296 | N275: 100 | O275: Tratos | P275: 33 | Q275: Sim | R275: Sim | S275: 11.73 | T275: 46296 | U275: 3502934 | V275: Calcário | W275: 1 | X275: 11.73
A276: 91922130002 | B276: 9192213 | C276: 9192 | D276: SITIO OURO VERDE | E276: 213 | F276: 2 | G276: 15.24 | H276: 0 | J276: 15.24 | K276: CTC9003 | L276: 2o. Corte | M276: 46296 | N276: 100 | O276: Tratos | P276: 33 | Q276: Sim | R276: Sim | S276: 15.24 | T276: 46296 | U276: 3502934 | V276: Calcário | W276: 1 | X276: 15.24
A277: 91922130003 | B277: 9192213 | C277: 9192 | D277: SITIO OURO VERDE | E277: 213 | F277: 3 | G277: 7.39 | H277: 0 | J277: 7.39 | K277: CTC9003 | L277: 2o. Corte | M277: 46296 | N277: 100 | O277: Tratos | P277: 33 | Q277: Sim | R277: Sim | S277: 7.39 | T277: 46296 | U277: 3502934 | V277: Calcário | W277: 1 | X277: 7.39
A278: 91922130004 | B278: 9192213 | C278: 9192 | D278: SITIO OURO VERDE | E278: 213 | F278: 4 | G278: 4.12 | H278: 0 | J278: 4.12 | K278: RB975242 | L278: 2o. Corte | M278: 46296 | N278: 100 | O278: Tratos | P278: 33 | Q278: Sim | R278: Sim | S278: 4.12 | T278: 46296 | U278: 3502934 | V278: Calcário | W278: 1 | X278: 4.12
... A418: 192232690009 | B418: 19223269 | C418: 19223 | D418: FAZENDA SANTA CLARA | E418: 269 | F418: 9 | G418: 2.07 | H418: 0 | J418: 2.07 | K418: RB975242 | L418: 1o. Corte - 18 Meses | M418: 46204 | N418: 110 | O418: Tratos | P418: 61 | Q418: Sim | R418: Sim | S418: 2.07 | T418: 46204 | U418: 3502934 | V418: Calcário | W418: 1 | X418: 2.07
A419: 192232690010 | B419: 19223269 | C419: 19223 | D419: FAZENDA SANTA CLARA | E419: 269 | F419: 10 | G419: 16.21 | H419: 0 | I419: 15.61 | J419: 0.6 | K419: CTC9006 | L419: 2o. Corte | M419: 46204 | N419: 110 | O419: Tratos | P419: 61 | Q419: Sim | R419: Sim | S419: 0.6 | T419: 46204 | U419: 3502934 | V419: Calcário | W419: 1 | X419: 0.6
A420: 192232690011 | B420: 19223269 | C420: 19223 | D420: FAZENDA SANTA CLARA | E420: 269 | F420: 11 | G420: 0.73 | H420: 0 | J420: 0.73 | K420: CTC9006 | L420: 2o. Corte | M420: 46204 | N420: 110 | O420: Tratos | P420: 54 | Q420: Sim | R420: Sim | S420: 0.73 | T420: 46204 | U420: 3502934 | V420: Calcário | W420: 1 | X420: 0.73
A421: 192232690012 | B421: 19223269 | C421: 19223 | D421: FAZENDA SANTA CLARA | E421: 269 | F421: 12 | G421: 3.85 | H421: 0 | J421: 3.85 | K421: RB975242 | L421: 1o. Corte - 18 Meses | M421: 46204 | N421: 110 | O421: Tratos | P421: 61 | Q421: Sim | R421: Sim | S421: 3.85 | T421: 46204 | U421: 3502934 | V421: Calcário | W421: 1 | X421: 3.85
A422: 192232690013 | B422: 19223269 | C422: 19223 | D422: FAZENDA SANTA CLARA | E422: 269 | F422: 13 | G422: 20.78 | H422: 0 | J422: 20.78 | K422: RB975242 | L422: 1o. Corte - 18 Meses | M422: 46204 | N422: 110 | O422: Tratos | P422: 61 | Q422: Sim | R422: Sim | S422: 20.78 | T422: 46204 | U422: 3502934 | V422: Calcário | W422: 1 | X422: 20.78
A423: 192652740001 | B423: 19265274 | C423: 19265 | D423: FAZENDA ESPLANADA I | E423: 274 | F423: 1 | G423: 2.09 | H423: 0 | J423: 2.09 | K423: RB92579 | L423: 4o. Corte | M423: 46266 | N423: 60 | O423: Tratos | P423: 41 | Q423: Sim | R423: Sim | S423: 2.09 | T423: 46266 | U423: 3502934 | V423: Calcário | W423: 1 | X423: 2.09
A424: 192652740002 | B424: 19265274 | C424: 19265 | D424: FAZENDA ESPLANADA I | E424: 274 | F424: 2 | G424: 0.95 | H424: 0 | J424: 0.95 | K424: RB92579 | L424: 4o. Corte | M424: 46266 | N424: 60 | O424: Tratos | P424: 41 | Q424: Sim | R424: Sim | S424: 0.95 | T424: 46266 | U424: 3502934 | V424: Calcário | W424: 1 | X424: 0.95
A425: 192652740003 | B425: 19265274 | C425: 19265 | D425: FAZENDA ESPLANADA I | E425: 274 | F425: 3 | G425: 0.36 | H425: 0 | J425: 0.36 | K425: RB92579 | L425: 4o. Corte | M425: 46266 | N425: 60 | O425: Tratos | P425: 41 | Q425: Sim | R425: Sim | S425: 0.36 | T425: 46266 | U425: 3502934 | V425: Calcário | W425: 1 | X425: 0.36
