Workbook

Sheet Dashboard
A1: DASHBOARD CCT - ÁRVORE DE DECISÃO TCD
A2: META TCD: | B2: ='KPI por frente'!H3 -> 10091.25 | C2: REAL TCD: | D2: ='KPI por frente'!I3 -> 5557.74 | E2: % ATING: | F2: =IFERROR(D2/B2,0) -> 0.55074842 | G2: BATEU? | H2: =IF(D2>=B2,"SIM","NÃO") -> NÃO
A4: INDICADOR | B4: ÁREA | C4: META TOTAL | D4: REAL TOTAL | E4: % ATING | F4: STATUS
A5: Moagem [ton] | B5: TCD | C5: ='KPI por frente'!H3 -> 10091.25 | D5: ='KPI por frente'!I3 -> 5557.74 | E5: =IFERROR(D5/C5,0) -> 0.55074842 | F5: =IF(D5>=C5,"OK","OFENSOR") -> OFENSOR
A6: Densidade [ton/viag] | B6: Transporte | C6: ='KPI por frente'!H7 -> 33.5 | D6: ='KPI por frente'!I7 -> 34.120508 | E6: =IFERROR(D6/C6,0) -> 1.0185226 | F6: =IF(D6>=C6,"OK","OFENSOR") -> OK
A7: Prod. Colhedora [ton/maq/dia] | B7: Corte | C7: ='KPI por frente'!H8 -> 756.77335 | D7: ='KPI por frente'!I8 -> 783.04319 | E7: =IFERROR(D7/C7,0) -> 1.0347129 | F7: =IF(D7>=C7,"OK","OFENSOR") -> OK
A8: Vel. Colheita [km/h] | B8: Corte | C8: ='KPI por frente'!H11 -> 3.9798845 | D8: ='KPI por frente'!I11 -> 4.7187304 | E8: =IFERROR(D8/C8,0) -> 1.185645 | F8: =IF(D8>=C8,"OK","OFENSOR") -> OK
A9: Manobra [%] | B9: Corte | C9: ='KPI por frente'!H12 -> 16.735341 | D9: ='KPI por frente'!I12 -> 22.216802 | E9: =IFERROR(D9/C9,0) -> 1.3275381 | F9: =IF(D9<=C9,"OK","OFENSOR") -> OFENSOR
A10: NSO [%] | B10: Corte | C10: ='KPI por frente'!H13 -> 82.150383 | D10: ='KPI por frente'!I13 -> 86.643993 | E10: =IFERROR(D10/C10,0) -> 1.0546998 | F10: =IF(D10>=C10,"OK","OFENSOR") -> OK
A11: Disp. Colhedora [%] | B11: Corte | C11: ='KPI por frente'!H14 -> 87 | D11: ='KPI por frente'!I14 -> 87.549679 | E11: =IFERROR(D11/C11,0) -> 1.0063181 | F11: =IF(D11>=C11,"OK","OFENSOR") -> OK
A12: NS Transbordo [%] | B12: Carregamento | C12: ='KPI por frente'!H18 -> 87 | D12: ='KPI por frente'!I18 -> 91.597469 | E12: =IFERROR(D12/C12,0) -> 1.0528445 | F12: =IF(D12>=C12,"OK","OFENSOR") -> OK
A13: Vel. Transb. Vazio [km/h] | B13: Carregamento | C13: ='KPI por frente'!H19 -> 97 | D13: ='KPI por frente'!I19 -> 91.466565 | E13: =IFERROR(D13/C13,0) -> 0.94295428 | F13: =IF(D13>=C13,"OK","OFENSOR") -> OFENSOR
A14: Vel. Transb. Carreg. [km/h] | B14: Carregamento | C14: ='KPI por frente'!H20 -> 12.201245 | D14: ='KPI por frente'!I20 -> 13.810615 | E14: =IFERROR(D14/C14,0) -> 1.1319022 | F14: =IF(D14>=C14,"OK","OFENSOR") -> OK
A15: Disp. Transbordo [%] | B15: Carregamento | C15: ='KPI por frente'!H21 -> 11.237142 | D15: ='KPI por frente'!I21 -> 11.08027 | E15: =IFERROR(D15/C15,0) -> 0.98603981 | F15: =IF(D15>=C15,"OK","OFENSOR") -> OFENSOR
A16: T2 [min] | B16: Carregamento | C16: ='KPI por frente'!H24 -> 97 | D16: ='KPI por frente'!I24 -> 99.939611 | E16: =IFERROR(D16/C16,0) -> 1.0303053 | F16: =IF(D16<=C16,"OK","OFENSOR") -> OFENSOR
A17: NS Caminhão [%] | B17: Transporte | C17: ='KPI por frente'!H23 -> 75 | D17: ='KPI por frente'!I23 -> 84.023284 | E17: =IFERROR(D17/C17,0) -> 1.1203105 | F17: =IF(D17>=C17,"OK","OFENSOR") -> OK
A18: Raio [km] | B18: Transporte | C18: ='KPI por frente'!H25 -> 27 | D18: ='KPI por frente'!I25 -> 42.371528 | E18: =IFERROR(D18/C18,0) -> 1.5693158 | F18: =IF(D18<=C18,"OK","OFENSOR") -> OFENSOR
A19: Imp. Vegetal [%] | B19: Corte | C19: ='KPI por frente'!H26 -> 29.418587 | D19: ='KPI por frente'!I26 -> 41.403306 | E19: =IFERROR(D19/C19,0) -> 1.407386 | F19: =IF(D19<=C19,"OK","OFENSOR") -> OFENSOR
A20: Horas de Corte Efetivo [h/maq]

Sheet KPI por frente
A1: Frente | B1: 351 | D1: 352 | F1: 353 | H1: Total | J1: Responsabildade | L1: Aproveitamento ind | M1: 1 | N1: Meta dia | O1: 8400
A2: Indicador | B2: Meta | C2: Real | D2: Meta | E2: Real | F2: Meta | G2: Real | H2: Meta | I2: Real | J2: Resp | N2: Meta corrigida | O2: =O1*M1 -> 8400
A3: Moagem [ton] | B3: 2240 | C3: 1337.08 | D3: 3792.5 | E3: 870.24 | F3: 4058.75 | G3: 3350.42 | H3: 10091.25 | I3: 5557.74 | J3: TCD | N3: Meta corrigida por CD | O3: =O2/9 -> 933.33333
A4: Moagem Frente [ton] | B4: 2240 | C4: 1337.08 | D4: 3792.5 | E4: 870.24 | F4: 4058.75 | G4: 3350.42 | H4: 10091.25 | I4: 5557.74 | J4: -
A5: Projeção Dia [ton] | B5: 3584 | C5: 2582.5 | D5: 6068 | E5: 1434.54 | F5: 6494 | G5: 5590.94 | H5: 16146 | I5: 9607.98 | J5: -
A6: Realizado ult. 3h (Moagem) [ton] | B6: 149.33333 | C6: 59.793333 | D6: 252.83333 | E6: 21.2 | F6: 270.58333 | G6: 154.17333 | H6: 672.75 | I6: 235.16667 | J6: -
A7: Densidade [ton/viag] | B7: 33.5 | C7: 30.192095 | D7: 33.5 | E7: 31.178182 | F7: 33.5 | G7: 37.268 | H7: 33.5 | I7: 34.120508 | J7: Transporte
A8: Prod. Colhedora [ton/maq/dia] | B8: 856.85892 | C8: 603.72822 | D8: 445.39275 | E8: 309.85995 | F8: 1018.1112 | G8: 1640.68 | H8: 756.77335 | I8: 783.04319 | J8: corte
A9: Horas de Corte Efetivo [h/maq] | B9: 14.038085 | C9: 14.76078 | D9: 16.654491 | E9: 8.1100528 | F9: 16.654491 | G9: 13.064074 | H9: 15.958041 | I9: 11.771108 | J9: corte
A10: Horas de Corte Corrida [h/maq] | B10: 14.038085 | C10: 9.1829069 | D10: 16.654491 | E10: 6.4826374 | F10: 16.654491 | G10: 9.1371338 | H10: 15.958041 | I10: 8.2411323 | J10: -
A11: Vel. Colheita [km/h] | B11: 3.3518453 | C11: 5.0084354 | D11: 4.335223 | E11: 4.240155 | F11: 4.175557 | G11: 4.7051183 | H11: 3.9798845 | I11: 4.7187304 | J11: Corte
A12: Manobra [%] | B12: 16.735341 | C12: 20.078521 | D12: 16.735341 | E12: 30.348902 | F12: 16.735341 | G12: 16.978186 | H12: 16.735341 | I12: 22.216802 | J12: Corte
A13: NSO [%] | B13: 82.150383 | C13: 93.432669 | D13: 82.150383 | E13: 75.753135 | F13: 82.150383 | G13: 86.151483 | H13: 82.150383 | I13: 86.643993 | J13: Corte
A14: Disp. Colhedora [%] | B14: 87 | C14: 100 | D14: 87 | E14: 74.31222 | F14: 87 | G14: 85.769869 | H14: 87 | I14: 87.549679 | J14: Corte
A15: Limitação Indústria [h/maq] | C15: 0.40298769 | E15: 3.0794444 | G15: 1.6489621 | I15: 1.4366688 | J15: -
A16: Chuva/Solo úmido [h/maq] | C16: 14.185486 | E16: 5.4910185 | G16: 8.53 | I16: 9.4021682 | J16: -
A17: Tempo Indeterminado [h/maq] | C17: 0.07483451 | E17: 0.27687926 | G17: 0.55133055 | J17: -
A18: RTK Colhedora [%] | B18: 87 | C18: 91.248687 | D18: 87 | E18: 86.274112 | F18: 87 | G18: 97.077879 | H18: 87 | I18: 91.597469 | J18: Carregamento
A19: NS Transbordo [%] | B19: 97 | C19: 88.07733 | D19: 97 | E19: 98.383873 | F19: 97 | G19: 92.654747 | H19: 97 | I19: 91.466565 | J19: Carregamento
A20: Vel. Transb. Vazio [km/h] | B20: 12.201245 | C20: 13.766194 | D20: 12.201245 | E20: 11.425061 | F20: 12.201245 | G20: 15.501776 | H20: 12.201245 | I20: 13.810615 | J20: Carregamento
A21: Vel. Transb. Carreg. [km/h] | B21: 11.237142 | C21: 12.290502 | D21: 11.237142 | E21: 9.2084675 | F21: 11.237142 | G21: 11.986981 | H21: 11.237142 | I21: 11.08027 | J21: Carregamento
A22: Disp. Transbordo [%] | B22: 88 | C22: 88.716578 | D22: 88 | E22: 99.276483 | F22: 88 | G22: 85.650384 | H22: 88 | I22: 91.697493 | J22: -
A23: RTK Transbordo [%] | B23: 75 | C23: 80.678922 | D23: 75 | E23: 75.293393 | F23: 75 | G23: 91.964675 | H23: 75 | I23: 84.023284 | J23: Transporte
A24: NS Caminhão [%] | B24: 97 | C24: 99.868789 | D24: 97 | E24: 100 | F24: 97 | G24: 100 | H24: 97 | I24: 99.939611 | J24: Carregamento
A25: T2 [min] | B25: 27 | C25: 47.9325 | D25: 27 | E25: 41.790278 | F25: 27 | G25: 38.952778 | H25: 27 | I25: 42.371528 | J25: Transporte
A26: Raio [km] | B26: 29.418587 | C26: 14.891056 | D26: 29.418587 | E26: 58.362829 | F26: 29.418587 | G26: 48.960411 | H26: 29.418587 | I26: 41.403306 | J26: Corte
A27: Imp. Vegetal [%] | C27: 11.67 | G27: 9.43 | I27: 10.437094 | J27: Corte
A28: ATR [kg/ton] | B28: 7.2763698 | C28: 91.550062 | D28: 52.003904 | E28: 66.847558 | F28: 121.18989 | G28: 127.17403 | H28: 78.192583 | I28: 108.14911 | J28: -
A29: Fibra [%] | C29: 13.308722 | E29: 11.609874 | G29: 13.668718 | I29: 13.247642 | J29: -
A30: Fibra [ton/carga] | C30: 4.0169387 | E30: 3.6186279 | G30: 5.0943815 | I30: 4.5196394 | J30: -
A31: Imp. Mineral [kg/ton] | C31: 4.61 | E31: 2.32 | G31: 36.67 | I31: 25.119374 | J31: Corte
A32: Hrs Efetivo [h] | C32: 28.37 | E32: 17.215 | G32: 20.405 | I32: 40.805 | J32: -
A33: Hrs Despontador [h] | C33: 24.825 | E33: 15.17 | G33: 18.04 | I33: 58.035 | J33: -
A34: Despontador [%] | C34: 87.298695 | E34: 88.119669 | G34: 88.727498 | I34: 87.918911
A35: Extrator Primário [RPM] | C35: 691.76651 | E35: 706.54635 | G35: 757.92702 | I35: 715.947

Sheet Base de tempo
A1: INSTANCIA | B1: DATA CONSIDERADA | C1: EQUIPAMENTO | D1: FRENTE | E1: FAZENDA | F1: PARTIDA_USINA | G1: CHEGADA LAVOURA | H1: SAIDA LAVOURA | I1: CHEGADA PATIO | J1: FIM CICLO | K1: t1 | L1: t2 | M1: t3 | N1: t4 | O1: Max T2 | P1: Considerar T2 | Q1: Max T4 | R1: Considerar T4 | S1: OPL
A2: IPA | B2: 46121 | C2: 8013478 | D2: 352 | E2: 19817 | F2: 46118.692 | G2: 46121.639 | H2: 46123.45 | I2: 46123.873 | J2: 46123.919 | K2: 4243.0667 | L2: 2608.3167 | M2: 608.48333 | N2: 65.75 | O2: 90 | Q2: 105 | R2: Sim | S2: RITMO
A3: IPA | B3: 46117 | C3: 8013468 | D3: 352 | E3: 19817 | F3: 46117.923 | G3: 46117.983 | H3: 46118.497 | I3: 46118.588 | J3: 46119.78 | K3: 85.9 | L3: 739.65 | M3: 131.73333 | N3: 1716.45 | O3: 90 | Q3: 105 | S3: RITMO
A4: IPA | B4: 46117 | C4: 8013482 | D4: 352 | E4: 19817 | F4: 46117.789 | G4: 46117.847 | H4: 46118.3 | I4: 46118.692 | J4: 46123.852 | K4: 84.416667 | L4: 652.01667 | M4: 563.85 | N4: 7430.6333 | O4: 90 | Q4: 105 | S4: RITMO
A5: IPA | B5: 46117 | C5: 8013484 | D5: 352 | E5: 19817 | F5: 46117.745 | G5: 46117.801 | H5: 46118.192 | I5: 46118.403 | J5: 46119.945 | K5: 81.15 | L5: 563.33333 | M5: 303 | N5: 2220.5833 | O5: 90 | Q5: 105 | S5: RITMO
A6: IPA | B6: 46117 | C6: 8013472 | D6: 353 | E6: 19461 | F6: 46117.902 | G6: 46117.972 | H6: 46118.232 | I6: 46118.324 | J6: 46118.542 | K6: 99.75 | L6: 374.66667 | M6: 133.48333 | N6: 313.06667 | O6: 90 | Q6: 105 | S6: RITMO
A7: IPA | B7: 46117 | C7: 8013473 | D7: 352 | E7: 19817 | F7: 46117.732 | G7: 46117.8 | H7: 46118.011 | I7: 46118.201 | J7: 46118.246 | K7: 98.383333 | L7: 302.73333 | M7: 274.03333 | N7: 64.216667 | O7: 90 | Q7: 105 | R7: Sim | S7: RITMO
A8: IPA | B8: 46117 | C8: 8013462 | D8: 351 | E8: 9126 | F8: 46117.673 | G8: 46117.709 | H8: 46117.849 | I8: 46117.863 | J8: 46117.863 | K8: 52 | L8: 201.73333 | M8: 19.8 | N8: 0.68333333 | O8: 90 | Q8: 105 | S8: RITMO
A9: IPA | B9: 46117 | C9: 8013475 | D9: 351 | E9: 19679 | F9: 46117.8 | G9: 46117.844 | H9: 46117.983 | I9: 46118.014 | J9: 46118.172 | K9: 63.166667 | L9: 199.5 | M9: 44.25 | N9: 228.23333 | O9: 90 | Q9: 105 | S9: RITMO
A10: IPA | B10: 46124 | C10: 8013462 | D10: 352 | E10: 19817 | F10: 46124.631 | G10: 46124.679 | H10: 46124.811 | I10: 46124.822 | J10: 46124.958 | K10: 70.033333 | L10: 189.65 | M10: 15.7 | N10: 195.36667 | O10: 90 | Q10: 105 | S10: RITMO
A11: IPA | B11: 46119 | C11: 8013470 | D11: 353 | E11: 19461 | F11: 46119.793 | G11: 46119.85 | H11: 46119.971 | I11: 46120.042 | J11: 46123.694 | K11: 82.566667 | L11: 174.21667 | M11: 101.76667 | N11: 5258.6667 | O11: 90 | Q11: 105 | S11: RITMO
A12: IPA | B12: 46123 | C12: 8013468 | D12: 351 | E12: 9143 | F12: 46123.891 | G12: 46123.908 | H12: 46124.015 | I12: 46124.037 | J12: 46124.381 | K12: 23.516667 | L12: 154.65 | M12: 31.183333 | N12: 495.71667 | O12: 90 | Q12: 105 | S12: RITMO
A13: IPA | B13: 46123 | C13: 8013473 | D13: 351 | E13: 9143 | F13: 46123.816 | G13: 46123.833 | H13: 46123.94 | I13: 46123.973 | J13: 46124.331 | K13: 25.05 | L13: 153.88333 | M13: 47.833333 | N13: 515.48333 | O13: 90 | Q13: 105 | S13: RITMO
A14: IPA | B14: 46117 | C14: 8013470 | D14: 353 | E14: 19461 | F14: 46117.92 | G14: 46117.977 | H14: 46118.076 | I14: 46118.163 | J14: 46118.37 | K14: 83.166667 | L14: 142.05 | M14: 125.06667 | N14: 297.85 | O14: 90 | Q14: 105 | S14: RITMO
A15: IPA | B15: 46117 | C15: 8013460 | D15: 351 | E15: 19679 | F15: 46117.595 | G15: 46117.623 | H15: 46117.713 | I15: 46117.74 | J15: 46117.741 | K15: 40.8 | L15: 128.73333 | M15: 39.5 | N15: 0.38333333 | O15: 90 | Q15: 105 | S15: RITMO
A16: IPA | B16: 46119 | C16: 8013481 | D16: 353 | E16: 19461 | F16: 46119.889 | G16: 46119.947 | H16: 46120.034 | I16: 46120.404 | J16: 46123.757 | K16: 83.166667 | L16: 124.4 | M16: 533.41667 | N16: 4827.8333 | O16: 90 | Q16: 105 | S16: RITMO
A17: IPA | B17: 46124 | C17: 8013475 | D17: 351 | E17: 9143 | F17: 46124.712 | G17: 46124.733 | H17: 46124.817 | I17: 46124.862 | J17: 46125.041 | K17: 30.616667 | L17: 121.1 | M17: 63.95 | N17: 258.98333 | O17: 90 | Q17: 105 | S17: RITMO
A18: IPA | B18: 46118 | C18: 8013478 | D18: 353 | E18: 19461 | F18: 46117.984 | G18: 46118.036 | H18: 46118.114 | I18: 46118.202 | J18: 46118.692 | K18: 74.966667 | L18: 112.55 | M18: 126.68333 | N18: 705.26667 | O18: 90 | Q18: 105 | S18: RITMO
A19: IPA | B19: 46118 | C19: 8013476 | D19: 351 | E19: 19679 | F19: 46118.405 | G19: 46118.431 | H19: 46118.504 | I19: 46118.532 | J19: 46119.846 | K19: 37.4 | L19: 105.68333 | M19: 40.666667 | N19: 1892.2667 | O19: 90 | Q19: 105 | S19: RITMO
... A23: IPA | B23: 46124 | C23: 8013469 | D23: 351 | E23: 9143 | F23: 46124.457 | G23: 46124.48 | H23: 46124.544 | I23: 46124.583 | J23: 46124.708 | K23: 33.25 | L23: 91.366667 | M23: 56.066667 | N23: 180.36667 | O23: 90 | Q23: 105 | S23: RITMO
A24: IPA | B24: 46124 | C24: 8013470 | D24: 352 | E24: 19817 | F24: 46124.877 | G24: 46124.946 | H24: 46125.008 | I24: 46125.084 | K24: 99.383333 | L24: 89.35 | M24: 108.98333 | O24: 90 | P24: Sim | Q24: 105 | S24: RITMO
A25: IPA | B25: 46124 | C25: 8013468 | D25: 351 | E25: 9143 | F25: 46124.786 | G25: 46124.807 | H25: 46124.866 | I25: 46124.94 | J25: 46125.054 | K25: 30.266667 | L25: 84.783333 | M25: 106.91667 | N25: 164.1 | O25: 90 | P25: Sim | Q25: 105 | S25: RITMO
A26: IPA | B26: 46120 | C26: 8013484 | D26: 353 | E26: 19461 | F26: 46119.946 | G26: 46120.001 | H26: 46120.057 | I26: 46122.144 | J26: 46123.72 | K26: 79.933333 | L26: 81.016667 | M26: 3005.1167 | N26: 2269.1167 | O26: 90 | P26: Sim | Q26: 105 | S26: RITMO
A27: IPA | B27: 46124 | C27: 8013478 | D27: 351 | E27: 9143 | F27: 46124.847 | G27: 46124.863 | H27: 46124.917 | I27: 46124.946 | J27: 46125.067 | K27: 24.416667 | L27: 77.033333 | M27: 42.466667 | N27: 174.2 | O27: 90 | P27: Sim | Q27: 105 | S27: RITMO
A28: IPA | B28: 46117 | C28: 8013468 | D28: 351 | E28: 19679 | F28: 46117.643 | G28: 46117.677 | H28: 46117.729 | I28: 46117.923 | J28: 46117.923 | K28: 48.85 | L28: 75.916667 | M28: 278.78333 | N28: -0.38333333 | O28: 90 | P28: Sim | Q28: 105 | S28: RITMO
A29: IPA | B29: 46118 | C29: 8013462 | D29: 353 | E29: 19461 | F29: 46118.143 | G29: 46118.203 | H29: 46118.253 | I29: 46118.326 | J29: 46118.736 | K29: 85.816667 | L29: 72.533333 | M29: 105.33333 | N29: 590.76667 | O29: 90 | P29: Sim | Q29: 105 | S29: RITMO
A30: IPA | B30: 46124 | C30: 8013477 | D30: 353 | E30: 19461 | F30: 46124.849 | G30: 46124.902 | H30: 46124.952 | I30: 46125.052 | K30: 77.25 | L30: 70.766667 | M30: 144.98333 | O30: 90 | P30: Sim | Q30: 105 | S30: RITMO
A31: IPA | B31: 46124 | C31: 8013474 | D31: 353 | E31: 19461 | F31: 46124.821 | G31: 46124.875 | H31: 46124.922 | I31: 46125.024 | J31: 46125.077 | K31: 77.933333 | L31: 67.033333 | M31: 147.63333 | N31: 75.116667 | O31: 90 | P31: Sim | Q31: 105 | R31: Sim | S31: RITMO
A32: IPA | B32: 46124 | C32: 8013470 | D32: 352 | E32: 19817 | F32: 46124.561 | G32: 46124.611 | H32: 46124.655 | I32: 46124.715 | J32: 46124.876 | K32: 72.233333 | L32: 62.883333 | M32: 86.1 | N32: 232.68333 | O32: 90 | P32: Sim | Q32: 105 | S32: RITMO
A33: IPA | B33: 46124 | C33: 8013463 | D33: 353 | E33: 19461 | F33: 46124.612 | G33: 46124.663 | H33: 46124.703 | I33: 46124.78 | J33: 46124.936 | K33: 73.583333 | L33: 57.116667 | M33: 111.23333 | N33: 225.03333 | O33: 90 | P33: Sim | Q33: 105 | S33: RITMO
A34: IPA | B34: 46124 | C34: 8013483 | D34: 353 | E34: 19461 | F34: 46124.747 | G34: 46124.801 | H34: 46124.837 | I34: 46124.929 | J34: 46125.035 | K34: 77.283333 | L34: 51.833333 | M34: 132.65 | N34: 153.38333 | O34: 90 | P34: Sim | Q34: 105 | S34: RITMO
A35: IPA | B35: 46118 | C35: 8013463 | D35: 353 | E35: 19461 | F35: 46118.365 | G35: 46118.412 | H35: 46118.448 | I35: 46118.547 | J35: 46118.819 | K35: 67.733333 | L35: 50.883333 | M35: 143.1 | N35: 391.7 | O35: 90 | P35: Sim | Q35: 105 | S35: RITMO
A36: IPA | B36: 46117 | C36: 8013462 | D36: 353 | E36: 19461 | F36: 46117.864 | G36: 46117.923 | H36: 46117.958 | I36: 46118.042 | J36: 46118.142 | K36: 85.6 | L36: 49.85 | M36: 120.96667 | N36: 144.8 | O36: 90 | P36: Sim | Q36: 105 | S36: RITMO
A37: IPA | B37: 46124 | C37: 8013484 | D37: 353 | E37: 19461 | F37: 46124.703 | G37: 46124.759 | H37: 46124.793 | I37: 46124.88 | J37: 46125.08 | K37: 79.95 | L37: 49.716667 | M37: 125.35 | N37: 288.18333 | O37: 90 | P37: Sim | Q37: 105 | S37: RITMO
A38: IPA | B38: 46118 | C38: 8013475 | D38: 353 | E38: 19461 | F38: 46118.173 | G38: 46118.229 | H38: 46118.263 | I38: 46118.884 | J38: 46119.571 | K38: 80.55 | L38: 49.266667 | M38: 894.55 | N38: 989.28333 | O38: 90 | P38: Sim | Q38: 105 | S38: RITMO
A39: IPA | B39: 46124 | C39: 8013467 | D39: 353 | E39: 19461 | F39: 46124.669 | G39: 46124.725 | H39: 46124.759 | I39: 46124.851 | J39: 46124.998 | K39: 80.833333 | L39: 48.983333 | M39: 132.33333 | N39: 211.81667 | O39: 90 | P39: Sim | Q39: 105 | S39: RITMO
A40: IPA | B40: 46124 | C40: 8013482 | D40: 353 | E40: 19461 | F40: 46124.788 | G40: 46124.862 | H40: 46124.895 | I40: 46125.1 | K40: 106.7 | L40: 47.883333 | M40: 295.11667 | O40: 90 | P40: Sim | Q40: 105 | S40: RITMO
A41: IPA | B41: 46124 | C41: 8013472 | D41: 353 | E41: 19461 | F41: 46124.646 | G41: 46124.695 | H41: 46124.727 | I41: 46124.898 | J41: 46125.005 | K41: 70.45 | L41: 47.316667 | M41: 245.03333 | N41: 154.88333 | O41: 90 | P41: Sim | Q41: 105 | S41: RITMO
A42: IPA | B42: 46123 | C42: 8013465 | D42: 353 | E42: 19461 | F42: 46123.766 | G42: 46123.817 | H42: 46123.849 | I42: 46123.938 | J42: 46124.453 | K42: 72.85 | L42: 46.283333 | M42: 128.23333 | N42: 740.8 | O42: 90 | P42: Sim | Q42: 105 | S42: RITMO
A43: IPA | B43: 46123 | C43: 8013476 | D43: 353 | E43: 19461 | F43: 46123.74 | G43: 46123.799 | H43: 46123.828 | I43: 46123.917 | J43: 46124.66 | K43: 83.883333 | L43: 42.783333 | M43: 127.41667 | N43: 1069.5833 | O43: 90 | P43: Sim | Q43: 105 | S43: RITMO
A44: IPA | B44: 46124 | C44: 8013465 | D44: 352 | E44: 19817 | F44: 46124.453 | G44: 46124.515 | H44: 46124.544 | I44: 46124.68 | J44: 46124.725 | K44: 88.066667 | L44: 42.483333 | M44: 195.45 | N44: 64.583333 | O44: 90 | P44: Sim | Q44: 105 | R44: Sim | S44: RITMO
A45: IPA | B45: 46123 | C45: 8013485 | D45: 353 | E45: 19461 | F45: 46123.72 | G45: 46123.775 | H45: 46123.803 | I45: 46123.887 | J45: 46124.356 | K45: 79.866667 | L45: 40.566667 | M45: 120.06667 | N45: 675.18333 | O45: 90 | P45: Sim | Q45: 105 | S45: RITMO
A46: IPA | B46: 46124 | C46: 8013486 | D46: 353 | E46: 19461 | F46: 46124.922 | G46: 46124.979 | H46: 46125.007 | I46: 46125.129 | K46: 81.166667 | L46: 40.45 | M46: 175.71667 | O46: 90 | P46: Sim | Q46: 105 | S46: RITMO
A47: IPA | B47: 46124 | C47: 8013473 | D47: 351 | E47: 9143 | F47: 46124.568 | G47: 46124.583 | H47: 46124.609 | I47: 46124.637 | J47: 46124.773 | K47: 22.033333 | L47: 37.9 | M47: 39.6 | N47: 195.33333 | O47: 90 | P47: Sim | Q47: 105 | S47: RITMO
A48: IPA | B48: 46124 | C48: 8013469 | D48: 351 | E48: 9143 | F48: 46124.709 | G48: 46124.728 | H48: 46124.755 | I48: 46124.781 | J48: 46124.883 | K48: 28.416667 | L48: 37.583333 | M48: 38.55 | N48: 146.01667 | O48: 90 | P48: Sim | Q48: 105 | S48: RITMO
A49: IPA | B49: 46123 | C49: 8013460 | D49: 352 | E49: 19817 | F49: 46123.57 | G49: 46123.641 | H49: 46123.666 | I49: 46123.902 | J49: 46124.364 | K49: 101.41667 | L49: 35.85 | M49: 340.08333 | N49: 665.33333 | O49: 90 | P49: Sim | Q49: 105 | S49: RITMO
A50: IPA | B50: 46123 | C50: 8013473 | D50: 353 | E50: 19461 | F50: 46123.523 | G50: 46123.577 | H50: 46123.602 | I50: 46123.765 | J50: 46123.815 | K50: 78.083333 | L50: 35.283333 | M50: 235.78333 | N50: 71.216667 | O50: 90 | P50: Sim | Q50: 105 | R50: Sim | S50: RITMO
A51: IPA | B51: 46118 | C51: 8013485 | D51: 351 | E51: 19679 | F51: 46118.111 | G51: 46118.15 | H51: 46118.174 | I51: 46118.2 | J51: 46119.679 | K51: 56.266667 | L51: 35.033333 | M51: 36.35 | N51: 2130.5167 | O51: 90 | P51: Sim | Q51: 105 | S51: RITMO
A52: IPA | B52: 46123 | C52: 8013478 | D52: 353 | E52: 19461 | F52: 46123.919 | G52: 46123.981 | H52: 46124.005 | I52: 46124.109 | J52: 46124.44 | K52: 88.516667 | L52: 34.55 | M52: 149.85 | N52: 476.51667 | O52: 90 | P52: Sim | Q52: 105 | S52: RITMO
A53: IPA | B53: 46124 | C53: 8013461 | D53: 353 | E53: 19461 | F53: 46124.885 | G53: 46124.951 | H53: 46124.974 | I53: 46125.054 | K53: 94.866667 | L53: 33.316667 | M53: 115.26667 | O53: 90 | P53: Sim | Q53: 105 | S53: RITMO
A54: IPA | B54: 46118 | C54: 8013463 | D54: 353 | E54: 19461 | F54: 46118.82 | G54: 46118.88 | H54: 46118.902 | I54: 46118.997 | J54: 46124.611 | K54: 86.983333 | L54: 31.966667 | M54: 136.15 | N54: 8084.9 | O54: 90 | P54: Sim | Q54: 105 | S54: RITMO
A55: IPA | B55: 46124 | C55: 8013485 | D55: 351 | E55: 9143 | F55: 46124.356 | G55: 46124.358 | H55: 46124.381 | I55: 46124.414 | K55: 3.1166667 | L55: 31.8 | M55: 48.15 | O55: 90 | P55: Sim | Q55: 105 | S55: RITMO
A56: IPA | B56: 46124 | C56: 8013461 | D56: 351 | E56: 9143 | F56: 46124.421 | G56: 46124.439 | H56: 46124.461 | I56: 46124.498 | J56: 46124.885 | K56: 27.216667 | L56: 30.983333 | M56: 53.833333 | N56: 556.08333 | O56: 90 | P56: Sim | Q56: 105 | S56: RITMO
A57: IPA | B57: 46124 | C57: 8013460 | D57: 353 | E57: 19461 | F57: 46124.687 | G57: 46124.737 | H57: 46124.758 | I57: 46124.854 | J57: 46125.026 | K57: 71.483333 | L57: 30.633333 | M57: 138.2 | N57: 248.41667 | O57: 90 | P57: Sim | Q57: 105 | S57: RITMO
A58: IPA | B58: 46123 | C58: 8013470 | D58: 353 | E58: 19461 | F58: 46123.695 | G58: 46123.753 | H58: 46123.774 | I58: 46123.863 | J58: 46123.91 | K58: 83.75 | L58: 30.416667 | M58: 128.68333 | N58: 66.666667 | O58: 90 | P58: Sim | Q58: 105 | R58: Sim | S58: RITMO
A59: IPA | B59: 46124 | C59: 8013468 | D59: 352 | E59: 19817 | F59: 46124.382 | G59: 46124.44 | H59: 46124.461 | I59: 46124.553 | J59: 46124.668 | K59: 84.016667 | L59: 29.95 | M59: 132.5 | N59: 165.1 | O59: 90 | P59: Sim | Q59: 105 | S59: RITMO
A60: IPA | B60: 46123 | C60: 8013472 | D60: 353 | E60: 19461 | F60: 46123.463 | G60: 46123.517 | H60: 46123.538 | I60: 46123.762 | J60: 46123.767 | K60: 77.5 | L60: 29.816667 | M60: 322.7 | N60: 8.2 | O60: 90 | P60: Sim | Q60: 105 | R60: Sim | S60: RITMO
A61: IPA | B61: 46123 | C61: 8013469 | D61: 353 | E61: 19461 | F61: 46123.488 | G61: 46123.539 | H61: 46123.559 | I61: 46123.755 | J61: 46123.801 | K61: 72.333333 | L61: 29.583333 | M61: 282.45 | N61: 66.316667 | O61: 90 | P61: Sim | Q61: 105 | R61: Sim | S61: RITMO
A62: IPA | B62: 46119 | C62: 8013461 | D62: 353 | E62: 19461 | F62: 46119.603 | G62: 46119.662 | H62: 46119.682 | I62: 46119.766 | J62: 46124.124 | K62: 85.283333 | L62: 28.633333 | M62: 121 | N62: 6275 | O62: 90 | P62: Sim | Q62: 105 | S62: RITMO
A63: IPA | B63: 46123 | C63: 8013483 | D63: 351 | E63: 9143 | F63: 46123.795 | G63: 46123.811 | H63: 46123.83 | I63: 46123.853 | J63: 46123.885 | K63: 22.933333 | L63: 28.05 | M63: 32.816667 | N63: 45.866667 | O63: 90 | P63: Sim | Q63: 105 | R63: Sim | S63: RITMO
A64: IPA | B64: 46118 | C64: 8013461 | D64: 353 | E64: 19461 | F64: 46118.739 | G64: 46118.802 | H64: 46118.821 | I64: 46118.925 | J64: 46119.603 | K64: 91.483333 | L64: 27.7 | M64: 149.83333 | N64: 975.01667 | O64: 90 | P64: Sim | Q64: 105 | S64: RITMO
A65: IPA | B65: 46117 | C65: 8013469 | D65: 354 | E65: 19679 | F65: 46117.409 | G65: 46117.441 | H65: 46117.459 | I65: 46117.507 | J65: 46117.701 | K65: 45.65 | L65: 26.133333 | M65: 68.733333 | N65: 280.31667 | O65: 90 | P65: Sim | Q65: 105 | S65: RITMO
A66: IPA | B66: 46123 | C66: 8013468 | D66: 353 | E66: 19461 | F66: 46123.601 | G66: 46123.649 | H66: 46123.667 | I66: 46123.891 | J66: 46123.891 | K66: 70.116667 | L66: 25.933333 | M66: 321.31667 | N66: 0.11666667 | O66: 90 | P66: Sim | Q66: 105 | S66: RITMO
A67: IPA | B67: 46119 | C67: 8013474 | D67: 353 | E67: 19461 | F67: 46119.749 | G67: 46119.804 | H67: 46119.822 | I67: 46119.93 | J67: 46124.24 | K67: 79.65 | L67: 25.866667 | M67: 154.75 | N67: 6206.1333 | O67: 90 | P67: Sim | Q67: 105 | S67: RITMO
A68: IPA | B68: 46118 | C68: 8013483 | D68: 351 | E68: 19679 | F68: 46118.15 | G68: 46118.178 | H68: 46118.196 | I68: 46118.232 | J68: 46118.722 | K68: 40.716667 | L68: 25.166667 | M68: 51.466667 | N68: 705.9 | O68: 90 | P68: Sim | Q68: 105 | S68: RITMO
A69: IPA | B69: 46123 | C69: 8013484 | D69: 353 | E69: 19461 | F69: 46123.721 | G69: 46123.771 | H69: 46123.788 | I69: 46123.882 | J69: 46124.702 | K69: 71.933333 | L69: 24.933333 | M69: 135.66667 | N69: 1181.3167 | O69: 90 | P69: Sim | Q69: 105 | S69: RITMO
A70: IPA | B70: 46124 | C70: 8013476 | D70: 352 | E70: 19817 | F70: 46124.787 | G70: 46124.845 | H70: 46124.862 | I70: 46125.033 | K70: 83.916667 | L70: 24.8 | M70: 245.98333 | O70: 90 | P70: Sim | Q70: 105 | S70: RITMO
A71: IPA | B71: 46123 | C71: 8013482 | D71: 353 | E71: 19461 | F71: 46123.852 | G71: 46123.91 | H71: 46123.927 | I71: 46124.033 | J71: 46124.565 | K71: 83.333333 | L71: 24.533333 | M71: 152.55 | N71: 766.18333 | O71: 90 | P71: Sim | Q71: 105 | S71: RITMO
A72: IPA | B72: 46124 | C72: 8013473 | D72: 353 | E72: 19461 | F72: 46124.773 | G72: 46124.83 | H72: 46124.847 | I72: 46124.948 | J72: 46125.061 | K72: 81.866667 | L72: 24.183333 | M72: 145.6 | N72: 162.51667 | O72: 90 | P72: Sim | Q72: 105 | S72: RITMO
A73: IPA | B73: 46119 | C73: 8013465 | D73: 353 | E73: 19461 | F73: 46119.78 | G73: 46119.834 | H73: 46119.85 | I73: 46119.952 | J73: 46123.676 | K73: 77.866667 | L73: 23.383333 | M73: 146.88333 | N73: 5362.4667 | O73: 90 | P73: Sim | Q73: 105 | S73: RITMO
A74: IPA | B74: 46124 | C74: 8013461 | D74: 351 | E74: 9143 | F74: 46124.125 | G74: 46124.148 | H74: 46124.164 | I74: 46124.192 | J74: 46124.42 | K74: 32.9 | L74: 23 | M74: 40.583333 | N74: 328.51667 | O74: 90 | P74: Sim | Q74: 105 | S74: RITMO
A75: IPA | B75: 46124 | C75: 8013483 | D75: 353 | E75: 19461 | F75: 46124.41 | G75: 46124.466 | H75: 46124.482 | I75: 46124.596 | J75: 46124.746 | K75: 80.533333 | L75: 22.916667 | M75: 163.71667 | N75: 216.63333 | O75: 90 | P75: Sim | Q75: 105 | S75: RITMO
A76: IPA | B76: 46117 | C76: 8013461 | D76: 352 | E76: 19817 | F76: 46117.618 | G76: 46117.8 | H76: 46117.815 | I76: 46118.08 | J76: 46118.738 | K76: 262.11667 | L76: 22.683333 | M76: 380.58333 | N76: 948.05 | O76: 90 | P76: Sim | Q76: 105 | S76: RITMO
A77: IPA | B77: 46124 | C77: 8013468 | D77: 351 | E77: 9143 | F77: 46124.668 | G77: 46124.685 | H77: 46124.7 | I77: 46124.727 | J77: 46124.785 | K77: 23.983333 | L77: 22.516667 | M77: 38.566667 | N77: 83.833333 | O77: 90 | P77: Sim | Q77: 105 | R77: Sim | S77: RITMO
A78: IPA | B78: 46124 | C78: 8013481 | D78: 352 | E78: 19817 | F78: 46124.71 | G78: 46124.781 | H78: 46124.797 | I78: 46124.924 | K78: 101.86667 | L78: 22.133333 | M78: 183.96667 | O78: 90 | P78: Sim | Q78: 105 | S78: RITMO
A79: IPA | B79: 46123 | C79: 8013481 | D79: 351 | E79: 9143 | F79: 46123.757 | G79: 46123.776 | H79: 46123.792 | I79: 46123.818 | J79: 46124.71 | K79: 27.283333 | L79: 22.1 | M79: 38.183333 | N79: 1283.8833 | O79: 90 | P79: Sim | Q79: 105 | S79: RITMO
A80: IPA | B80: 46117 | C80: 8013463 | D80: 352 | E80: 19817 | F80: 46117.701 | G80: 46117.801 | H80: 46117.816 | I80: 46118.078 | J80: 46118.365 | K80: 143.71667 | L80: 21.416667 | M80: 378.63333 | N80: 412 | O80: 90 | P80: Sim | Q80: 105 | S80: RITMO
A81: IPA | B81: 46117 | C81: 8013462 | D81: 351 | E81: 19679 | F81: 46117.465 | G81: 46117.488 | H81: 46117.502 | I81: 46117.556 | J81: 46117.672 | K81: 32.133333 | L81: 21.383333 | M81: 77.75 | N81: 166.2 | O81: 90 | P81: Sim | Q81: 105 | S81: RITMO
A82: IPA | B82: 46123 | C82: 8013470 | D82: 353 | E82: 19461 | F82: 46123.91 | G82: 46123.968 | H82: 46123.982 | I82: 46124.071 | J82: 46124.398 | K82: 82.516667 | L82: 21.283333 | M82: 127.33333 | N82: 470.98333 | O82: 90 | P82: Sim | Q82: 105 | S82: RITMO
A83: IPA | B83: 46123 | C83: 8013483 | D83: 352 | E83: 19817 | F83: 46123.885 | G83: 46123.947 | H83: 46123.962 | I83: 46124.098 | J83: 46124.41 | K83: 88.333333 | L83: 21.216667 | M83: 195.9 | N83: 449.51667 | O83: 90 | P83: Sim | Q83: 105 | S83: RITMO
A84: IPA | B84: 46118 | C84: 8013460 | D84: 351 | E84: 19679 | F84: 46118.046 | G84: 46118.071 | H84: 46118.086 | I84: 46118.121 | J84: 46123.57 | K84: 36.8 | L84: 21.183333 | M84: 50.65 | N84: 7845.95 | O84: 90 | P84: Sim | Q84: 105 | S84: RITMO
A85: IPA | B85: 46118 | C85: 8013473 | D85: 353 | E85: 19461 | F85: 46118.782 | G85: 46118.841 | H85: 46118.855 | I85: 46119.412 | J85: 46123.522 | K85: 84.15 | L85: 20.766667 | M85: 801.21667 | N85: 5919.2667 | O85: 90 | P85: Sim | Q85: 105 | S85: RITMO
A86: IPA | B86: 46118 | C86: 8013472 | D86: 351 | E86: 9139 | F86: 46118.543 | G86: 46118.609 | H86: 46118.623 | I86: 46118.645 | J86: 46123.462 | K86: 95.666667 | L86: 20.416667 | M86: 31.35 | N86: 6937.2667 | O86: 90 | P86: Sim | Q86: 105 | S86: RITMO
A87: IPA | B87: 46124 | C87: 8013470 | D87: 351 | E87: 9143 | F87: 46124.399 | G87: 46124.417 | H87: 46124.431 | I87: 46124.461 | J87: 46124.56 | K87: 27.183333 | L87: 20.2 | M87: 42.45 | N87: 143.25 | O87: 90 | P87: Sim | Q87: 105 | S87: RITMO
A88: IPA | B88: 46124 | C88: 8013463 | D88: 351 | E88: 9143 | F88: 46124.937 | G88: 46124.957 | H88: 46124.971 | I88: 46124.997 | J88: 46125.063 | K88: 28.316667 | L88: 20.1 | M88: 38.116667 | N88: 95.116667 | O88: 90 | P88: Sim | Q88: 105 | R88: Sim | S88: RITMO
A89: IPA | B89: 46118 | C89: 8013486 | D89: 353 | E89: 19461 | F89: 46118.688 | G89: 46118.72 | H89: 46118.734 | I89: 46118.811 | J89: 46124.922 | K89: 46.8 | L89: 20 | M89: 111.05 | N89: 8798.55 | O89: 90 | P89: Sim | Q89: 105 | S89: RITMO
A90: IPA | B90: 46124 | C90: 8013474 | D90: 353 | E90: 19461 | F90: 46124.24 | G90: 46124.306 | H90: 46124.319 | I90: 46124.421 | J90: 46124.602 | K90: 94.033333 | L90: 19.883333 | M90: 145.61667 | N90: 261.18333 | O90: 90 | P90: Sim | Q90: 105 | S90: RITMO
A91: IPA | B91: 46123 | C91: 8013469 | D91: 351 | E91: 9143 | F91: 46123.802 | G91: 46123.819 | H91: 46123.833 | I91: 46123.843 | J91: 46124.457 | K91: 24.333333 | L91: 19.766667 | M91: 15.4 | N91: 883.16667 | O91: 90 | P91: Sim | Q91: 105 | S91: RITMO
A92: IPA | B92: 46118 | C92: 8013470 | D92: 353 | E92: 19461 | F92: 46118.37 | G92: 46118.407 | H92: 46118.421 | I92: 46118.495 | J92: 46119.792 | K92: 53.15 | L92: 19.516667 | M92: 107.16667 | N92: 1867.85 | O92: 90 | P92: Sim | Q92: 105 | S92: RITMO
A93: IPA | B93: 46124 | C93: 8013473 | D93: 353 | E93: 19461 | F93: 46124.332 | G93: 46124.374 | H93: 46124.388 | I93: 46124.474 | J93: 46124.567 | K93: 61.233333 | L93: 19.483333 | M93: 124.51667 | N93: 133.68333 | O93: 90 | P93: Sim | Q93: 105 | S93: RITMO
A94: IPA | B94: 46118 | C94: 8013462 | D94: 353 | E94: 19461 | F94: 46118.737 | G94: 46118.795 | H94: 46118.809 | I94: 46119.411 | J94: 46123.704 | K94: 84.15 | L94: 19.233333 | M94: 866.83333 | N94: 6182.7167 | O94: 90 | P94: Sim | Q94: 105 | S94: RITMO
A95: IPA | B95: 46124 | C95: 8013472 | D95: 352 | E95: 19817 | F95: 46124.351 | G95: 46124.412 | H95: 46124.425 | I95: 46124.532 | J95: 46124.645 | K95: 88.016667 | L95: 18.4 | M95: 153.7 | N95: 162.96667 | O95: 90 | P95: Sim | Q95: 105 | S95: RITMO
A96: IPA | B96: 46118 | C96: 8013469 | D96: 351 | E96: 19679 | F96: 46118.022 | G96: 46118.047 | H96: 46118.06 | I96: 46118.203 | J96: 46118.371 | K96: 35.6 | L96: 18.116667 | M96: 205.8 | N96: 241.91667 | O96: 90 | P96: Sim | Q96: 105 | S96: RITMO
A97: IPA | B97: 46124 | C97: 8013460 | D97: 353 | E97: 19461 | F97: 46124.365 | G97: 46124.438 | H97: 46124.45 | I97: 46124.57 | J97: 46124.686 | K97: 105.6 | L97: 17.9 | M97: 171.88333 | N97: 167.81667 | O97: 90 | P97: Sim | Q97: 105 | S97: RITMO
A98: IPA | B98: 46124 | C98: 8013474 | D98: 353 | E98: 19461 | F98: 46124.603 | G98: 46124.655 | H98: 46124.667 | I98: 46124.752 | J98: 46124.82 | K98: 76.05 | L98: 16.766667 | M98: 121.68333 | N98: 99.116667 | O98: 90 | P98: Sim | Q98: 105 | R98: Sim | S98: RITMO
A99: IPA | B99: 46124 | C99: 8013478 | D99: 353 | E99: 19461 | F99: 46124.44 | G99: 46124.498 | H99: 46124.51 | I99: 46124.734 | J99: 46124.846 | K99: 83.166667 | L99: 16.583333 | M99: 323.8 | N99: 160.35 | O99: 90 | P99: Sim | Q99: 105 | S99: RITMO
A100: IPA | B100: 46123 | C100: 8013483 | D100: 351 | E100: 9143 | F100: 46123.673 | G100: 46123.699 | H100: 46123.71 | I100: 46123.794 | J100: 46123.794 | K100: 38.516667 | L100: 15.366667 | M100: 120.56667 | N100: 0.36666667 | O100: 90 | P100: Sim | Q100: 105 | S100: RITMO
A101: IPA | B101: 46117 | C101: 8013461 | D101: 352 | E101: 19817 | F101: 46117.388 | G101: 46117.439 | H101: 46117.45 | I101: 46117.616 | J101: 46117.617 | K101: 73.95 | L101: 15.283333 | M101: 238.5 | N101: 1.7833333 | O101: 90 | P101: Sim | Q101: 105 | S101: RITMO
A102: IPA | B102: 46117 | C102: 8013474 | D102: 351 | E102: 9126 | F102: 46117.513 | G102: 46117.541 | H102: 46117.551 | I102: 46117.617 | J102: 46118.36 | K102: 39.666667 | L102: 15.133333 | M102: 93.95 | N102: 1070.5167 | O102: 90 | P102: Sim | Q102: 105 | S102: RITMO
A103: IPA | B103: 46124 | C103: 8013482 | D103: 353 | E103: 19461 | F103: 46124.566 | G103: 46124.622 | H103: 46124.631 | I103: 46124.754 | J103: 46124.787 | K103: 80.133333 | L103: 12.666667 | M103: 178.1 | N103: 47.066667 | O103: 90 | P103: Sim | Q103: 105 | R103: Sim | S103: RITMO
...

Sheet Base cargas
A1: UNIDADE | B1: UNIDADE CADASTRO | C1: DT_MOVIMENTO | D1: HR_GUARITA | E1: CD_UNID_IND | F1: CD_FREN_TRAN | G1: CD_EQUIPAMENTO | H1: QT_LIQUIDO | I1: QT_BRUTO | J1: QTD CARGAS | K1: POND_DIST | L1: PROPRIEDADE | M1: OPL | N1: TIPO
A2: IPA | B2: IPA | C2: 46124 | D2: 46123.838 | E2: 61 | F2: 353 | G2: 8013468 | H2: 79380 | I2: 114040 | J2: 2 | K2: 3889620 | L2: RITMO LOGISTICA S/A | M2: RITMO | N2: Cana Propria
A3: IPA | B3: IPA | C3: 46124 | D3: 46123.862 | E3: 61 | F3: 353 | G3: 8013470 | H3: 78840 | I3: 113580 | J3: 2 | K3: 3863160 | L3: RITMO LOGISTICA S/A | M3: RITMO | N3: Cana Propria
A4: IPA | B4: IPA | C4: 46124 | D4: 46123.759 | E4: 61 | F4: 353 | G4: 8013469 | H4: 77860 | I4: 112500 | J4: 2 | K4: 3815140 | L4: RITMO LOGISTICA S/A | M4: RITMO | N4: Cana Propria
A5: IPA | B5: IPA | C5: 46119 | D5: 46118.996 | E5: 61 | F5: 353 | G5: 8013463 | H5: 76020 | I5: 110620 | J5: 2 | K5: 3801000 | L5: RITMO LOGISTICA S/A | M5: RITMO | N5: Cana Propria
A6: IPA | B6: IPA | C6: 46119 | D6: 46119.764 | E6: 61 | F6: 353 | G6: 8013485 | H6: 76760 | I6: 111800 | J6: 2 | K6: 3761240 | L6: RITMO LOGISTICA S/A | M6: RITMO | N6: Cana Propria
A7: IPA | B7: IPA | C7: 46119 | D7: 46119.76 | E7: 61 | F7: 353 | G7: 8013461 | H7: 76700 | I7: 112820 | J7: 2 | K7: 3758300 | L7: RITMO LOGISTICA S/A | M7: RITMO | N7: Cana Propria
A8: IPA | B8: IPA | C8: 46124 | D8: 46123.886 | E8: 61 | F8: 353 | G8: 8013485 | H8: 76660 | I8: 113720 | J8: 2 | K8: 3756340 | L8: RITMO LOGISTICA S/A | M8: RITMO | N8: Cana Propria
A9: IPA | B9: IPA | C9: 46124 | D9: 46119.96 | E9: 61 | F9: 353 | G9: 8013465 | H9: 77620 | I9: 112620 | J9: 2 | K9: 3749046 | L9: RITMO LOGISTICA S/A | M9: RITMO | N9: Cana Propria
A10: IPA | B10: IPA | C10: 46119 | D10: 46118.324 | E10: 61 | F10: 353 | G10: 8013472 | H10: 74880 | I10: 110080 | J10: 2 | K10: 3744000 | L10: RITMO LOGISTICA S/A | M10: RITMO | N10: Cana Propria
A11: IPA | B11: IPA | C11: 46124 | D11: 46123.76 | E11: 61 | F11: 353 | G11: 8013472 | H11: 76040 | I11: 110160 | J11: 2 | K11: 3725960 | L11: RITMO LOGISTICA S/A | M11: RITMO | N11: Cana Propria
A12: IPA | B12: IPA | C12: 46124 | D12: 46123.98 | E12: 61 | F12: 353 | G12: 8013465 | H12: 75760 | I12: 110460 | J12: 2 | K12: 3712240 | L12: RITMO LOGISTICA S/A | M12: RITMO | N12: Cana Propria
A13: IPA | B13: IPA | C13: 46119 | D13: 46119.797 | E13: 61 | F13: 353 | G13: 8013477 | H13: 75500 | I13: 110320 | J13: 2 | K13: 3699500 | L13: RITMO LOGISTICA S/A | M13: RITMO | N13: Cana Propria
... A67: IPA | B67: IPA | C67: 46124 | D67: 46123.543 | E67: 61 | F67: 351 | G67: 8013462 | H67: 65280 | I67: 99700 | J67: 2 | K67: 587520 | L67: RITMO LOGISTICA S/A | M67: RITMO | N67: Cana Propria

Sheet Base bordo
A1: DESC_UNIDADE | B1: DT_MOVIMENTO | C1: CD_EQUIPAMENTO | D1: DESC_GRUPO_EQUIPAMENTO | E1: CD_OPERACAO | F1: DESC_OPERAC | G1: TEMPO OPERAÇÃO | H1: VEL_POND | I1: HR_OPERACIONAIS_VEL | J1: MOTOR_LIGADO | K1: TRANSPORTADORA
A2: IPAUSSU | B2: 46124 | C2: 8013470 | D2: IPA-LN-000 | E2: 881 | F2: DESLOCAMENTO CARREGADO | G2: 6.3111111 | H2: 649243.22 | I2: 22720 | J2: 22720 | K2: RITMO LOGISTICA S/A
A3: IPAUSSU | B3: 46117 | C3: 8013461 | D3: IPA-LN-000 | E3: 895 | F3: DESLOCAMENTO VAZIO | G3: 4.0352778 | H3: 619414.36 | I3: 14527 | J3: 14527 | K3: RITMO LOGISTICA S/A
A4: IPAUSSU | B4: 46117 | C4: 8013460 | D4: IPA-LN-000 | E4: 895 | F4: DESLOCAMENTO VAZIO | G4: 5.2069444 | H4: 595925.09 | I4: 18745 | J4: 18745 | K4: RITMO LOGISTICA S/A
A5: IPAUSSU | B5: 46117 | C5: 8013470 | D5: IPA-LN-000 | E5: 895 | F5: DESLOCAMENTO VAZIO | G5: 5.2283333 | H5: 586699.79 | I5: 18822 | J5: 18822 | K5: RITMO LOGISTICA S/A
A6: IPAUSSU | B6: 46124 | C6: 8013474 | D6: IPA-LN-000 | E6: 895 | F6: DESLOCAMENTO VAZIO | G6: 4.3047222 | H6: 535356.59 | I6: 15497 | J6: 15497 | K6: RITMO LOGISTICA S/A
A7: IPAUSSU | B7: 46124 | C7: 8013483 | D7: IPA-LN-000 | E7: 881 | F7: DESLOCAMENTO CARREGADO | G7: 5.7730556 | H7: 519150.98 | I7: 20783 | J7: 20783 | K7: RITMO LOGISTICA S/A
A8: IPAUSSU | B8: 46124 | C8: 8013474 | D8: IPA-LN-000 | E8: 881 | F8: DESLOCAMENTO CARREGADO | G8: 5.575 | H8: 488002.63 | I8: 20070 | J8: 20070 | K8: RITMO LOGISTICA S/A
A9: IPAUSSU | B9: 46124 | C9: 8013473 | D9: IPA-LN-000 | E9: 895 | F9: DESLOCAMENTO VAZIO | G9: 3.365 | H9: 427465.79 | I9: 12114 | J9: 12114 | K9: RITMO LOGISTICA S/A
A10: IPAUSSU | B10: 46124 | C10: 8013465 | D10: IPA-LN-000 | E10: 881 | F10: DESLOCAMENTO CARREGADO | G10: 5.5052778 | H10: 426423.95 | I10: 19819 | J10: 19819 | K10: RITMO LOGISTICA S/A
A11: IPAUSSU | B11: 46124 | C11: 8013482 | D11: IPA-LN-000 | E11: 881 | F11: DESLOCAMENTO CARREGADO | G11: 4.7358333 | H11: 421365.03 | I11: 17049 | J11: 17049 | K11: RITMO LOGISTICA S/A
A12: IPAUSSU | B12: 46124 | C12: 8013472 | D12: IPA-LN-000 | E12: 895 | F12: DESLOCAMENTO VAZIO | G12: 3.0741667 | H12: 415361.29 | I12: 11067 | J12: 11067 | K12: RITMO LOGISTICA S/A
A13: IPAUSSU | B13: 46118 | C13: 8013461 | D13: IPA-LN-000 | E13: 881 | F13: DESLOCAMENTO CARREGADO | G13: 3.965 | H13: 411676.07 | I13: 14242 | J13: 14274 | K13: RITMO LOGISTICA S/A
... A575: IPAUSSU | B575: 46118 | C575: 8013472 | D575: IPA-LN-000 | E575: 254 | F575: MANUTENCAO EXTERNA CONCESSIONARIA | G575: 2.3786111 | H575: 4.59 | I575: 1 | J575: 566 | K575: RITMO LOGISTICA S/A
A576: IPAUSSU | B576: 46116 | C576: 8013460 | D576: IPA-LN-000 | E576: 254 | F576: MANUTENCAO EXTERNA CONCESSIONARIA | G576: 4.5788889 | H576: 0 | J576: 414 | K576: RITMO LOGISTICA S/A
A577: IPAUSSU | B577: 46116 | C577: 8013461 | D577: IPA-LN-000 | E577: 254 | F577: MANUTENCAO EXTERNA CONCESSIONARIA | G577: 9.7933333 | H577: 0 | J577: 0 | K577: RITMO LOGISTICA S/A
A578: IPAUSSU | B578: 46116 | C578: 8013465 | D578: IPA-LN-000 | E578: 254 | F578: MANUTENCAO EXTERNA CONCESSIONARIA | G578: 4.1519444 | H578: 0 | J578: 415 | K578: RITMO LOGISTICA S/A
A579: IPAUSSU | B579: 46116 | C579: 8013465 | D579: IPA-LN-000 | E579: 833 | F579: DESLOCAMENTO | G579: 0.011111111 | H579: 0 | J579: 0 | K579: RITMO LOGISTICA S/A
A580: IPAUSSU | B580: 46116 | C580: 8013468 | D580: IPA-LN-000 | E580: 833 | F580: DESLOCAMENTO | G580: 0.034722222 | H580: 0 | J580: 32 | K580: RITMO LOGISTICA S/A
A581: IPAUSSU | B581: 46116 | C581: 8013470 | D581: IPA-LN-000 | E581: 254 | F581: MANUTENCAO EXTERNA CONCESSIONARIA | G581: 6.6969444 | H581: 0 | J581: 0 | K581: RITMO LOGISTICA S/A
A582: IPAUSSU | B582: 46116 | C582: 8013474 | D582: IPA-LN-000 | E582: 254 | F582: MANUTENCAO EXTERNA CONCESSIONARIA | G582: 0.80694444 | H582: 0 | J582: 0 | K582: RITMO LOGISTICA S/A
A583: IPAUSSU | B583: 46116 | C583: 8013475 | D583: IPA-LN-000 | E583: 254 | F583: MANUTENCAO EXTERNA CONCESSIONARIA | G583: 1.8027778 | H583: 0 | J583: 0 | K583: RITMO LOGISTICA S/A
A584: IPAUSSU | B584: 46116 | C584: 8013482 | D584: IPA-LN-000 | E584: 254 | F584: MANUTENCAO EXTERNA CONCESSIONARIA | G584: 9.2813889 | H584: 0 | J584: 652 | K584: RITMO LOGISTICA S/A
A585: IPAUSSU | B585: 46116 | C585: 8013483 | D585: IPA-LN-000 | E585: 254 | F585: MANUTENCAO EXTERNA CONCESSIONARIA | G585: 2.0166667 | H585: 0 | J585: 0 | K585: RITMO LOGISTICA S/A
A586: IPAUSSU | B586: 46116 | C586: 8013484 | D586: IPA-LN-000 | E586: 1109 | F586: MAN PREVENTIVA - MECANICA | G586: 4.1105556 | H586: 0 | J586: 5 | K586: RITMO LOGISTICA S/A
A587: IPAUSSU | B587: 46116 | C587: 8013486 | D587: IPA-LN-000 | E587: 254 | F587: MANUTENCAO EXTERNA CONCESSIONARIA | G587: 4.2016667 | H587: 0 | J587: 454 | K587: RITMO LOGISTICA S/A
... A1383: IPAUSSU | B1383: 46124 | C1383: 8013486 | D1383: IPA-LN-000 | E1383: 896 | F1383: DESCARREGAMENTO HILO | G1383: 1.51 | H1383: 0 | J1383: 292 | K1383: RITMO LOGISTICA S/A
A1384: IPAUSSU | B1384: 46116 | C1384: 8013460 | D1384: IPA-LN-000 | E1384: 834 | F1384: SEM APONTAMENTO | G1384: 1.9577778 | K1384: RITMO LOGISTICA S/A
A1385: IPAUSSU | B1385: 46116 | C1385: 8013460 | D1385: IPA-LN-000 | E1385: 835 | F1385: TEMPO INDETERMINADO | G1385: 3 | K1385: RITMO LOGISTICA S/A
A1386: IPAUSSU | B1386: 46116 | C1386: 8013465 | D1386: IPA-LN-000 | E1386: 834 | F1386: SEM APONTAMENTO | G1386: 1.4041667 | K1386: RITMO LOGISTICA S/A
A1387: IPAUSSU | B1387: 46116 | C1387: 8013465 | D1387: IPA-LN-000 | E1387: 835 | F1387: TEMPO INDETERMINADO | G1387: 4 | K1387: RITMO LOGISTICA S/A
A1388: IPAUSSU | B1388: 46116 | C1388: 8013468 | D1388: IPA-LN-000 | E1388: 834 | F1388: SEM APONTAMENTO | G1388: 1.7291667 | K1388: RITMO LOGISTICA S/A
A1389: IPAUSSU | B1389: 46116 | C1389: 8013468 | D1389: IPA-LN-000 | E1389: 835 | F1389: TEMPO INDETERMINADO | G1389: 8 | K1389: RITMO LOGISTICA S/A
A1390: IPAUSSU | B1390: 46116 | C1390: 8013470 | D1390: IPA-LN-000 | E1390: 834 | F1390: SEM APONTAMENTO | G1390: 1.3030556 | K1390: RITMO LOGISTICA S/A
A1391: IPAUSSU | B1391: 46116 | C1391: 8013470 | D1391: IPA-LN-000 | E1391: 835 | F1391: TEMPO INDETERMINADO | G1391: 1 | K1391: RITMO LOGISTICA S/A
A1392: IPAUSSU | B1392: 46116 | C1392: 8013473 | D1392: IPA-LN-000 | E1392: 835 | F1392: TEMPO INDETERMINADO | G1392: 2 | K1392: RITMO LOGISTICA S/A
A1393: IPAUSSU | B1393: 46116 | C1393: 8013474 | D1393: IPA-LN-000 | E1393: 834 | F1393: SEM APONTAMENTO | G1393: 1.5027778 | K1393: RITMO LOGISTICA S/A
A1394: IPAUSSU | B1394: 46116 | C1394: 8013475 | D1394: IPA-LN-000 | E1394: 834 | F1394: SEM APONTAMENTO | G1394: 0.19722222 | K1394: RITMO LOGISTICA S/A
A1395: IPAUSSU | B1395: 46116 | C1395: 8013476 | D1395: IPA-LN-000 | E1395: 835 | F1395: TEMPO INDETERMINADO | G1395: 2 | K1395: RITMO LOGISTICA S/A
... A1436: IPAUSSU | B1436: 46124 | C1436: 8013485 | D1436: IPA-LN-000 | E1436: 835 | F1436: TEMPO INDETERMINADO | G1436: 5.325 | K1436: RITMO LOGISTICA S/A

Sheet Apoio_Tempo_Cargas
A1: EQUIPAMENTO | B1: DATA | C1: FRENTE | D1: FAZENDA | E1: PARTIDA_USINA | F1: CHEGADA_LAVOURA | G1: SAIDA_LAVOURA | H1: CHEGADA_PATIO | I1: FIM_CICLO | J1: t1 (min) | K1: t2 (min) | L1: t3 (min) | M1: t4 (min) | N1: Max T2 | O1: Considerar T2 | P1: Max T4 | Q1: Considerar T4 | R1: OPL | S1: QT_LIQUIDO (kg) | T1: QTD_CARGAS | U1: DENSIDADE (ton/viag) | V1: POND_DIST | W1: RAIO (km)
A2: ='Base de tempo'!C2 -> 8013478 | B2: ='Base de tempo'!B2 -> 46121 | C2: ='Base de tempo'!D2 -> 352 | D2: ='Base de tempo'!E2 -> 19817 | E2: ='Base de tempo'!F2 -> 46118.692 | F2: ='Base de tempo'!G2 -> 46121.639 | G2: ='Base de tempo'!H2 -> 46123.45 | H2: ='Base de tempo'!I2 -> 46123.873 | I2: ='Base de tempo'!J2 -> 46123.919 | J2: =IFERROR(IF((F2-E2)>0,(F2-E2)*24*60,""),"") -> 4243.0667 | K2: =IFERROR(IF((G2-F2)>0,(G2-F2)*24*60,""),"") -> 2608.3167 | L2: =IFERROR(IF((H2-G2)>0,(H2-G2)*24*60,""),"") -> 608.48333 | M2: =IFERROR(IF((I2-H2)>0,(I2-H2)*24*60,""),"") -> 65.75 | N2: ='Base de tempo'!O2 -> 90 | O2: ='Base de tempo'!P2 -> 0 | P2: ='Base de tempo'!Q2 -> 105 | Q2: ='Base de tempo'!R2 -> Sim | R2: ='Base de tempo'!S2 -> RITMO | S2: =IFERROR(SUMIFS('Base cargas'!H$2:H$36,'Base cargas'!G$2:G$36,A2),0) -> 131700 | T2: =IFERROR(SUMIFS('Base cargas'!J$2:J$36,'Base cargas'!G$2:G$36,A2),0) -> 4 | U2: =IFERROR(S2/T2/1000,"") -> 32.925 | V2: =IFERROR(SUMIFS('Base cargas'!K$2:K$36,'Base cargas'!G$2:G$36,A2),0) -> 7023480 | W2: =IFERROR(V2/S2,"") -> 53.329385
A3: ='Base de tempo'!C3 -> 8013468 | B3: ='Base de tempo'!B3 -> 46117 | C3: ='Base de tempo'!D3 -> 352 | D3: ='Base de tempo'!E3 -> 19817 | E3: ='Base de tempo'!F3 -> 46117.923 | F3: ='Base de tempo'!G3 -> 46117.983 | G3: ='Base de tempo'!H3 -> 46118.497 | H3: ='Base de tempo'!I3 -> 46118.588 | I3: ='Base de tempo'!J3 -> 46119.78 | J3: =IFERROR(IF((F3-E3)>0,(F3-E3)*24*60,""),"") -> 85.9 | K3: =IFERROR(IF((G3-F3)>0,(G3-F3)*24*60,""),"") -> 739.65 | L3: =IFERROR(IF((H3-G3)>0,(H3-G3)*24*60,""),"") -> 131.73333 | M3: =IFERROR(IF((I3-H3)>0,(I3-H3)*24*60,""),"") -> 1716.45 | N3: ='Base de tempo'!O3 -> 90 | O3: ='Base de tempo'!P3 -> 0 | P3: ='Base de tempo'!Q3 -> 105 | Q3: ='Base de tempo'!R3 -> 0 | R3: ='Base de tempo'!S3 -> RITMO | S3: =IFERROR(SUMIFS('Base cargas'!H$2:H$36,'Base cargas'!G$2:G$36,A3),0) -> 211520 | T3: =IFERROR(SUMIFS('Base cargas'!J$2:J$36,'Base cargas'!G$2:G$36,A3),0) -> 6 | U3: =IFERROR(S3/T3/1000,"") -> 35.253333 | V3: =IFERROR(SUMIFS('Base cargas'!K$2:K$36,'Base cargas'!G$2:G$36,A3),0) -> 10783194 | W3: =IFERROR(V3/S3,"") -> 50.979548
A4: ='Base de tempo'!C4 -> 8013482 | B4: ='Base de tempo'!B4 -> 46117 | C4: ='Base de tempo'!D4 -> 352 | D4: ='Base de tempo'!E4 -> 19817 | E4: ='Base de tempo'!F4 -> 46117.789 | F4: ='Base de tempo'!G4 -> 46117.847 | G4: ='Base de tempo'!H4 -> 46118.3 | H4: ='Base de tempo'!I4 -> 46118.692 | I4: ='Base de tempo'!J4 -> 46123.852 | J4: =IFERROR(IF((F4-E4)>0,(F4-E4)*24*60,""),"") -> 84.416667 | K4: =IFERROR(IF((G4-F4)>0,(G4-F4)*24*60,""),"") -> 652.01667 | L4: =IFERROR(IF((H4-G4)>0,(H4-G4)*24*60,""),"") -> 563.85 | M4: =IFERROR(IF((I4-H4)>0,(I4-H4)*24*60,""),"") -> 7430.6333 | N4: ='Base de tempo'!O4 -> 90 | O4: ='Base de tempo'!P4 -> 0 | P4: ='Base de tempo'!Q4 -> 105 | Q4: ='Base de tempo'!R4 -> 0 | R4: ='Base de tempo'!S4 -> RITMO | S4: =IFERROR(SUMIFS('Base cargas'!H$2:H$36,'Base cargas'!G$2:G$36,A4),0) -> 57540 | T4: =IFERROR(SUMIFS('Base cargas'!J$2:J$36,'Base cargas'!G$2:G$36,A4),0) -> 2 | U4: =IFERROR(S4/T4/1000,"") -> 28.77 | V4: =IFERROR(SUMIFS('Base cargas'!K$2:K$36,'Base cargas'!G$2:G$36,A4),0) -> 3279780 | W4: =IFERROR(V4/S4,"") -> 57
A5: ='Base de tempo'!C5 -> 8013484 | B5: ='Base de tempo'!B5 -> 46117 | C5: ='Base de tempo'!D5 -> 352 | D5: ='Base de tempo'!E5 -> 19817 | E5: ='Base de tempo'!F5 -> 46117.745 | F5: ='Base de tempo'!G5 -> 46117.801 | G5: ='Base de tempo'!H5 -> 46118.192 | H5: ='Base de tempo'!I5 -> 46118.403 | I5: ='Base de tempo'!J5 -> 46119.945 | J5: =IFERROR(IF((F5-E5)>0,(F5-E5)*24*60,""),"") -> 81.15 | K5: =IFERROR(IF((G5-F5)>0,(G5-F5)*24*60,""),"") -> 563.33333 | L5: =IFERROR(IF((H5-G5)>0,(H5-G5)*24*60,""),"") -> 303 | M5: =IFERROR(IF((I5-H5)>0,(I5-H5)*24*60,""),"") -> 2220.5833 | N5: ='Base de tempo'!O5 -> 90 | O5: ='Base de tempo'!P5 -> 0 | P5: ='Base de tempo'!Q5 -> 105 | Q5: ='Base de tempo'!R5 -> 0 | R5: ='Base de tempo'!S5 -> RITMO | S5: =IFERROR(SUMIFS('Base cargas'!H$2:H$36,'Base cargas'!G$2:G$36,A5),0) -> 145760 | T5: =IFERROR(SUMIFS('Base cargas'!J$2:J$36,'Base cargas'!G$2:G$36,A5),0) -> 4 | U5: =IFERROR(S5/T5/1000,"") -> 36.44 | V5: =IFERROR(SUMIFS('Base cargas'!K$2:K$36,'Base cargas'!G$2:G$36,A5),0) -> 7142240 | W5: =IFERROR(V5/S5,"") -> 49
A6: ='Base de tempo'!C6 -> 8013472 | B6: ='Base de tempo'!B6 -> 46117 | C6: ='Base de tempo'!D6 -> 353 | D6: ='Base de tempo'!E6 -> 19461 | E6: ='Base de tempo'!F6 -> 46117.902 | F6: ='Base de tempo'!G6 -> 46117.972 | G6: ='Base de tempo'!H6 -> 46118.232 | H6: ='Base de tempo'!I6 -> 46118.324 | I6: ='Base de tempo'!J6 -> 46118.542 | J6: =IFERROR(IF((F6-E6)>0,(F6-E6)*24*60,""),"") -> 99.75 | K6: =IFERROR(IF((G6-F6)>0,(G6-F6)*24*60,""),"") -> 374.66667 | L6: =IFERROR(IF((H6-G6)>0,(H6-G6)*24*60,""),"") -> 133.48333 | M6: =IFERROR(IF((I6-H6)>0,(I6-H6)*24*60,""),"") -> 313.06667 | N6: ='Base de tempo'!O6 -> 90 | O6: ='Base de tempo'!P6 -> 0 | P6: ='Base de tempo'!Q6 -> 105 | Q6: ='Base de tempo'!R6 -> 0 | R6: ='Base de tempo'!S6 -> RITMO | S6: =IFERROR(SUMIFS('Base cargas'!H$2:H$36,'Base cargas'!G$2:G$36,A6),0) -> 150920 | T6: =IFERROR(SUMIFS('Base cargas'!J$2:J$36,'Base cargas'!G$2:G$36,A6),0) -> 4 | U6: =IFERROR(S6/T6/1000,"") -> 37.73 | V6: =IFERROR(SUMIFS('Base cargas'!K$2:K$36,'Base cargas'!G$2:G$36,A6),0) -> 7469960 | W6: =IFERROR(V6/S6,"") -> 49.496157
A7: ='Base de tempo'!C7 -> 8013473 | B7: ='Base de tempo'!B7 -> 46117 | C7: ='Base de tempo'!D7 -> 352 | D7: ='Base de tempo'!E7 -> 19817 | E7: ='Base de tempo'!F7 -> 46117.732 | F7: ='Base de tempo'!G7 -> 46117.8 | G7: ='Base de tempo'!H7 -> 46118.011 | H7: ='Base de tempo'!I7 -> 46118.201 | I7: ='Base de tempo'!J7 -> 46118.246 | J7: =IFERROR(IF((F7-E7)>0,(F7-E7)*24*60,""),"") -> 98.383333 | K7: =IFERROR(IF((G7-F7)>0,(G7-F7)*24*60,""),"") -> 302.73333 | L7: =IFERROR(IF((H7-G7)>0,(H7-G7)*24*60,""),"") -> 274.03333 | M7: =IFERROR(IF((I7-H7)>0,(I7-H7)*24*60,""),"") -> 64.216667 | N7: ='Base de tempo'!O7 -> 90 | O7: ='Base de tempo'!P7 -> 0 | P7: ='Base de tempo'!Q7 -> 105 | Q7: ='Base de tempo'!R7 -> Sim | R7: ='Base de tempo'!S7 -> RITMO | S7: =IFERROR(SUMIFS('Base cargas'!H$2:H$36,'Base cargas'!G$2:G$36,A7),0) -> 134820 | T7: =IFERROR(SUMIFS('Base cargas'!J$2:J$36,'Base cargas'!G$2:G$36,A7),0) -> 4 | U7: =IFERROR(S7/T7/1000,"") -> 33.705 | V7: =IFERROR(SUMIFS('Base cargas'!K$2:K$36,'Base cargas'!G$2:G$36,A7),0) -> 7098980 | W7: =IFERROR(V7/S7,"") -> 52.655244
A8: ='Base de tempo'!C8 -> 8013462 | B8: ='Base de tempo'!B8 -> 46117 | C8: ='Base de tempo'!D8 -> 351 | D8: ='Base de tempo'!E8 -> 9126 | E8: ='Base de tempo'!F8 -> 46117.673 | F8: ='Base de tempo'!G8 -> 46117.709 | G8: ='Base de tempo'!H8 -> 46117.849 | H8: ='Base de tempo'!I8 -> 46117.863 | I8: ='Base de tempo'!J8 -> 46117.863 | J8: =IFERROR(IF((F8-E8)>0,(F8-E8)*24*60,""),"") -> 52 | K8: =IFERROR(IF((G8-F8)>0,(G8-F8)*24*60,""),"") -> 201.73333 | L8: =IFERROR(IF((H8-G8)>0,(H8-G8)*24*60,""),"") -> 19.8 | M8: =IFERROR(IF((I8-H8)>0,(I8-H8)*24*60,""),"") -> 0.68333334 | N8: ='Base de tempo'!O8 -> 90 | O8: ='Base de tempo'!P8 -> 0 | P8: ='Base de tempo'!Q8 -> 105 | Q8: ='Base de tempo'!R8 -> 0 | R8: ='Base de tempo'!S8 -> RITMO | S8: =IFERROR(SUMIFS('Base cargas'!H$2:H$36,'Base cargas'!G$2:G$36,A8),0) -> 130100 | T8: =IFERROR(SUMIFS('Base cargas'!J$2:J$36,'Base cargas'!G$2:G$36,A8),0) -> 4 | U8: =IFERROR(S8/T8/1000,"") -> 32.525 | V8: =IFERROR(SUMIFS('Base cargas'!K$2:K$36,'Base cargas'!G$2:G$36,A8),0) -> 6939140 | W8: =IFERROR(V8/S8,"") -> 53.336972
A9: ='Base de tempo'!C9 -> 8013475 | B9: ='Base de tempo'!B9 -> 46117 | C9: ='Base de tempo'!D9 -> 351 | D9: ='Base de tempo'!E9 -> 19679 | E9: ='Base de tempo'!F9 -> 46117.8 | F9: ='Base de tempo'!G9 -> 46117.844 | G9: ='Base de tempo'!H9 -> 46117.983 | H9: ='Base de tempo'!I9 -> 46118.014 | I9: ='Base de tempo'!J9 -> 46118.172 | J9: =IFERROR(IF((F9-E9)>0,(F9-E9)*24*60,""),"") -> 63.166667 | K9: =IFERROR(IF((G9-F9)>0,(G9-F9)*24*60,""),"") -> 199.5 | L9: =IFERROR(IF((H9-G9)>0,(H9-G9)*24*60,""),"") -> 44.25 | M9: =IFERROR(IF((I9-H9)>0,(I9-H9)*24*60,""),"") -> 228.23333 | N9: ='Base de tempo'!O9 -> 90 | O9: ='Base de tempo'!P9 -> 0 | P9: ='Base de tempo'!Q9 -> 105 | Q9: ='Base de tempo'!R9 -> 0 | R9: ='Base de tempo'!S9 -> RITMO | S9: =IFERROR(SUMIFS('Base cargas'!H$2:H$36,'Base cargas'!G$2:G$36,A9),0) -> 0 | T9: =IFERROR(SUMIFS('Base cargas'!J$2:J$36,'Base cargas'!G$2:G$36,A9),0) -> 0 | U9: =IFERROR(S9/T9/1000,"") | V9: =IFERROR(SUMIFS('Base cargas'!K$2:K$36,'Base cargas'!G$2:G$36,A9),0) -> 0 | W9: =IFERROR(V9/S9,"")
A10: ='Base de tempo'!C10 -> 8013462 | B10: ='Base de tempo'!B10 -> 46124 | C10: ='Base de tempo'!D10 -> 352 | D10: ='Base de tempo'!E10 -> 19817 | E10: ='Base de tempo'!F10 -> 46124.631 | F10: ='Base de tempo'!G10 -> 46124.679 | G10: ='Base de tempo'!H10 -> 46124.811 | H10: ='Base de tempo'!I10 -> 46124.822 | I10: ='Base de tempo'!J10 -> 46124.958 | J10: =IFERROR(IF((F10-E10)>0,(F10-E10)*24*60,""),"") -> 70.033333 | K10: =IFERROR(IF((G10-F10)>0,(G10-F10)*24*60,""),"") -> 189.65 | L10: =IFERROR(IF((H10-G10)>0,(H10-G10)*24*60,""),"") -> 15.7 | M10: =IFERROR(IF((I10-H10)>0,(I10-H10)*24*60,""),"") -> 195.36667 | N10: ='Base de tempo'!O10 -> 90 | O10: ='Base de tempo'!P10 -> 0 | P10: ='Base de tempo'!Q10 -> 105 | Q10: ='Base de tempo'!R10 -> 0 | R10: ='Base de tempo'!S10 -> RITMO | S10: =IFERROR(SUMIFS('Base cargas'!H$2:H$36,'Base cargas'!G$2:G$36,A10),0) -> 130100 | T10: =IFERROR(SUMIFS('Base cargas'!J$2:J$36,'Base cargas'!G$2:G$36,A10),0) -> 4 | U10: =IFERROR(S10/T10/1000,"") -> 32.525 | V10: =IFERROR(SUMIFS('Base cargas'!K$2:K$36,'Base cargas'!G$2:G$36,A10),0) -> 6939140 | W10: =IFERROR(V10/S10,"") -> 53.336972
A11: ='Base de tempo'!C11 -> 8013470 | B11: ='Base de tempo'!B11 -> 46119 | C11: ='Base de tempo'!D11 -> 353 | D11: ='Base de tempo'!E11 -> 19461 | E11: ='Base de tempo'!F11 -> 46119.793 | F11: ='Base de tempo'!G11 -> 46119.85 | G11: ='Base de tempo'!H11 -> 46119.971 | H11: ='Base de tempo'!I11 -> 46120.042 | I11: ='Base de tempo'!J11 -> 46123.694 | J11: =IFERROR(IF((F11-E11)>0,(F11-E11)*24*60,""),"") -> 82.566667 | K11: =IFERROR(IF((G11-F11)>0,(G11-F11)*24*60,""),"") -> 174.21667 | L11: =IFERROR(IF((H11-G11)>0,(H11-G11)*24*60,""),"") -> 101.76667 | M11: =IFERROR(IF((I11-H11)>0,(I11-H11)*24*60,""),"") -> 5258.6667 | N11: ='Base de tempo'!O11 -> 90 | O11: ='Base de tempo'!P11 -> 0 | P11: ='Base de tempo'!Q11 -> 105 | Q11: ='Base de tempo'!R11 -> 0 | R11: ='Base de tempo'!S11 -> RITMO | S11: =IFERROR(SUMIFS('Base cargas'!H$2:H$36,'Base cargas'!G$2:G$36,A11),0) -> 217060 | T11: =IFERROR(SUMIFS('Base cargas'!J$2:J$36,'Base cargas'!G$2:G$36,A11),0) -> 6 | U11: =IFERROR(S11/T11/1000,"") -> 36.176667 | V11: =IFERROR(SUMIFS('Base cargas'!K$2:K$36,'Base cargas'!G$2:G$36,A11),0) -> 10657336 | W11: =IFERROR(V11/S11,"") -> 49.098572
A12: ='Base de tempo'!C12 -> 8013468 | B12: ='Base de tempo'!B12 -> 46123 | C12: ='Base de tempo'!D12 -> 351 | D12: ='Base de tempo'!E12 -> 9143 | E12: ='Base de tempo'!F12 -> 46123.891 | F12: ='Base de tempo'!G12 -> 46123.908 | G12: ='Base de tempo'!H12 -> 46124.015 | H12: ='Base de tempo'!I12 -> 46124.037 | I12: ='Base de tempo'!J12 -> 46124.381 | J12: =IFERROR(IF((F12-E12)>0,(F12-E12)*24*60,""),"") -> 23.516667 | K12: =IFERROR(IF((G12-F12)>0,(G12-F12)*24*60,""),"") -> 154.65 | L12: =IFERROR(IF((H12-G12)>0,(H12-G12)*24*60,""),"") -> 31.183333 | M12: =IFERROR(IF((I12-H12)>0,(I12-H12)*24*60,""),"") -> 495.71667 | N12: ='Base de tempo'!O12 -> 90 | O12: ='Base de tempo'!P12 -> 0 | P12: ='Base de tempo'!Q12 -> 105 | Q12: ='Base de tempo'!R12 -> 0 | R12: ='Base de tempo'!S12 -> RITMO | S12: =IFERROR(SUMIFS('Base cargas'!H$2:H$36,'Base cargas'!G$2:G$36,A12),0) -> 211520 | T12: =IFERROR(SUMIFS('Base cargas'!J$2:J$36,'Base cargas'!G$2:G$36,A12),0) -> 6 | U12: =IFERROR(S12/T12/1000,"") -> 35.253333 | V12: =IFERROR(SUMIFS('Base cargas'!K$2:K$36,'Base cargas'!G$2:G$36,A12),0) -> 10783194 | W12: =IFERROR(V12/S12,"") -> 50.979548
A13: ='Base de tempo'!C13 -> 8013473 | B13: ='Base de tempo'!B13 -> 46123 | C13: ='Base de tempo'!D13 -> 351 | D13: ='Base de tempo'!E13 -> 9143 | E13: ='Base de tempo'!F13 -> 46123.816 | F13: ='Base de tempo'!G13 -> 46123.833 | G13: ='Base de tempo'!H13 -> 46123.94 | H13: ='Base de tempo'!I13 -> 46123.973 | I13: ='Base de tempo'!J13 -> 46124.331 | J13: =IFERROR(IF((F13-E13)>0,(F13-E13)*24*60,""),"") -> 25.05 | K13: =IFERROR(IF((G13-F13)>0,(G13-F13)*24*60,""),"") -> 153.88333 | L13: =IFERROR(IF((H13-G13)>0,(H13-G13)*24*60,""),"") -> 47.833333 | M13: =IFERROR(IF((I13-H13)>0,(I13-H13)*24*60,""),"") -> 515.48333 | N13: ='Base de tempo'!O13 -> 90 | O13: ='Base de tempo'!P13 -> 0 | P13: ='Base de tempo'!Q13 -> 105 | Q13: ='Base de tempo'!R13 -> 0 | R13: ='Base de tempo'!S13 -> RITMO | S13: =IFERROR(SUMIFS('Base cargas'!H$2:H$36,'Base cargas'!G$2:G$36,A13),0) -> 134820 | T13: =IFERROR(SUMIFS('Base cargas'!J$2:J$36,'Base cargas'!G$2:G$36,A13),0) -> 4 | U13: =IFERROR(S13/T13/1000,"") -> 33.705 | V13: =IFERROR(SUMIFS('Base cargas'!K$2:K$36,'Base cargas'!G$2:G$36,A13),0) -> 7098980 | W13: =IFERROR(V13/S13,"") -> 52.655244
... A49: ='Base de tempo'!C49 -> 8013460 | B49: ='Base de tempo'!B49 -> 46123 | C49: ='Base de tempo'!D49 -> 352 | D49: ='Base de tempo'!E49 -> 19817 | E49: ='Base de tempo'!F49 -> 46123.57 | F49: ='Base de tempo'!G49 -> 46123.641 | G49: ='Base de tempo'!H49 -> 46123.666 | H49: ='Base de tempo'!I49 -> 46123.902 | I49: ='Base de tempo'!J49 -> 46124.364 | J49: =IFERROR(IF((F49-E49)>0,(F49-E49)*24*60,""),"") -> 101.41667 | K49: =IFERROR(IF((G49-F49)>0,(G49-F49)*24*60,""),"") -> 35.85 | L49: =IFERROR(IF((H49-G49)>0,(H49-G49)*24*60,""),"") -> 340.08333 | M49: =IFERROR(IF((I49-H49)>0,(I49-H49)*24*60,""),"") -> 665.33333 | N49: ='Base de tempo'!O49 -> 90 | O49: ='Base de tempo'!P49 -> Sim | P49: ='Base de tempo'!Q49 -> 105 | Q49: ='Base de tempo'!R49 -> 0 | R49: ='Base de tempo'!S49 -> RITMO | S49: =IFERROR(SUMIFS('Base cargas'!H$2:H$36,'Base cargas'!G$2:G$36,A49),0) -> 0 | T49: =IFERROR(SUMIFS('Base cargas'!J$2:J$36,'Base cargas'!G$2:G$36,A49),0) -> 0 | U49: =IFERROR(S49/T49/1000,"") | V49: =IFERROR(SUMIFS('Base cargas'!K$2:K$36,'Base cargas'!G$2:G$36,A49),0) -> 0 | W49: =IFERROR(V49/S49,"")

Sheet Apoio_Bordo
A1: EQUIPAMENTO | B1: DATA | C1: TRANSPORTADORA | D1: DESLOC. VAZIO (h) | E1: DESLOC. CARREGADO (h) | F1: DESLOC. OUTROS (h) | G1: CARREGAMENTO (h) | H1: AGUARD. TRANSBORDO (h) | I1: PÁTIO INT+EXT+RES (h) | J1: BALANÇA (h) | K1: MANUT PREV+CORR (h) | L1: MANUT OUTROS (h) | M1: AG. MANUTENCAO (h) | N1: SEM APONTAMENTO (h) | O1: OUTROS (h) | P1: TOTAL HORAS (h) | Q1: VEL_POND VAZIO | R1: HR_OP VAZIO | S1: VEL MÉDIA VAZIO (km/h) | T1: VEL_POND CARREG | U1: HR_OP CARREG | V1: VEL MÉDIA CARREG (km/h) | W1: % DESLOC VAZIO | X1: % DESLOC CARREG | Y1: % OFENSORES
A2: 8013470 | B2: 46124 | C2: RITMO LOGISTICA S/A | D2: =IFERROR(SUMIFS('Base bordo'!G$2:G$746,'Base bordo'!C$2:C$746,A2,'Base bordo'!B$2:B$746,B2,'Base bordo'!F$2:F$746,"DESLOCAMENTO VAZIO"),0) -> 2.2769444 | E2: =IFERROR(SUMIFS('Base bordo'!G$2:G$746,'Base bordo'!C$2:C$746,A2,'Base bordo'!B$2:B$746,B2,'Base bordo'!F$2:F$746,"DESLOCAMENTO CARREGADO"),0) -> 6.3111111 | F2: =IFERROR(SUMIFS('Base bordo'!G$2:G$746,'Base bordo'!C$2:C$746,A2,'Base bordo'!B$2:B$746,B2,'Base bordo'!F$2:F$746,"DESLOCAMENTO"),0) -> 0 | G2: =IFERROR(SUMIFS('Base bordo'!G$2:G$746,'Base bordo'!C$2:C$746,A2,'Base bordo'!B$2:B$746,B2,'Base bordo'!F$2:F$746,"CARREGAMENTO"),0) -> 0 | H2: =IFERROR(SUMIFS('Base bordo'!G$2:G$746,'Base bordo'!C$2:C$746,A2,'Base bordo'!B$2:B$746,B2,'Base bordo'!F$2:F$746,"AGUARDANDO TRANSBORDO"),0) -> 0.24416667 | I2: =IFERROR(SUMIFS('Base bordo'!G$2:G$746,'Base bordo'!C$2:C$746,A2,'Base bordo'!B$2:B$746,B2,'Base bordo'!F$2:F$746,"PÁTIO INTERNO"),0)+IFERROR(SUMIFS('Base bordo'!G$2:G$746,'Base bordo'!C$2:C$746,A2,'Base bordo'!B$2:B$746,B2,'Base bordo'!F$2:F$746,"PÁTIO EXTERNO"),0)+IFERROR(SUMIFS('Base bordo'!G$2:G$746,'Base bordo'!C$2:C$746,A2,'Base bordo'!B$2:B$746,B2,'Base bordo'!F$2:F$746,"PATIO - RESERVA"),0)+IFERROR(SUMIFS('Base bordo'!G$2:G$746,'Base bordo'!C$2:C$746,A2,'Base bordo'!B$2:B$746,B2,'Base bordo'!F$2:F$746,"MANOBRA CARRETAS-PATIO"),0) -> 3.2016667 | J2: =IFERROR(SUMIFS('Base bordo'!G$2:G$746,'Base bordo'!C$2:C$746,A2,'Base bordo'!B$2:B$746,B2,'Base bordo'!F$2:F$746,"BALANÇA - ENTRADA"),0)+IFERROR(SUMIFS('Base bordo'!G$2:G$746,'Base bordo'!C$2:C$746,A2,'Base bordo'!B$2:B$746,B2,'Base bordo'!F$2:F$746,"BALANÇA - SAÍDA"),0) -> 0.21722222 | K2: =IFERROR(SUMIFS('Base bordo'!G$2:G$746,'Base bordo'!C$2:C$746,A2,'Base bordo'!B$2:B$746,B2,'Base bordo'!F$2:F$746,"MAN PREVENTIVA - MECANICA"),0)+IFERROR(SUMIFS('Base bordo'!G$2:G$746,'Base bordo'!C$2:C$746,A2,'Base bordo'!B$2:B$746,B2,'Base bordo'!F$2:F$746,"MAN CORRETIVA - MECANICA"),0) -> 0 | L2: =IFERROR(SUMIFS('Base bordo'!G$2:G$746,'Base bordo'!C$2:C$746,A2,'Base bordo'!B$2:B$746,B2,'Base bordo'!F$2:F$746,"MANUTENCAO - T O"),0)+IFERROR(SUMIFS('Base bordo'!G$2:G$746,'Base bordo'!C$2:C$746,A2,'Base bordo'!B$2:B$746,B2,'Base bordo'!F$2:F$746,"MANUTENCAO BORRACHARIA"),0)+IFERROR(SUMIFS('Base bordo'!G$2:G$746,'Base bordo'!C$2:C$746,A2,'Base bordo'!B$2:B$746,B2,'Base bordo'!F$2:F$746,"MANUTENCAO EXTERNA CONCESSIONARIA"),0)+IFERROR(SUMIFS('Base bordo'!G$2:G$746,'Base bordo'!C$2:C$746,A2,'Base bordo'!B$2:B$746,B2,'Base bordo'!F$2:F$746,"MANUTENCAO TELEMETRIA"),0) -> 0 | M2: =IFERROR(SUMIFS('Base bordo'!G$2:G$746,'Base bordo'!C$2:C$746,A2,'Base bordo'!B$2:B$746,B2,'Base bordo'!F$2:F$746,"AGUARDANDO MANUTENCAO"),0) -> 0 | N2: =IFERROR(SUMIFS('Base bordo'!G$2:G$746,'Base bordo'!C$2:C$746,A2,'Base bordo'!B$2:B$746,B2,'Base bordo'!F$2:F$746,"SEM APONTAMENTO"),0) -> 0 | O2: =IFERROR(P2-SUM(D2:N2),0) -> 0.063333333 | P2: =IFERROR(SUMIFS('Base bordo'!G$2:G$746,'Base bordo'!C$2:C$746,A2,'Base bordo'!B$2:B$746,B2),0) -> 12.314444 | Q2: =IFERROR(SUMIFS('Base bordo'!H$2:H$746,'Base bordo'!C$2:C$746,A2,'Base bordo'!B$2:B$746,B2,'Base bordo'!F$2:F$746,"DESLOCAMENTO VAZIO"),0) -> 282969.98 | R2: =IFERROR(SUMIFS('Base bordo'!I$2:I$746,'Base bordo'!C$2:C$746,A2,'Base bordo'!B$2:B$746,B2,'Base bordo'!F$2:F$746,"DESLOCAMENTO VAZIO"),0) -> 8186 | S2: =IFERROR(Q2/R2,"") -> 34.567552 | T2: =IFERROR(SUMIFS('Base bordo'!H$2:H$746,'Base bordo'!C$2:C$746,A2,'Base bordo'!B$2:B$746,B2,'Base bordo'!F$2:F$746,"DESLOCAMENTO CARREGADO"),0) -> 649243.22 | U2: =IFERROR(SUMIFS('Base bordo'!I$2:I$746,'Base bordo'!C$2:C$746,A2,'Base bordo'!B$2:B$746,B2,'Base bordo'!F$2:F$746,"DESLOCAMENTO CARREGADO"),0) -> 22720 | V2: =IFERROR(T2/U2,"") -> 28.575846 | W2: =IFERROR(D2/P2,0) -> 0.1849003 | X2: =IFERROR(E2/P2,0) -> 0.51249662 | Y2: =IFERROR(1-((D2+E2)/P2),0) -> 0.30260309
A3: 8013461 | B3: 46117 | C3: RITMO LOGISTICA S/A | D3: =IFERROR(SUMIFS('Base bordo'!G$2:G$746,'Base bordo'!C$2:C$746,A3,'Base bordo'!B$2:B$746,B3,'Base bordo'!F$2:F$746,"DESLOCAMENTO VAZIO"),0) -> 4.0352778 | E3: =IFERROR(SUMIFS('Base bordo'!G$2:G$746,'Base bordo'!C$2:C$746,A3,'Base bordo'!B$2:B$746,B3,'Base bordo'!F$2:F$746,"DESLOCAMENTO CARREGADO"),0) -> 0.74527778 | F3: =IFERROR(SUMIFS('Base bordo'!G$2:G$746,'Base bordo'!C$2:C$746,A3,'Base bordo'!B$2:B$746,B3,'Base bordo'!F$2:F$746,"DESLOCAMENTO"),0) -> 0.71555556 | G3: =IFERROR(SUMIFS('Base bordo'!G$2:G$746,'Base bordo'!C$2:C$746,A3,'Base bordo'!B$2:B$746,B3,'Base bordo'!F$2:F$746,"CARREGAMENTO"),0) -> 0.18611111 | H3: =IFERROR(SUMIFS('Base bordo'!G$2:G$746,'Base bordo'!C$2:C$746,A3,'Base bordo'!B$2:B$746,B3,'Base bordo'!F$2:F$746,"AGUARDANDO TRANSBORDO"),0) -> 0.22416667 | I3: =IFERROR(SUMIFS('Base bordo'!G$2:G$746,'Base bordo'!C$2:C$746,A3,'Base bordo'!B$2:B$746,B3,'Base bordo'!F$2:F$746,"PÁTIO INTERNO"),0)+IFERROR(SUMIFS('Base bordo'!G$2:G$746,'Base bordo'!C$2:C$746,A3,'Base bordo'!B$2:B$746,B3,'Base bordo'!F$2:F$746,"PÁTIO EXTERNO"),0)+IFERROR(SUMIFS('Base bordo'!G$2:G$746,'Base bordo'!C$2:C$746,A3,'Base bordo'!B$2:B$746,B3,'Base bordo'!F$2:F$746,"PATIO - RESERVA"),0)+IFERROR(SUMIFS('Base bordo'!G$2:G$746,'Base bordo'!C$2:C$746,A3,'Base bordo'!B$2:B$746,B3,'Base bordo'!F$2:F$746,"MANOBRA CARRETAS-PATIO"),0) -> 0 | J3: =IFERROR(SUMIFS('Base bordo'!G$2:G$746,'Base bordo'!C$2:C$746,A3,'Base bordo'!B$2:B$746,B3,'Base bordo'!F$2:F$746,"BALANÇA - ENTRADA"),0)+IFERROR(SUMIFS('Base bordo'!G$2:G$746,'Base bordo'!C$2:C$746,A3,'Base bordo'!B$2:B$746,B3,'Base bordo'!F$2:F$746,"BALANÇA - SAÍDA"),0) -> 0 | K3: =IFERROR(SUMIFS('Base bordo'!G$2:G$746,'Base bordo'!C$2:C$746,A3,'Base bordo'!B$2:B$746,B3,'Base bordo'!F$2:F$746,"MAN PREVENTIVA - MECANICA"),0)+IFERROR(SUMIFS('Base bordo'!G$2:G$746,'Base bordo'!C$2:C$746,A3,'Base bordo'!B$2:B$746,B3,'Base bordo'!F$2:F$746,"MAN CORRETIVA - MECANICA"),0) -> 0 | L3: =IFERROR(SUMIFS('Base bordo'!G$2:G$746,'Base bordo'!C$2:C$746,A3,'Base bordo'!B$2:B$746,B3,'Base bordo'!F$2:F$746,"MANUTENCAO - T O"),0)+IFERROR(SUMIFS('Base bordo'!G$2:G$746,'Base bordo'!C$2:C$746,A3,'Base bordo'!B$2:B$746,B3,'Base bordo'!F$2:F$746,"MANUTENCAO BORRACHARIA"),0)+IFERROR(SUMIFS('Base bordo'!G$2:G$746,'Base bordo'!C$2:C$746,A3,'Base bordo'!B$2:B$746,B3,'Base bordo'!F$2:F$746,"MANUTENCAO EXTERNA CONCESSIONARIA"),0)+IFERROR(SUMIFS('Base bordo'!G$2:G$746,'Base bordo'!C$2:C$746,A3,'Base bordo'!B$2:B$746,B3,'Base bordo'!F$2:F$746,"MANUTENCAO TELEMETRIA"),0) -> 8.9302778 | M3: =IFERROR(SUMIFS('Base bordo'!G$2:G$746,'Base bordo'!C$2:C$746,A3,'Base bordo'!B$2:B$746,B3,'Base bordo'!F$2:F$746,"AGUARDANDO MANUTENCAO"),0) -> 0 | N3: =IFERROR(SUMIFS('Base bordo'!G$2:G$746,'Base bordo'!C$2:C$746,A3,'Base bordo'!B$2:B$746,B3,'Base bordo'!F$2:F$746,"SEM APONTAMENTO"),0) -> 0.91388889 | O3: =IFERROR(P3-SUM(D3:N3),0) -> 8.2494444 | P3: =IFERROR(SUMIFS('Base bordo'!G$2:G$746,'Base bordo'!C$2:C$746,A3,'Base bordo'!B$2:B$746,B3),0) -> 24 | Q3: =IFERROR(SUMIFS('Base bordo'!H$2:H$746,'Base bordo'!C$2:C$746,A3,'Base bordo'!B$2:B$746,B3,'Base bordo'!F$2:F$746,"DESLOCAMENTO VAZIO"),0) -> 619414.36 | R3: =IFERROR(SUMIFS('Base bordo'!I$2:I$746,'Base bordo'!C$2:C$746,A3,'Base bordo'!B$2:B$746,B3,'Base bordo'!F$2:F$746,"DESLOCAMENTO VAZIO"),0) -> 14527 | S3: =IFERROR(Q3/R3,"") -> 42.638835 | T3: =IFERROR(SUMIFS('Base bordo'!H$2:H$746,'Base bordo'!C$2:C$746,A3,'Base bordo'!B$2:B$746,B3,'Base bordo'!F$2:F$746,"DESLOCAMENTO CARREGADO"),0) -> 37451.12 | U3: =IFERROR(SUMIFS('Base bordo'!I$2:I$746,'Base bordo'!C$2:C$746,A3,'Base bordo'!B$2:B$746,B3,'Base bordo'!F$2:F$746,"DESLOCAMENTO CARREGADO"),0) -> 2683 | V3: =IFERROR(T3/U3,"") -> 13.958673 | W3: =IFERROR(D3/P3,0) -> 0.16813657 | X3: =IFERROR(E3/P3,0) -> 0.031053241 | Y3: =IFERROR(1-((D3+E3)/P3),0) -> 0.80081019
A4: 8013460 | B4: 46117 | C4: RITMO LOGISTICA S/A | D4: =IFERROR(SUMIFS('Base bordo'!G$2:G$746,'Base bordo'!C$2:C$746,A4,'Base bordo'!B$2:B$746,B4,'Base bordo'!F$2:F$746,"DESLOCAMENTO VAZIO"),0) -> 5.2069444 | E4: =IFERROR(SUMIFS('Base bordo'!G$2:G$746,'Base bordo'!C$2:C$746,A4,'Base bordo'!B$2:B$746,B4,'Base bordo'!F$2:F$746,"DESLOCAMENTO CARREGADO"),0) -> 0.55944444 | F4: =IFERROR(SUMIFS('Base bordo'!G$2:G$746,'Base bordo'!C$2:C$746,A4,'Base bordo'!B$2:B$746,B4,'Base bordo'!F$2:F$746,"DESLOCAMENTO"),0) -> 3.0825 | G4: =IFERROR(SUMIFS('Base bordo'!G$2:G$746,'Base bordo'!C$2:C$746,A4,'Base bordo'!B$2:B$746,B4,'Base bordo'!F$2:F$746,"CARREGAMENTO"),0) -> 0.0025 | H4: =IFERROR(SUMIFS('Base bordo'!G$2:G$746,'Base bordo'!C$2:C$746,A4,'Base bordo'!B$2:B$746,B4,'Base bordo'!F$2:F$746,"AGUARDANDO TRANSBORDO"),0) -> 1.0013889 | I4: =IFERROR(SUMIFS('Base bordo'!G$2:G$746,'Base bordo'!C$2:C$746,A4,'Base bordo'!B$2:B$746,B4,'Base bordo'!F$2:F$746,"PÁTIO INTERNO"),0)+IFERROR(SUMIFS('Base bordo'!G$2:G$746,'Base bordo'!C$2:C$746,A4,'Base bordo'!B$2:B$746,B4,'Base bordo'!F$2:F$746,"PÁTIO EXTERNO"),0)+IFERROR(SUMIFS('Base bordo'!G$2:G$746,'Base bordo'!C$2:C$746,A4,'Base bordo'!B$2:B$746,B4,'Base bordo'!F$2:F$746,"PATIO - RESERVA"),0)+IFERROR(SUMIFS('Base bordo'!G$2:G$746,'Base bordo'!C$2:C$746,A4,'Base bordo'!B$2:B$746,B4,'Base bordo'!F$2:F$746,"MANOBRA CARRETAS-PATIO"),0) -> 0.54972222 | J4: =IFERROR(SUMIFS('Base bordo'!G$2:G$746,'Base bordo'!C$2:C$746,A4,'Base bordo'!B$2:B$746,B4,'Base bordo'!F$2:F$746,"BALANÇA - ENTRADA"),0)+IFERROR(SUMIFS('Base bordo'!G$2:G$746,'Base bordo'!C$2:C$746,A4,'Base bordo'!B$2:B$746,B4,'Base bordo'!F$2:F$746,"BALANÇA - SAÍDA"),0) -> 0 | K4: =IFERROR(SUMIFS('Base bordo'!G$2:G$746,'Base bordo'!C$2:C$746,A4,'Base bordo'!B$2:B$746,B4,'Base bordo'!F$2:F$746,"MAN PREVENTIVA - MECANICA"),0)+IFERROR(SUMIFS('Base bordo'!G$2:G$746,'Base bordo'!C$2:C$746,A4,'Base bordo'!B$2:B$746,B4,'Base bordo'!F$2:F$746,"MAN CORRETIVA - MECANICA"),0) -> 0 | L4: =IFERROR(SUMIFS('Base bordo'!G$2:G$746,'Base bordo'!C$2:C$746,A4,'Base bordo'!B$2:B$746,B4,'Base bordo'!F$2:F$746,"MANUTENCAO - T O"),0)+IFERROR(SUMIFS('Base bordo'!G$2:G$746,'Base bordo'!C$2:C$746,A4,'Base bordo'!B$2:B$746,B4,'Base bordo'!F$2:F$746,"MANUTENCAO BORRACHARIA"),0)+IFERROR(SUMIFS('Base bordo'!G$2:G$746,'Base bordo'!C$2:C$746,A4,'Base bordo'!B$2:B$746,B4,'Base bordo'!F$2:F$746,"MANUTENCAO EXTERNA CONCESSIONARIA"),0)+IFERROR(SUMIFS('Base bordo'!G$2:G$746,'Base bordo'!C$2:C$746,A4,'Base bordo'!B$2:B$746,B4,'Base bordo'!F$2:F$746,"MANUTENCAO TELEMETRIA"),0) -> 10.766111 | M4: =IFERROR(SUMIFS('Base bordo'!G$2:G$746,'Base bordo'!C$2:C$746,A4,'Base bordo'!B$2:B$746,B4,'Base bordo'!F$2:F$746,"AGUARDANDO MANUTENCAO"),0) -> 0 | N4: =IFERROR(SUMIFS('Base bordo'!G$2:G$746,'Base bordo'!C$2:C$746,A4,'Base bordo'!B$2:B$746,B4,'Base bordo'!F$2:F$746,"SEM APONTAMENTO"),0) -> 0.29444444 | O4: =IFERROR(P4-SUM(D4:N4),0) -> 2.5369444 | P4: =IFERROR(SUMIFS('Base bordo'!G$2:G$746,'Base bordo'!C$2:C$746,A4,'Base bordo'!B$2:B$746,B4),0) -> 24 | Q4: =IFERROR(SUMIFS('Base bordo'!H$2:H$746,'Base bordo'!C$2:C$746,A4,'Base bordo'!B$2:B$746,B4,'Base bordo'!F$2:F$746,"DESLOCAMENTO VAZIO"),0) -> 595925.09 | R4: =IFERROR(SUMIFS('Base bordo'!I$2:I$746,'Base bordo'!C$2:C$746,A4,'Base bordo'!B$2:B$746,B4,'Base bordo'!F$2:F$746,"DESLOCAMENTO VAZIO"),0) -> 18745 | S4: =IFERROR(Q4/R4,"") -> 31.791149 | T4: =IFERROR(SUMIFS('Base bordo'!H$2:H$746,'Base bordo'!C$2:C$746,A4,'Base bordo'!B$2:B$746,B4,'Base bordo'!F$2:F$746,"DESLOCAMENTO CARREGADO"),0) -> 52858.36 | U4: =IFERROR(SUMIFS('Base bordo'!I$2:I$746,'Base bordo'!C$2:C$746,A4,'Base bordo'!B$2:B$746,B4,'Base bordo'!F$2:F$746,"DESLOCAMENTO CARREGADO"),0) -> 2014 | V4: =IFERROR(T4/U4,"") -> 26.245462 | W4: =IFERROR(D4/P4,0) -> 0.21695602 | X4: =IFERROR(E4/P4,0) -> 0.023310185 | Y4: =IFERROR(1-((D4+E4)/P4),0) -> 0.7597338
A5: 8013470 | B5: 46117 | C5: RITMO LOGISTICA S/A | D5: =IFERROR(SUMIFS('Base bordo'!G$2:G$746,'Base bordo'!C$2:C$746,A5,'Base bordo'!B$2:B$746,B5,'Base bordo'!F$2:F$746,"DESLOCAMENTO VAZIO"),0) -> 5.2283333 | E5: =IFERROR(SUMIFS('Base bordo'!G$2:G$746,'Base bordo'!C$2:C$746,A5,'Base bordo'!B$2:B$746,B5,'Base bordo'!F$2:F$746,"DESLOCAMENTO CARREGADO"),0) -> 1.9622222 | F5: =IFERROR(SUMIFS('Base bordo'!G$2:G$746,'Base bordo'!C$2:C$746,A5,'Base bordo'!B$2:B$746,B5,'Base bordo'!F$2:F$746,"DESLOCAMENTO"),0) -> 0 | G5: =IFERROR(SUMIFS('Base bordo'!G$2:G$746,'Base bordo'!C$2:C$746,A5,'Base bordo'!B$2:B$746,B5,'Base bordo'!F$2:F$746,"CARREGAMENTO"),0) -> 1.6741667 | H5: =IFERROR(SUMIFS('Base bordo'!G$2:G$746,'Base bordo'!C$2:C$746,A5,'Base bordo'!B$2:B$746,B5,'Base bordo'!F$2:F$746,"AGUARDANDO TRANSBORDO"),0) -> 0.22305556 | I5: =IFERROR(SUMIFS('Base bordo'!G$2:G$746,'Base bordo'!C$2:C$746,A5,'Base bordo'!B$2:B$746,B5,'Base bordo'!F$2:F$746,"PÁTIO INTERNO"),0)+IFERROR(SUMIFS('Base bordo'!G$2:G$746,'Base bordo'!C$2:C$746,A5,'Base bordo'!B$2:B$746,B5,'Base bordo'!F$2:F$746,"PÁTIO EXTERNO"),0)+IFERROR(SUMIFS('Base bordo'!G$2:G$746,'Base bordo'!C$2:C$746,A5,'Base bordo'!B$2:B$746,B5,'Base bordo'!F$2:F$746,"PATIO - RESERVA"),0)+IFERROR(SUMIFS('Base bordo'!G$2:G$746,'Base bordo'!C$2:C$746,A5,'Base bordo'!B$2:B$746,B5,'Base bordo'!F$2:F$746,"MANOBRA CARRETAS-PATIO"),0) -> 0.64583333 | J5: =IFERROR(SUMIFS('Base bordo'!G$2:G$746,'Base bordo'!C$2:C$746,A5,'Base bordo'!B$2:B$746,B5,'Base bordo'!F$2:F$746,"BALANÇA - ENTRADA"),0)+IFERROR(SUMIFS('Base bordo'!G$2:G$746,'Base bordo'!C$2:C$746,A5,'Base bordo'!B$2:B$746,B5,'Base bordo'!F$2:F$746,"BALANÇA - SAÍDA"),0) -> 0 | K5: =IFERROR(SUMIFS('Base bordo'!G$2:G$746,'Base bordo'!C$2:C$746,A5,'Base bordo'!B$2:B$746,B5,'Base bordo'!F$2:F$746,"MAN PREVENTIVA - MECANICA"),0)+IFERROR(SUMIFS('Base bordo'!G$2:G$746,'Base bordo'!C$2:C$746,A5,'Base bordo'!B$2:B$746,B5,'Base bordo'!F$2:F$746,"MAN CORRETIVA - MECANICA"),0) -> 0 | L5: =IFERROR(SUMIFS('Base bordo'!G$2:G$746,'Base bordo'!C$2:C$746,A5,'Base bordo'!B$2:B$746,B5,'Base bordo'!F$2:F$746,"MANUTENCAO - T O"),0)+IFERROR(SUMIFS('Base bordo'!G$2:G$746,'Base bordo'!C$2:C$746,A5,'Base bordo'!B$2:B$746,B5,'Base bordo'!F$2:F$746,"MANUTENCAO BORRACHARIA"),0)+IFERROR(SUMIFS('Base bordo'!G$2:G$746,'Base bordo'!C$2:C$746,A5,'Base bordo'!B$2:B$746,B5,'Base bordo'!F$2:F$746,"MANUTENCAO EXTERNA CONCESSIONARIA"),0)+IFERROR(SUMIFS('Base bordo'!G$2:G$746,'Base bordo'!C$2:C$746,A5,'Base bordo'!B$2:B$746,B5,'Base bordo'!F$2:F$746,"MANUTENCAO TELEMETRIA"),0) -> 11.065556 | M5: =IFERROR(SUMIFS('Base bordo'!G$2:G$746,'Base bordo'!C$2:C$746,A5,'Base bordo'!B$2:B$746,B5,'Base bordo'!F$2:F$746,"AGUARDANDO MANUTENCAO"),0) -> 0.04 | N5: =IFERROR(SUMIFS('Base bordo'!G$2:G$746,'Base bordo'!C$2:C$746,A5,'Base bordo'!B$2:B$746,B5,'Base bordo'!F$2:F$746,"SEM APONTAMENTO"),0) -> 0 | O5: =IFERROR(P5-SUM(D5:N5),0) -> 3.1608333 | P5: =IFERROR(SUMIFS('Base bordo'!G$2:G$746,'Base bordo'!C$2:C$746,A5,'Base bordo'!B$2:B$746,B5),0) -> 24 | Q5: =IFERROR(SUMIFS('Base bordo'!H$2:H$746,'Base bordo'!C$2:C$746,A5,'Base bordo'!B$2:B$746,B5,'Base bordo'!F$2:F$746,"DESLOCAMENTO VAZIO"),0) -> 586699.79 | R5: =IFERROR(SUMIFS('Base bordo'!I$2:I$746,'Base bordo'!C$2:C$746,A5,'Base bordo'!B$2:B$746,B5,'Base bordo'!F$2:F$746,"DESLOCAMENTO VAZIO"),0) -> 18822 | S5: =IFERROR(Q5/R5,"") -> 31.170959 | T5: =IFERROR(SUMIFS('Base bordo'!H$2:H$746,'Base bordo'!C$2:C$746,A5,'Base bordo'!B$2:B$746,B5,'Base bordo'!F$2:F$746,"DESLOCAMENTO CARREGADO"),0) -> 166963.32 | U5: =IFERROR(SUMIFS('Base bordo'!I$2:I$746,'Base bordo'!C$2:C$746,A5,'Base bordo'!B$2:B$746,B5,'Base bordo'!F$2:F$746,"DESLOCAMENTO CARREGADO"),0) -> 7064 | V5: =IFERROR(T5/U5,"") -> 23.635804 | W5: =IFERROR(D5/P5,0) -> 0.21784722 | X5: =IFERROR(E5/P5,0) -> 0.081759259 | Y5: =IFERROR(1-((D5+E5)/P5),0) -> 0.70039352
A6: 8013474 | B6: 46124 | C6: RITMO LOGISTICA S/A | D6: =IFERROR(SUMIFS('Base bordo'!G$2:G$746,'Base bordo'!C$2:C$746,A6,'Base bordo'!B$2:B$746,B6,'Base bordo'!F$2:F$746,"DESLOCAMENTO VAZIO"),0) -> 4.3047222 | E6: =IFERROR(SUMIFS('Base bordo'!G$2:G$746,'Base bordo'!C$2:C$746,A6,'Base bordo'!B$2:B$746,B6,'Base bordo'!F$2:F$746,"DESLOCAMENTO CARREGADO"),0) -> 5.575 | F6: =IFERROR(SUMIFS('Base bordo'!G$2:G$746,'Base bordo'!C$2:C$746,A6,'Base bordo'!B$2:B$746,B6,'Base bordo'!F$2:F$746,"DESLOCAMENTO"),0) -> 0 | G6: =IFERROR(SUMIFS('Base bordo'!G$2:G$746,'Base bordo'!C$2:C$746,A6,'Base bordo'!B$2:B$746,B6,'Base bordo'!F$2:F$746,"CARREGAMENTO"),0) -> 0 | H6: =IFERROR(SUMIFS('Base bordo'!G$2:G$746,'Base bordo'!C$2:C$746,A6,'Base bordo'!B$2:B$746,B6,'Base bordo'!F$2:F$746,"AGUARDANDO TRANSBORDO"),0) -> 0.92527778 | I6: =IFERROR(SUMIFS('Base bordo'!G$2:G$746,'Base bordo'!C$2:C$746,A6,'Base bordo'!B$2:B$746,B6,'Base bordo'!F$2:F$746,"PÁTIO INTERNO"),0)+IFERROR(SUMIFS('Base bordo'!G$2:G$746,'Base bordo'!C$2:C$746,A6,'Base bordo'!B$2:B$746,B6,'Base bordo'!F$2:F$746,"PÁTIO EXTERNO"),0)+IFERROR(SUMIFS('Base bordo'!G$2:G$746,'Base bordo'!C$2:C$746,A6,'Base bordo'!B$2:B$746,B6,'Base bordo'!F$2:F$746,"PATIO - RESERVA"),0)+IFERROR(SUMIFS('Base bordo'!G$2:G$746,'Base bordo'!C$2:C$746,A6,'Base bordo'!B$2:B$746,B6,'Base bordo'!F$2:F$746,"MANOBRA CARRETAS-PATIO"),0) -> 1.7619444 | J6: =IFERROR(SUMIFS('Base bordo'!G$2:G$746,'Base bordo'!C$2:C$746,A6,'Base bordo'!B$2:B$746,B6,'Base bordo'!F$2:F$746,"BALANÇA - ENTRADA"),0)+IFERROR(SUMIFS('Base bordo'!G$2:G$746,'Base bordo'!C$2:C$746,A6,'Base bordo'!B$2:B$746,B6,'Base bordo'!F$2:F$746,"BALANÇA - SAÍDA"),0) -> 0.096944444 | K6: =IFERROR(SUMIFS('Base bordo'!G$2:G$746,'Base bordo'!C$2:C$746,A6,'Base bordo'!B$2:B$746,B6,'Base bordo'!F$2:F$746,"MAN PREVENTIVA - MECANICA"),0)+IFERROR(SUMIFS('Base bordo'!G$2:G$746,'Base bordo'!C$2:C$746,A6,'Base bordo'!B$2:B$746,B6,'Base bordo'!F$2:F$746,"MAN CORRETIVA - MECANICA"),0) -> 0 | L6: =IFERROR(SUMIFS('Base bordo'!G$2:G$746,'Base bordo'!C$2:C$746,A6,'Base bordo'!B$2:B$746,B6,'Base bordo'!F$2:F$746,"MANUTENCAO - T O"),0)+IFERROR(SUMIFS('Base bordo'!G$2:G$746,'Base bordo'!C$2:C$746,A6,'Base bordo'!B$2:B$746,B6,'Base bordo'!F$2:F$746,"MANUTENCAO BORRACHARIA"),0)+IFERROR(SUMIFS('Base bordo'!G$2:G$746,'Base bordo'!C$2:C$746,A6,'Base bordo'!B$2:B$746,B6,'Base bordo'!F$2:F$746,"MANUTENCAO EXTERNA CONCESSIONARIA"),0)+IFERROR(SUMIFS('Base bordo'!G$2:G$746,'Base bordo'!C$2:C$746,A6,'Base bordo'!B$2:B$746,B6,'Base bordo'!F$2:F$746,"MANUTENCAO TELEMETRIA"),0) -> 0 | M6: =IFERROR(SUMIFS('Base bordo'!G$2:G$746,'Base bordo'!C$2:C$746,A6,'Base bordo'!B$2:B$746,B6,'Base bordo'!F$2:F$746,"AGUARDANDO MANUTENCAO"),0) -> 0 | N6: =IFERROR(SUMIFS('Base bordo'!G$2:G$746,'Base bordo'!C$2:C$746,A6,'Base bordo'!B$2:B$746,B6,'Base bordo'!F$2:F$746,"SEM APONTAMENTO"),0) -> 0 | O6: =IFERROR(P6-SUM(D6:N6),0) -> 0 | P6: =IFERROR(SUMIFS('Base bordo'!G$2:G$746,'Base bordo'!C$2:C$746,A6,'Base bordo'!B$2:B$746,B6),0) -> 12.663889 | Q6: =IFERROR(SUMIFS('Base bordo'!H$2:H$746,'Base bordo'!C$2:C$746,A6,'Base bordo'!B$2:B$746,B6,'Base bordo'!F$2:F$746,"DESLOCAMENTO VAZIO"),0) -> 535356.59 | R6: =IFERROR(SUMIFS('Base bordo'!I$2:I$746,'Base bordo'!C$2:C$746,A6,'Base bordo'!B$2:B$746,B6,'Base bordo'!F$2:F$746,"DESLOCAMENTO VAZIO"),0) -> 15497 | S6: =IFERROR(Q6/R6,"") -> 34.545821 | T6: =IFERROR(SUMIFS('Base bordo'!H$2:H$746,'Base bordo'!C$2:C$746,A6,'Base bordo'!B$2:B$746,B6,'Base bordo'!F$2:F$746,"DESLOCAMENTO CARREGADO"),0) -> 488002.63 | U6: =IFERROR(SUMIFS('Base bordo'!I$2:I$746,'Base bordo'!C$2:C$746,A6,'Base bordo'!B$2:B$746,B6,'Base bordo'!F$2:F$746,"DESLOCAMENTO CARREGADO"),0) -> 20070 | V6: =IFERROR(T6/U6,"") -> 24.315029 | W6: =IFERROR(D6/P6,0) -> 0.33992104 | X6: =IFERROR(E6/P6,0) -> 0.44022812 | Y6: =IFERROR(1-((D6+E6)/P6),0) -> 0.21985084
A7: 8013483 | B7: 46124 | C7: RITMO LOGISTICA S/A | D7: =IFERROR(SUMIFS('Base bordo'!G$2:G$746,'Base bordo'!C$2:C$746,A7,'Base bordo'!B$2:B$746,B7,'Base bordo'!F$2:F$746,"DESLOCAMENTO VAZIO"),0) -> 3.0661111 | E7: =IFERROR(SUMIFS('Base bordo'!G$2:G$746,'Base bordo'!C$2:C$746,A7,'Base bordo'!B$2:B$746,B7,'Base bordo'!F$2:F$746,"DESLOCAMENTO CARREGADO"),0) -> 5.7730556 | F7: =IFERROR(SUMIFS('Base bordo'!G$2:G$746,'Base bordo'!C$2:C$746,A7,'Base bordo'!B$2:B$746,B7,'Base bordo'!F$2:F$746,"DESLOCAMENTO"),0) -> 0 | G7: =IFERROR(SUMIFS('Base bordo'!G$2:G$746,'Base bordo'!C$2:C$746,A7,'Base bordo'!B$2:B$746,B7,'Base bordo'!F$2:F$746,"CARREGAMENTO"),0) -> 0 | H7: =IFERROR(SUMIFS('Base bordo'!G$2:G$746,'Base bordo'!C$2:C$746,A7,'Base bordo'!B$2:B$746,B7,'Base bordo'!F$2:F$746,"AGUARDANDO TRANSBORDO"),0) -> 0.55083333 | I7: =IFERROR(SUMIFS('Base bordo'!G$2:G$746,'Base bordo'!C$2:C$746,A7,'Base bordo'!B$2:B$746,B7,'Base bordo'!F$2:F$746,"PÁTIO INTERNO"),0)+IFERROR(SUMIFS('Base bordo'!G$2:G$746,'Base bordo'!C$2:C$746,A7,'Base bordo'!B$2:B$746,B7,'Base bordo'!F$2:F$746,"PÁTIO EXTERNO"),0)+IFERROR(SUMIFS('Base bordo'!G$2:G$746,'Base bordo'!C$2:C$746,A7,'Base bordo'!B$2:B$746,B7,'Base bordo'!F$2:F$746,"PATIO - RESERVA"),0)+IFERROR(SUMIFS('Base bordo'!G$2:G$746,'Base bordo'!C$2:C$746,A7,'Base bordo'!B$2:B$746,B7,'Base bordo'!F$2:F$746,"MANOBRA CARRETAS-PATIO"),0) -> 6.1611111 | J7: =IFERROR(SUMIFS('Base bordo'!G$2:G$746,'Base bordo'!C$2:C$746,A7,'Base bordo'!B$2:B$746,B7,'Base bordo'!F$2:F$746,"BALANÇA - ENTRADA"),0)+IFERROR(SUMIFS('Base bordo'!G$2:G$746,'Base bordo'!C$2:C$746,A7,'Base bordo'!B$2:B$746,B7,'Base bordo'!F$2:F$746,"BALANÇA - SAÍDA"),0) -> 0.17694444 | K7: =IFERROR(SUMIFS('Base bordo'!G$2:G$746,'Base bordo'!C$2:C$746,A7,'Base bordo'!B$2:B$746,B7,'Base bordo'!F$2:F$746,"MAN PREVENTIVA - MECANICA"),0)+IFERROR(SUMIFS('Base bordo'!G$2:G$746,'Base bordo'!C$2:C$746,A7,'Base bordo'!B$2:B$746,B7,'Base bordo'!F$2:F$746,"MAN CORRETIVA - MECANICA"),0) -> 0 | L7: =IFERROR(SUMIFS('Base bordo'!G$2:G$746,'Base bordo'!C$2:C$746,A7,'Base bordo'!B$2:B$746,B7,'Base bordo'!F$2:F$746,"MANUTENCAO - T O"),0)+IFERROR(SUMIFS('Base bordo'!G$2:G$746,'Base bordo'!C$2:C$746,A7,'Base bordo'!B$2:B$746,B7,'Base bordo'!F$2:F$746,"MANUTENCAO BORRACHARIA"),0)+IFERROR(SUMIFS('Base bordo'!G$2:G$746,'Base bordo'!C$2:C$746,A7,'Base bordo'!B$2:B$746,B7,'Base bordo'!F$2:F$746,"MANUTENCAO EXTERNA CONCESSIONARIA"),0)+IFERROR(SUMIFS('Base bordo'!G$2:G$746,'Base bordo'!C$2:C$746,A7,'Base bordo'!B$2:B$746,B7,'Base bordo'!F$2:F$746,"MANUTENCAO TELEMETRIA"),0) -> 0 | M7: =IFERROR(SUMIFS('Base bordo'!G$2:G$746,'Base bordo'!C$2:C$746,A7,'Base bordo'!B$2:B$746,B7,'Base bordo'!F$2:F$746,"AGUARDANDO MANUTENCAO"),0) -> 0 | N7: =IFERROR(SUMIFS('Base bordo'!G$2:G$746,'Base bordo'!C$2:C$746,A7,'Base bordo'!B$2:B$746,B7,'Base bordo'!F$2:F$746,"SEM APONTAMENTO"),0) -> 0 | O7: =IFERROR(P7-SUM(D7:N7),0) -> -1.7763568e-15 | P7: =IFERROR(SUMIFS('Base bordo'!G$2:G$746,'Base bordo'!C$2:C$746,A7,'Base bordo'!B$2:B$746,B7),0) -> 15.728056 | Q7: =IFERROR(SUMIFS('Base bordo'!H$2:H$746,'Base bordo'!C$2:C$746,A7,'Base bordo'!B$2:B$746,B7,'Base bordo'!F$2:F$746,"DESLOCAMENTO VAZIO"),0) -> 357738.43 | R7: =IFERROR(SUMIFS('Base bordo'!I$2:I$746,'Base bordo'!C$2:C$746,A7,'Base bordo'!B$2:B$746,B7,'Base bordo'!F$2:F$746,"DESLOCAMENTO VAZIO"),0) -> 11038 | S7: =IFERROR(Q7/R7,"") -> 32.409715 | T7: =IFERROR(SUMIFS('Base bordo'!H$2:H$746,'Base bordo'!C$2:C$746,A7,'Base bordo'!B$2:B$746,B7,'Base bordo'!F$2:F$746,"DESLOCAMENTO CARREGADO"),0) -> 519150.98 | U7: =IFERROR(SUMIFS('Base bordo'!I$2:I$746,'Base bordo'!C$2:C$746,A7,'Base bordo'!B$2:B$746,B7,'Base bordo'!F$2:F$746,"DESLOCAMENTO CARREGADO"),0) -> 20783 | V7: =IFERROR(T7/U7,"") -> 24.979598 | W7: =IFERROR(D7/P7,0) -> 0.19494534 | X7: =IFERROR(E7/P7,0) -> 0.36705463 | Y7: =IFERROR(1-((D7+E7)/P7),0) -> 0.43800004
A8: 8013474 | B8: 46124 | C8: RITMO LOGISTICA S/A | D8: =IFERROR(SUMIFS('Base bordo'!G$2:G$746,'Base bordo'!C$2:C$746,A8,'Base bordo'!B$2:B$746,B8,'Base bordo'!F$2:F$746,"DESLOCAMENTO VAZIO"),0) -> 4.3047222 | E8: =IFERROR(SUMIFS('Base bordo'!G$2:G$746,'Base bordo'!C$2:C$746,A8,'Base bordo'!B$2:B$746,B8,'Base bordo'!F$2:F$746,"DESLOCAMENTO CARREGADO"),0) -> 5.575 | F8: =IFERROR(SUMIFS('Base bordo'!G$2:G$746,'Base bordo'!C$2:C$746,A8,'Base bordo'!B$2:B$746,B8,'Base bordo'!F$2:F$746,"DESLOCAMENTO"),0) -> 0 | G8: =IFERROR(SUMIFS('Base bordo'!G$2:G$746,'Base bordo'!C$2:C$746,A8,'Base bordo'!B$2:B$746,B8,'Base bordo'!F$2:F$746,"CARREGAMENTO"),0) -> 0 | H8: =IFERROR(SUMIFS('Base bordo'!G$2:G$746,'Base bordo'!C$2:C$746,A8,'Base bordo'!B$2:B$746,B8,'Base bordo'!F$2:F$746,"AGUARDANDO TRANSBORDO"),0) -> 0.92527778 | I8: =IFERROR(SUMIFS('Base bordo'!G$2:G$746,'Base bordo'!C$2:C$746,A8,'Base bordo'!B$2:B$746,B8,'Base bordo'!F$2:F$746,"PÁTIO INTERNO"),0)+IFERROR(SUMIFS('Base bordo'!G$2:G$746,'Base bordo'!C$2:C$746,A8,'Base bordo'!B$2:B$746,B8,'Base bordo'!F$2:F$746,"PÁTIO EXTERNO"),0)+IFERROR(SUMIFS('Base bordo'!G$2:G$746,'Base bordo'!C$2:C$746,A8,'Base bordo'!B$2:B$746,B8,'Base bordo'!F$2:F$746,"PATIO - RESERVA"),0)+IFERROR(SUMIFS('Base bordo'!G$2:G$746,'Base bordo'!C$2:C$746,A8,'Base bordo'!B$2:B$746,B8,'Base bordo'!F$2:F$746,"MANOBRA CARRETAS-PATIO"),0) -> 1.7619444 | J8: =IFERROR(SUMIFS('Base bordo'!G$2:G$746,'Base bordo'!C$2:C$746,A8,'Base bordo'!B$2:B$746,B8,'Base bordo'!F$2:F$746,"BALANÇA - ENTRADA"),0)+IFERROR(SUMIFS('Base bordo'!G$2:G$746,'Base bordo'!C$2:C$746,A8,'Base bordo'!B$2:B$746,B8,'Base bordo'!F$2:F$746,"BALANÇA - SAÍDA"),0) -> 0.096944444 | K8: =IFERROR(SUMIFS('Base bordo'!G$2:G$746,'Base bordo'!C$2:C$746,A8,'Base bordo'!B$2:B$746,B8,'Base bordo'!F$2:F$746,"MAN PREVENTIVA - MECANICA"),0)+IFERROR(SUMIFS('Base bordo'!G$2:G$746,'Base bordo'!C$2:C$746,A8,'Base bordo'!B$2:B$746,B8,'Base bordo'!F$2:F$746,"MAN CORRETIVA - MECANICA"),0) -> 0 | L8: =IFERROR(SUMIFS('Base bordo'!G$2:G$746,'Base bordo'!C$2:C$746,A8,'Base bordo'!B$2:B$746,B8,'Base bordo'!F$2:F$746,"MANUTENCAO - T O"),0)+IFERROR(SUMIFS('Base bordo'!G$2:G$746,'Base bordo'!C$2:C$746,A8,'Base bordo'!B$2:B$746,B8,'Base bordo'!F$2:F$746,"MANUTENCAO BORRACHARIA"),0)+IFERROR(SUMIFS('Base bordo'!G$2:G$746,'Base bordo'!C$2:C$746,A8,'Base bordo'!B$2:B$746,B8,'Base bordo'!F$2:F$746,"MANUTENCAO EXTERNA CONCESSIONARIA"),0)+IFERROR(SUMIFS('Base bordo'!G$2:G$746,'Base bordo'!C$2:C$746,A8,'Base bordo'!B$2:B$746,B8,'Base bordo'!F$2:F$746,"MANUTENCAO TELEMETRIA"),0) -> 0 | M8: =IFERROR(SUMIFS('Base bordo'!G$2:G$746,'Base bordo'!C$2:C$746,A8,'Base bordo'!B$2:B$746,B8,'Base bordo'!F$2:F$746,"AGUARDANDO MANUTENCAO"),0) -> 0 | N8: =IFERROR(SUMIFS('Base bordo'!G$2:G$746,'Base bordo'!C$2:C$746,A8,'Base bordo'!B$2:B$746,B8,'Base bordo'!F$2:F$746,"SEM APONTAMENTO"),0) -> 0 | O8: =IFERROR(P8-SUM(D8:N8),0) -> 0 | P8: =IFERROR(SUMIFS('Base bordo'!G$2:G$746,'Base bordo'!C$2:C$746,A8,'Base bordo'!B$2:B$746,B8),0) -> 12.663889 | Q8: =IFERROR(SUMIFS('Base bordo'!H$2:H$746,'Base bordo'!C$2:C$746,A8,'Base bordo'!B$2:B$746,B8,'Base bordo'!F$2:F$746,"DESLOCAMENTO VAZIO"),0) -> 535356.59 | R8: =IFERROR(SUMIFS('Base bordo'!I$2:I$746,'Base bordo'!C$2:C$746,A8,'Base bordo'!B$2:B$746,B8,'Base bordo'!F$2:F$746,"DESLOCAMENTO VAZIO"),0) -> 15497 | S8: =IFERROR(Q8/R8,"") -> 34.545821 | T8: =IFERROR(SUMIFS('Base bordo'!H$2:H$746,'Base bordo'!C$2:C$746,A8,'Base bordo'!B$2:B$746,B8,'Base bordo'!F$2:F$746,"DESLOCAMENTO CARREGADO"),0) -> 488002.63 | U8: =IFERROR(SUMIFS('Base bordo'!I$2:I$746,'Base bordo'!C$2:C$746,A8,'Base bordo'!B$2:B$746,B8,'Base bordo'!F$2:F$746,"DESLOCAMENTO CARREGADO"),0) -> 20070 | V8: =IFERROR(T8/U8,"") -> 24.315029 | W8: =IFERROR(D8/P8,0) -> 0.33992104 | X8: =IFERROR(E8/P8,0) -> 0.44022812 | Y8: =IFERROR(1-((D8+E8)/P8),0) -> 0.21985084
A9: 8013473 | B9: 46124 | C9: RITMO LOGISTICA S/A | D9: =IFERROR(SUMIFS('Base bordo'!G$2:G$746,'Base bordo'!C$2:C$746,A9,'Base bordo'!B$2:B$746,B9,'Base bordo'!F$2:F$746,"DESLOCAMENTO VAZIO"),0) -> 3.365 | E9: =IFERROR(SUMIFS('Base bordo'!G$2:G$746,'Base bordo'!C$2:C$746,A9,'Base bordo'!B$2:B$746,B9,'Base bordo'!F$2:F$746,"DESLOCAMENTO CARREGADO"),0) -> 4.0566667 | F9: =IFERROR(SUMIFS('Base bordo'!G$2:G$746,'Base bordo'!C$2:C$746,A9,'Base bordo'!B$2:B$746,B9,'Base bordo'!F$2:F$746,"DESLOCAMENTO"),0) -> 0 | G9: =IFERROR(SUMIFS('Base bordo'!G$2:G$746,'Base bordo'!C$2:C$746,A9,'Base bordo'!B$2:B$746,B9,'Base bordo'!F$2:F$746,"CARREGAMENTO"),0) -> 0 | H9: =IFERROR(SUMIFS('Base bordo'!G$2:G$746,'Base bordo'!C$2:C$746,A9,'Base bordo'!B$2:B$746,B9,'Base bordo'!F$2:F$746,"AGUARDANDO TRANSBORDO"),0) -> 0.39333333 | I9: =IFERROR(SUMIFS('Base bordo'!G$2:G$746,'Base bordo'!C$2:C$746,A9,'Base bordo'!B$2:B$746,B9,'Base bordo'!F$2:F$746,"PÁTIO INTERNO"),0)+IFERROR(SUMIFS('Base bordo'!G$2:G$746,'Base bordo'!C$2:C$746,A9,'Base bordo'!B$2:B$746,B9,'Base bordo'!F$2:F$746,"PÁTIO EXTERNO"),0)+IFERROR(SUMIFS('Base bordo'!G$2:G$746,'Base bordo'!C$2:C$746,A9,'Base bordo'!B$2:B$746,B9,'Base bordo'!F$2:F$746,"PATIO - RESERVA"),0)+IFERROR(SUMIFS('Base bordo'!G$2:G$746,'Base bordo'!C$2:C$746,A9,'Base bordo'!B$2:B$746,B9,'Base bordo'!F$2:F$746,"MANOBRA CARRETAS-PATIO"),0) -> 4.1744444 | J9: =IFERROR(SUMIFS('Base bordo'!G$2:G$746,'Base bordo'!C$2:C$746,A9,'Base bordo'!B$2:B$746,B9,'Base bordo'!F$2:F$746,"BALANÇA - ENTRADA"),0)+IFERROR(SUMIFS('Base bordo'!G$2:G$746,'Base bordo'!C$2:C$746,A9,'Base bordo'!B$2:B$746,B9,'Base bordo'!F$2:F$746,"BALANÇA - SAÍDA"),0) -> 0.2725 | K9: =IFERROR(SUMIFS('Base bordo'!G$2:G$746,'Base bordo'!C$2:C$746,A9,'Base bordo'!B$2:B$746,B9,'Base bordo'!F$2:F$746,"MAN PREVENTIVA - MECANICA"),0)+IFERROR(SUMIFS('Base bordo'!G$2:G$746,'Base bordo'!C$2:C$746,A9,'Base bordo'!B$2:B$746,B9,'Base bordo'!F$2:F$746,"MAN CORRETIVA - MECANICA"),0) -> 0 | L9: =IFERROR(SUMIFS('Base bordo'!G$2:G$746,'Base bordo'!C$2:C$746,A9,'Base bordo'!B$2:B$746,B9,'Base bordo'!F$2:F$746,"MANUTENCAO - T O"),0)+IFERROR(SUMIFS('Base bordo'!G$2:G$746,'Base bordo'!C$2:C$746,A9,'Base bordo'!B$2:B$746,B9,'Base bordo'!F$2:F$746,"MANUTENCAO BORRACHARIA"),0)+IFERROR(SUMIFS('Base bordo'!G$2:G$746,'Base bordo'!C$2:C$746,A9,'Base bordo'!B$2:B$746,B9,'Base bordo'!F$2:F$746,"MANUTENCAO EXTERNA CONCESSIONARIA"),0)+IFERROR(SUMIFS('Base bordo'!G$2:G$746,'Base bordo'!C$2:C$746,A9,'Base bordo'!B$2:B$746,B9,'Base bordo'!F$2:F$746,"MANUTENCAO TELEMETRIA"),0) -> 0 | M9: =IFERROR(SUMIFS('Base bordo'!G$2:G$746,'Base bordo'!C$2:C$746,A9,'Base bordo'!B$2:B$746,B9,'Base bordo'!F$2:F$746,"AGUARDANDO MANUTENCAO"),0) -> 0 | N9: =IFERROR(SUMIFS('Base bordo'!G$2:G$746,'Base bordo'!C$2:C$746,A9,'Base bordo'!B$2:B$746,B9,'Base bordo'!F$2:F$746,"SEM APONTAMENTO"),0) -> 0 | O9: =IFERROR(P9-SUM(D9:N9),0) -> 0.26305556 | P9: =IFERROR(SUMIFS('Base bordo'!G$2:G$746,'Base bordo'!C$2:C$746,A9,'Base bordo'!B$2:B$746,B9),0) -> 12.525 | Q9: =IFERROR(SUMIFS('Base bordo'!H$2:H$746,'Base bordo'!C$2:C$746,A9,'Base bordo'!B$2:B$746,B9,'Base bordo'!F$2:F$746,"DESLOCAMENTO VAZIO"),0) -> 427465.79 | R9: =IFERROR(SUMIFS('Base bordo'!I$2:I$746,'Base bordo'!C$2:C$746,A9,'Base bordo'!B$2:B$746,B9,'Base bordo'!F$2:F$746,"DESLOCAMENTO VAZIO"),0) -> 12114 | S9: =IFERROR(Q9/R9,"") -> 35.286923 | T9: =IFERROR(SUMIFS('Base bordo'!H$2:H$746,'Base bordo'!C$2:C$746,A9,'Base bordo'!B$2:B$746,B9,'Base bordo'!F$2:F$746,"DESLOCAMENTO CARREGADO"),0) -> 388337.1 | U9: =IFERROR(SUMIFS('Base bordo'!I$2:I$746,'Base bordo'!C$2:C$746,A9,'Base bordo'!B$2:B$746,B9,'Base bordo'!F$2:F$746,"DESLOCAMENTO CARREGADO"),0) -> 14604 | V9: =IFERROR(T9/U9,"") -> 26.591146 | W9: =IFERROR(D9/P9,0) -> 0.26866267 | X9: =IFERROR(E9/P9,0) -> 0.32388556 | Y9: =IFERROR(1-((D9+E9)/P9),0) -> 0.40745176
A10: 8013465 | B10: 46124 | C10: RITMO LOGISTICA S/A | D10: =IFERROR(SUMIFS('Base bordo'!G$2:G$746,'Base bordo'!C$2:C$746,A10,'Base bordo'!B$2:B$746,B10,'Base bordo'!F$2:F$746,"DESLOCAMENTO VAZIO"),0) -> 2.6761111 | E10: =IFERROR(SUMIFS('Base bordo'!G$2:G$746,'Base bordo'!C$2:C$746,A10,'Base bordo'!B$2:B$746,B10,'Base bordo'!F$2:F$746,"DESLOCAMENTO CARREGADO"),0) -> 5.5052778 | F10: =IFERROR(SUMIFS('Base bordo'!G$2:G$746,'Base bordo'!C$2:C$746,A10,'Base bordo'!B$2:B$746,B10,'Base bordo'!F$2:F$746,"DESLOCAMENTO"),0) -> 0 | G10: =IFERROR(SUMIFS('Base bordo'!G$2:G$746,'Base bordo'!C$2:C$746,A10,'Base bordo'!B$2:B$746,B10,'Base bordo'!F$2:F$746,"CARREGAMENTO"),0) -> 0 | H10: =IFERROR(SUMIFS('Base bordo'!G$2:G$746,'Base bordo'!C$2:C$746,A10,'Base bordo'!B$2:B$746,B10,'Base bordo'!F$2:F$746,"AGUARDANDO TRANSBORDO"),0) -> 0.45055556 | I10: =IFERROR(SUMIFS('Base bordo'!G$2:G$746,'Base bordo'!C$2:C$746,A10,'Base bordo'!B$2:B$746,B10,'Base bordo'!F$2:F$746,"PÁTIO INTERNO"),0)+IFERROR(SUMIFS('Base bordo'!G$2:G$746,'Base bordo'!C$2:C$746,A10,'Base bordo'!B$2:B$746,B10,'Base bordo'!F$2:F$746,"PÁTIO EXTERNO"),0)+IFERROR(SUMIFS('Base bordo'!G$2:G$746,'Base bordo'!C$2:C$746,A10,'Base bordo'!B$2:B$746,B10,'Base bordo'!F$2:F$746,"PATIO - RESERVA"),0)+IFERROR(SUMIFS('Base bordo'!G$2:G$746,'Base bordo'!C$2:C$746,A10,'Base bordo'!B$2:B$746,B10,'Base bordo'!F$2:F$746,"MANOBRA CARRETAS-PATIO"),0) -> 2.5047222 | J10: =IFERROR(SUMIFS('Base bordo'!G$2:G$746,'Base bordo'!C$2:C$746,A10,'Base bordo'!B$2:B$746,B10,'Base bordo'!F$2:F$746,"BALANÇA - ENTRADA"),0)+IFERROR(SUMIFS('Base bordo'!G$2:G$746,'Base bordo'!C$2:C$746,A10,'Base bordo'!B$2:B$746,B10,'Base bordo'!F$2:F$746,"BALANÇA - SAÍDA"),0) -> 0 | K10: =IFERROR(SUMIFS('Base bordo'!G$2:G$746,'Base bordo'!C$2:C$746,A10,'Base bordo'!B$2:B$746,B10,'Base bordo'!F$2:F$746,"MAN PREVENTIVA - MECANICA"),0)+IFERROR(SUMIFS('Base bordo'!G$2:G$746,'Base bordo'!C$2:C$746,A10,'Base bordo'!B$2:B$746,B10,'Base bordo'!F$2:F$746,"MAN CORRETIVA - MECANICA"),0) -> 0 | L10: =IFERROR(SUMIFS('Base bordo'!G$2:G$746,'Base bordo'!C$2:C$746,A10,'Base bordo'!B$2:B$746,B10,'Base bordo'!F$2:F$746,"MANUTENCAO - T O"),0)+IFERROR(SUMIFS('Base bordo'!G$2:G$746,'Base bordo'!C$2:C$746,A10,'Base bordo'!B$2:B$746,B10,'Base bordo'!F$2:F$746,"MANUTENCAO BORRACHARIA"),0)+IFERROR(SUMIFS('Base bordo'!G$2:G$746,'Base bordo'!C$2:C$746,A10,'Base bordo'!B$2:B$746,B10,'Base bordo'!F$2:F$746,"MANUTENCAO EXTERNA CONCESSIONARIA"),0)+IFERROR(SUMIFS('Base bordo'!G$2:G$746,'Base bordo'!C$2:C$746,A10,'Base bordo'!B$2:B$746,B10,'Base bordo'!F$2:F$746,"MANUTENCAO TELEMETRIA"),0) -> 0 | M10: =IFERROR(SUMIFS('Base bordo'!G$2:G$746,'Base bordo'!C$2:C$746,A10,'Base bordo'!B$2:B$746,B10,'Base bordo'!F$2:F$746,"AGUARDANDO MANUTENCAO"),0) -> 0 | N10: =IFERROR(SUMIFS('Base bordo'!G$2:G$746,'Base bordo'!C$2:C$746,A10,'Base bordo'!B$2:B$746,B10,'Base bordo'!F$2:F$746,"SEM APONTAMENTO"),0) -> 0 | O10: =IFERROR(P10-SUM(D10:N10),0) -> 0.021111111 | P10: =IFERROR(SUMIFS('Base bordo'!G$2:G$746,'Base bordo'!C$2:C$746,A10,'Base bordo'!B$2:B$746,B10),0) -> 11.157778 | Q10: =IFERROR(SUMIFS('Base bordo'!H$2:H$746,'Base bordo'!C$2:C$746,A10,'Base bordo'!B$2:B$746,B10,'Base bordo'!F$2:F$746,"DESLOCAMENTO VAZIO"),0) -> 384446.33 | R10: =IFERROR(SUMIFS('Base bordo'!I$2:I$746,'Base bordo'!C$2:C$746,A10,'Base bordo'!B$2:B$746,B10,'Base bordo'!F$2:F$746,"DESLOCAMENTO VAZIO"),0) -> 9634 | S10: =IFERROR(Q10/R10,"") -> 39.905162 | T10: =IFERROR(SUMIFS('Base bordo'!H$2:H$746,'Base bordo'!C$2:C$746,A10,'Base bordo'!B$2:B$746,B10,'Base bordo'!F$2:F$746,"DESLOCAMENTO CARREGADO"),0) -> 426423.95 | U10: =IFERROR(SUMIFS('Base bordo'!I$2:I$746,'Base bordo'!C$2:C$746,A10,'Base bordo'!B$2:B$746,B10,'Base bordo'!F$2:F$746,"DESLOCAMENTO CARREGADO"),0) -> 19819 | V10: =IFERROR(T10/U10,"") -> 21.515917 | W10: =IFERROR(D10/P10,0) -> 0.23984266 | X10: =IFERROR(E10/P10,0) -> 0.49340271 | Y10: =IFERROR(1-((D10+E10)/P10),0) -> 0.26675463
A11: 8013482 | B11: 46124 | C11: RITMO LOGISTICA S/A | D11: =IFERROR(SUMIFS('Base bordo'!G$2:G$746,'Base bordo'!C$2:C$746,A11,'Base bordo'!B$2:B$746,B11,'Base bordo'!F$2:F$746,"DESLOCAMENTO VAZIO"),0) -> 3.1158333 | E11: =IFERROR(SUMIFS('Base bordo'!G$2:G$746,'Base bordo'!C$2:C$746,A11,'Base bordo'!B$2:B$746,B11,'Base bordo'!F$2:F$746,"DESLOCAMENTO CARREGADO"),0) -> 4.7358333 | F11: =IFERROR(SUMIFS('Base bordo'!G$2:G$746,'Base bordo'!C$2:C$746,A11,'Base bordo'!B$2:B$746,B11,'Base bordo'!F$2:F$746,"DESLOCAMENTO"),0) -> 0 | G11: =IFERROR(SUMIFS('Base bordo'!G$2:G$746,'Base bordo'!C$2:C$746,A11,'Base bordo'!B$2:B$746,B11,'Base bordo'!F$2:F$746,"CARREGAMENTO"),0) -> 0 | H11: =IFERROR(SUMIFS('Base bordo'!G$2:G$746,'Base bordo'!C$2:C$746,A11,'Base bordo'!B$2:B$746,B11,'Base bordo'!F$2:F$746,"AGUARDANDO TRANSBORDO"),0) -> 0.68361111 | I11: =IFERROR(SUMIFS('Base bordo'!G$2:G$746,'Base bordo'!C$2:C$746,A11,'Base bordo'!B$2:B$746,B11,'Base bordo'!F$2:F$746,"PÁTIO INTERNO"),0)+IFERROR(SUMIFS('Base bordo'!G$2:G$746,'Base bordo'!C$2:C$746,A11,'Base bordo'!B$2:B$746,B11,'Base bordo'!F$2:F$746,"PÁTIO EXTERNO"),0)+IFERROR(SUMIFS('Base bordo'!G$2:G$746,'Base bordo'!C$2:C$746,A11,'Base bordo'!B$2:B$746,B11,'Base bordo'!F$2:F$746,"PATIO - RESERVA"),0)+IFERROR(SUMIFS('Base bordo'!G$2:G$746,'Base bordo'!C$2:C$746,A11,'Base bordo'!B$2:B$746,B11,'Base bordo'!F$2:F$746,"MANOBRA CARRETAS-PATIO"),0) -> 3.3277778 | J11: =IFERROR(SUMIFS('Base bordo'!G$2:G$746,'Base bordo'!C$2:C$746,A11,'Base bordo'!B$2:B$746,B11,'Base bordo'!F$2:F$746,"BALANÇA - ENTRADA"),0)+IFERROR(SUMIFS('Base bordo'!G$2:G$746,'Base bordo'!C$2:C$746,A11,'Base bordo'!B$2:B$746,B11,'Base bordo'!F$2:F$746,"BALANÇA - SAÍDA"),0) -> 0.13361111 | K11: =IFERROR(SUMIFS('Base bordo'!G$2:G$746,'Base bordo'!C$2:C$746,A11,'Base bordo'!B$2:B$746,B11,'Base bordo'!F$2:F$746,"MAN PREVENTIVA - MECANICA"),0)+IFERROR(SUMIFS('Base bordo'!G$2:G$746,'Base bordo'!C$2:C$746,A11,'Base bordo'!B$2:B$746,B11,'Base bordo'!F$2:F$746,"MAN CORRETIVA - MECANICA"),0) -> 0 | L11: =IFERROR(SUMIFS('Base bordo'!G$2:G$746,'Base bordo'!C$2:C$746,A11,'Base bordo'!B$2:B$746,B11,'Base bordo'!F$2:F$746,"MANUTENCAO - T O"),0)+IFERROR(SUMIFS('Base bordo'!G$2:G$746,'Base bordo'!C$2:C$746,A11,'Base bordo'!B$2:B$746,B11,'Base bordo'!F$2:F$746,"MANUTENCAO BORRACHARIA"),0)+IFERROR(SUMIFS('Base bordo'!G$2:G$746,'Base bordo'!C$2:C$746,A11,'Base bordo'!B$2:B$746,B11,'Base bordo'!F$2:F$746,"MANUTENCAO EXTERNA CONCESSIONARIA"),0)+IFERROR(SUMIFS('Base bordo'!G$2:G$746,'Base bordo'!C$2:C$746,A11,'Base bordo'!B$2:B$746,B11,'Base bordo'!F$2:F$746,"MANUTENCAO TELEMETRIA"),0) -> 0 | M11: =IFERROR(SUMIFS('Base bordo'!G$2:G$746,'Base bordo'!C$2:C$746,A11,'Base bordo'!B$2:B$746,B11,'Base bordo'!F$2:F$746,"AGUARDANDO MANUTENCAO"),0) -> 0 | N11: =IFERROR(SUMIFS('Base bordo'!G$2:G$746,'Base bordo'!C$2:C$746,A11,'Base bordo'!B$2:B$746,B11,'Base bordo'!F$2:F$746,"SEM APONTAMENTO"),0) -> 0 | O11: =IFERROR(P11-SUM(D11:N11),0) -> 0 | P11: =IFERROR(SUMIFS('Base bordo'!G$2:G$746,'Base bordo'!C$2:C$746,A11,'Base bordo'!B$2:B$746,B11),0) -> 11.996667 | Q11: =IFERROR(SUMIFS('Base bordo'!H$2:H$746,'Base bordo'!C$2:C$746,A11,'Base bordo'!B$2:B$746,B11,'Base bordo'!F$2:F$746,"DESLOCAMENTO VAZIO"),0) -> 368512.23 | R11: =IFERROR(SUMIFS('Base bordo'!I$2:I$746,'Base bordo'!C$2:C$746,A11,'Base bordo'!B$2:B$746,B11,'Base bordo'!F$2:F$746,"DESLOCAMENTO VAZIO"),0) -> 11217 | S11: =IFERROR(Q11/R11,"") -> 32.853012 | T11: =IFERROR(SUMIFS('Base bordo'!H$2:H$746,'Base bordo'!C$2:C$746,A11,'Base bordo'!B$2:B$746,B11,'Base bordo'!F$2:F$746,"DESLOCAMENTO CARREGADO"),0) -> 421365.03 | U11: =IFERROR(SUMIFS('Base bordo'!I$2:I$746,'Base bordo'!C$2:C$746,A11,'Base bordo'!B$2:B$746,B11,'Base bordo'!F$2:F$746,"DESLOCAMENTO CARREGADO"),0) -> 17049 | V11: =IFERROR(T11/U11,"") -> 24.714941 | W11: =IFERROR(D11/P11,0) -> 0.25972492 | X11: =IFERROR(E11/P11,0) -> 0.39476243 | Y11: =IFERROR(1-((D11+E11)/P11),0) -> 0.34551264
A12: 8013472 | B12: 46124 | C12: RITMO LOGISTICA S/A | D12: =IFERROR(SUMIFS('Base bordo'!G$2:G$746,'Base bordo'!C$2:C$746,A12,'Base bordo'!B$2:B$746,B12,'Base bordo'!F$2:F$746,"DESLOCAMENTO VAZIO"),0) -> 3.0741667 | E12: =IFERROR(SUMIFS('Base bordo'!G$2:G$746,'Base bordo'!C$2:C$746,A12,'Base bordo'!B$2:B$746,B12,'Base bordo'!F$2:F$746,"DESLOCAMENTO CARREGADO"),0) -> 4.4763889 | F12: =IFERROR(SUMIFS('Base bordo'!G$2:G$746,'Base bordo'!C$2:C$746,A12,'Base bordo'!B$2:B$746,B12,'Base bordo'!F$2:F$746,"DESLOCAMENTO"),0) -> 0 | G12: =IFERROR(SUMIFS('Base bordo'!G$2:G$746,'Base bordo'!C$2:C$746,A12,'Base bordo'!B$2:B$746,B12,'Base bordo'!F$2:F$746,"CARREGAMENTO"),0) -> 0 | H12: =IFERROR(SUMIFS('Base bordo'!G$2:G$746,'Base bordo'!C$2:C$746,A12,'Base bordo'!B$2:B$746,B12,'Base bordo'!F$2:F$746,"AGUARDANDO TRANSBORDO"),0) -> 0.55777778 | I12: =IFERROR(SUMIFS('Base bordo'!G$2:G$746,'Base bordo'!C$2:C$746,A12,'Base bordo'!B$2:B$746,B12,'Base bordo'!F$2:F$746,"PÁTIO INTERNO"),0)+IFERROR(SUMIFS('Base bordo'!G$2:G$746,'Base bordo'!C$2:C$746,A12,'Base bordo'!B$2:B$746,B12,'Base bordo'!F$2:F$746,"PÁTIO EXTERNO"),0)+IFERROR(SUMIFS('Base bordo'!G$2:G$746,'Base bordo'!C$2:C$746,A12,'Base bordo'!B$2:B$746,B12,'Base bordo'!F$2:F$746,"PATIO - RESERVA"),0)+IFERROR(SUMIFS('Base bordo'!G$2:G$746,'Base bordo'!C$2:C$746,A12,'Base bordo'!B$2:B$746,B12,'Base bordo'!F$2:F$746,"MANOBRA CARRETAS-PATIO"),0) -> 4.0902778 | J12: =IFERROR(SUMIFS('Base bordo'!G$2:G$746,'Base bordo'!C$2:C$746,A12,'Base bordo'!B$2:B$746,B12,'Base bordo'!F$2:F$746,"BALANÇA - ENTRADA"),0)+IFERROR(SUMIFS('Base bordo'!G$2:G$746,'Base bordo'!C$2:C$746,A12,'Base bordo'!B$2:B$746,B12,'Base bordo'!F$2:F$746,"BALANÇA - SAÍDA"),0) -> 0.055555556 | K12: =IFERROR(SUMIFS('Base bordo'!G$2:G$746,'Base bordo'!C$2:C$746,A12,'Base bordo'!B$2:B$746,B12,'Base bordo'!F$2:F$746,"MAN PREVENTIVA - MECANICA"),0)+IFERROR(SUMIFS('Base bordo'!G$2:G$746,'Base bordo'!C$2:C$746,A12,'Base bordo'!B$2:B$746,B12,'Base bordo'!F$2:F$746,"MAN CORRETIVA - MECANICA"),0) -> 0 | L12: =IFERROR(SUMIFS('Base bordo'!G$2:G$746,'Base bordo'!C$2:C$746,A12,'Base bordo'!B$2:B$746,B12,'Base bordo'!F$2:F$746,"MANUTENCAO - T O"),0)+IFERROR(SUMIFS('Base bordo'!G$2:G$746,'Base bordo'!C$2:C$746,A12,'Base bordo'!B$2:B$746,B12,'Base bordo'!F$2:F$746,"MANUTENCAO BORRACHARIA"),0)+IFERROR(SUMIFS('Base bordo'!G$2:G$746,'Base bordo'!C$2:C$746,A12,'Base bordo'!B$2:B$746,B12,'Base bordo'!F$2:F$746,"MANUTENCAO EXTERNA CONCESSIONARIA"),0)+IFERROR(SUMIFS('Base bordo'!G$2:G$746,'Base bordo'!C$2:C$746,A12,'Base bordo'!B$2:B$746,B12,'Base bordo'!F$2:F$746,"MANUTENCAO TELEMETRIA"),0) -> 0 | M12: =IFERROR(SUMIFS('Base bordo'!G$2:G$746,'Base bordo'!C$2:C$746,A12,'Base bordo'!B$2:B$746,B12,'Base bordo'!F$2:F$746,"AGUARDANDO MANUTENCAO"),0) -> 0 | N12: =IFERROR(SUMIFS('Base bordo'!G$2:G$746,'Base bordo'!C$2:C$746,A12,'Base bordo'!B$2:B$746,B12,'Base bordo'!F$2:F$746,"SEM APONTAMENTO"),0) -> 0 | O12: =IFERROR(P12-SUM(D12:N12),0) -> 3.5527137e-15 | P12: =IFERROR(SUMIFS('Base bordo'!G$2:G$746,'Base bordo'!C$2:C$746,A12,'Base bordo'!B$2:B$746,B12),0) -> 12.254167 | Q12: =IFERROR(SUMIFS('Base bordo'!H$2:H$746,'Base bordo'!C$2:C$746,A12,'Base bordo'!B$2:B$746,B12,'Base bordo'!F$2:F$746,"DESLOCAMENTO VAZIO"),0) -> 415361.29 | R12: =IFERROR(SUMIFS('Base bordo'!I$2:I$746,'Base bordo'!C$2:C$746,A12,'Base bordo'!B$2:B$746,B12,'Base bordo'!F$2:F$746,"DESLOCAMENTO VAZIO"),0) -> 11067 | S12: =IFERROR(Q12/R12,"") -> 37.531516 | T12: =IFERROR(SUMIFS('Base bordo'!H$2:H$746,'Base bordo'!C$2:C$746,A12,'Base bordo'!B$2:B$746,B12,'Base bordo'!F$2:F$746,"DESLOCAMENTO CARREGADO"),0) -> 393703.58 | U12: =IFERROR(SUMIFS('Base bordo'!I$2:I$746,'Base bordo'!C$2:C$746,A12,'Base bordo'!B$2:B$746,B12,'Base bordo'!F$2:F$746,"DESLOCAMENTO CARREGADO"),0) -> 16115 | V12: =IFERROR(T12/U12,"") -> 24.430877 | W12: =IFERROR(D12/P12,0) -> 0.25086705 | X12: =IFERROR(E12/P12,0) -> 0.36529525 | Y12: =IFERROR(1-((D12+E12)/P12),0) -> 0.3838377
A13: 8013461 | B13: 46118 | C13: RITMO LOGISTICA S/A | D13: =IFERROR(SUMIFS('Base bordo'!G$2:G$746,'Base bordo'!C$2:C$746,A13,'Base bordo'!B$2:B$746,B13,'Base bordo'!F$2:F$746,"DESLOCAMENTO VAZIO"),0) -> 1.6119444 | E13: =IFERROR(SUMIFS('Base bordo'!G$2:G$746,'Base bordo'!C$2:C$746,A13,'Base bordo'!B$2:B$746,B13,'Base bordo'!F$2:F$746,"DESLOCAMENTO CARREGADO"),0) -> 3.965 | F13: =IFERROR(SUMIFS('Base bordo'!G$2:G$746,'Base bordo'!C$2:C$746,A13,'Base bordo'!B$2:B$746,B13,'Base bordo'!F$2:F$746,"DESLOCAMENTO"),0) -> 0.61416667 | G13: =IFERROR(SUMIFS('Base bordo'!G$2:G$746,'Base bordo'!C$2:C$746,A13,'Base bordo'!B$2:B$746,B13,'Base bordo'!F$2:F$746,"CARREGAMENTO"),0) -> 0.68666667 | H13: =IFERROR(SUMIFS('Base bordo'!G$2:G$746,'Base bordo'!C$2:C$746,A13,'Base bordo'!B$2:B$746,B13,'Base bordo'!F$2:F$746,"AGUARDANDO TRANSBORDO"),0) -> 0.50333333 | I13: =IFERROR(SUMIFS('Base bordo'!G$2:G$746,'Base bordo'!C$2:C$746,A13,'Base bordo'!B$2:B$746,B13,'Base bordo'!F$2:F$746,"PÁTIO INTERNO"),0)+IFERROR(SUMIFS('Base bordo'!G$2:G$746,'Base bordo'!C$2:C$746,A13,'Base bordo'!B$2:B$746,B13,'Base bordo'!F$2:F$746,"PÁTIO EXTERNO"),0)+IFERROR(SUMIFS('Base bordo'!G$2:G$746,'Base bordo'!C$2:C$746,A13,'Base bordo'!B$2:B$746,B13,'Base bordo'!F$2:F$746,"PATIO - RESERVA"),0)+IFERROR(SUMIFS('Base bordo'!G$2:G$746,'Base bordo'!C$2:C$746,A13,'Base bordo'!B$2:B$746,B13,'Base bordo'!F$2:F$746,"MANOBRA CARRETAS-PATIO"),0) -> 13.5775 | J13: =IFERROR(SUMIFS('Base bordo'!G$2:G$746,'Base bordo'!C$2:C$746,A13,'Base bordo'!B$2:B$746,B13,'Base bordo'!F$2:F$746,"BALANÇA - ENTRADA"),0)+IFERROR(SUMIFS('Base bordo'!G$2:G$746,'Base bordo'!C$2:C$746,A13,'Base bordo'!B$2:B$746,B13,'Base bordo'!F$2:F$746,"BALANÇA - SAÍDA"),0) -> 0.18777778 | K13: =IFERROR(SUMIFS('Base bordo'!G$2:G$746,'Base bordo'!C$2:C$746,A13,'Base bordo'!B$2:B$746,B13,'Base bordo'!F$2:F$746,"MAN PREVENTIVA - MECANICA"),0)+IFERROR(SUMIFS('Base bordo'!G$2:G$746,'Base bordo'!C$2:C$746,A13,'Base bordo'!B$2:B$746,B13,'Base bordo'!F$2:F$746,"MAN CORRETIVA - MECANICA"),0) -> 0 | L13: =IFERROR(SUMIFS('Base bordo'!G$2:G$746,'Base bordo'!C$2:C$746,A13,'Base bordo'!B$2:B$746,B13,'Base bordo'!F$2:F$746,"MANUTENCAO - T O"),0)+IFERROR(SUMIFS('Base bordo'!G$2:G$746,'Base bordo'!C$2:C$746,A13,'Base bordo'!B$2:B$746,B13,'Base bordo'!F$2:F$746,"MANUTENCAO BORRACHARIA"),0)+IFERROR(SUMIFS('Base bordo'!G$2:G$746,'Base bordo'!C$2:C$746,A13,'Base bordo'!B$2:B$746,B13,'Base bordo'!F$2:F$746,"MANUTENCAO EXTERNA CONCESSIONARIA"),0)+IFERROR(SUMIFS('Base bordo'!G$2:G$746,'Base bordo'!C$2:C$746,A13,'Base bordo'!B$2:B$746,B13,'Base bordo'!F$2:F$746,"MANUTENCAO TELEMETRIA"),0) -> 0 | M13: =IFERROR(SUMIFS('Base bordo'!G$2:G$746,'Base bordo'!C$2:C$746,A13,'Base bordo'!B$2:B$746,B13,'Base bordo'!F$2:F$746,"AGUARDANDO MANUTENCAO"),0) -> 0 | N13: =IFERROR(SUMIFS('Base bordo'!G$2:G$746,'Base bordo'!C$2:C$746,A13,'Base bordo'!B$2:B$746,B13,'Base bordo'!F$2:F$746,"SEM APONTAMENTO"),0) -> 0.28888889 | O13: =IFERROR(P13-SUM(D13:N13),0) -> 2.5647222 | P13: =IFERROR(SUMIFS('Base bordo'!G$2:G$746,'Base bordo'!C$2:C$746,A13,'Base bordo'!B$2:B$746,B13),0) -> 24 | Q13: =IFERROR(SUMIFS('Base bordo'!H$2:H$746,'Base bordo'!C$2:C$746,A13,'Base bordo'!B$2:B$746,B13,'Base bordo'!F$2:F$746,"DESLOCAMENTO VAZIO"),0) -> 187022.74 | R13: =IFERROR(SUMIFS('Base bordo'!I$2:I$746,'Base bordo'!C$2:C$746,A13,'Base bordo'!B$2:B$746,B13,'Base bordo'!F$2:F$746,"DESLOCAMENTO VAZIO"),0) -> 5803 | S13: =IFERROR(Q13/R13,"") -> 32.22863 | T13: =IFERROR(SUMIFS('Base bordo'!H$2:H$746,'Base bordo'!C$2:C$746,A13,'Base bordo'!B$2:B$746,B13,'Base bordo'!F$2:F$746,"DESLOCAMENTO CARREGADO"),0) -> 411676.07 | U13: =IFERROR(SUMIFS('Base bordo'!I$2:I$746,'Base bordo'!C$2:C$746,A13,'Base bordo'!B$2:B$746,B13,'Base bordo'!F$2:F$746,"DESLOCAMENTO CARREGADO"),0) -> 14242 | V13: =IFERROR(T13/U13,"") -> 28.905777 | W13: =IFERROR(D13/P13,0) -> 0.067164352 | X13: =IFERROR(E13/P13,0) -> 0.16520833 | Y13: =IFERROR(1-((D13+E13)/P13),0) -> 0.76762731
... A1436: 8013485 | B1436: 46124 | C1436: RITMO LOGISTICA S/A | D1436: =IFERROR(SUMIFS('Base bordo'!G$2:G$746,'Base bordo'!C$2:C$746,A1436,'Base bordo'!B$2:B$746,B1436,'Base bordo'!F$2:F$746,"DESLOCAMENTO VAZIO"),0) -> 1.7575 | E1436: =IFERROR(SUMIFS('Base bordo'!G$2:G$746,'Base bordo'!C$2:C$746,A1436,'Base bordo'!B$2:B$746,B1436,'Base bordo'!F$2:F$746,"DESLOCAMENTO CARREGADO"),0) -> 0.59722222 | F1436: =IFERROR(SUMIFS('Base bordo'!G$2:G$746,'Base bordo'!C$2:C$746,A1436,'Base bordo'!B$2:B$746,B1436,'Base bordo'!F$2:F$746,"DESLOCAMENTO"),0) -> 0 | G1436: =IFERROR(SUMIFS('Base bordo'!G$2:G$746,'Base bordo'!C$2:C$746,A1436,'Base bordo'!B$2:B$746,B1436,'Base bordo'!F$2:F$746,"CARREGAMENTO"),0) -> 0 | H1436: =IFERROR(SUMIFS('Base bordo'!G$2:G$746,'Base bordo'!C$2:C$746,A1436,'Base bordo'!B$2:B$746,B1436,'Base bordo'!F$2:F$746,"AGUARDANDO TRANSBORDO"),0) -> 0.35833333 | I1436: =IFERROR(SUMIFS('Base bordo'!G$2:G$746,'Base bordo'!C$2:C$746,A1436,'Base bordo'!B$2:B$746,B1436,'Base bordo'!F$2:F$746,"PÁTIO INTERNO"),0)+IFERROR(SUMIFS('Base bordo'!G$2:G$746,'Base bordo'!C$2:C$746,A1436,'Base bordo'!B$2:B$746,B1436,'Base bordo'!F$2:F$746,"PÁTIO EXTERNO"),0)+IFERROR(SUMIFS('Base bordo'!G$2:G$746,'Base bordo'!C$2:C$746,A1436,'Base bordo'!B$2:B$746,B1436,'Base bordo'!F$2:F$746,"PATIO - RESERVA"),0)+IFERROR(SUMIFS('Base bordo'!G$2:G$746,'Base bordo'!C$2:C$746,A1436,'Base bordo'!B$2:B$746,B1436,'Base bordo'!F$2:F$746,"MANOBRA CARRETAS-PATIO"),0) -> 4.17 | J1436: =IFERROR(SUMIFS('Base bordo'!G$2:G$746,'Base bordo'!C$2:C$746,A1436,'Base bordo'!B$2:B$746,B1436,'Base bordo'!F$2:F$746,"BALANÇA - ENTRADA"),0)+IFERROR(SUMIFS('Base bordo'!G$2:G$746,'Base bordo'!C$2:C$746,A1436,'Base bordo'!B$2:B$746,B1436,'Base bordo'!F$2:F$746,"BALANÇA - SAÍDA"),0) -> 0.19083333 | K1436: =IFERROR(SUMIFS('Base bordo'!G$2:G$746,'Base bordo'!C$2:C$746,A1436,'Base bordo'!B$2:B$746,B1436,'Base bordo'!F$2:F$746,"MAN PREVENTIVA - MECANICA"),0)+IFERROR(SUMIFS('Base bordo'!G$2:G$746,'Base bordo'!C$2:C$746,A1436,'Base bordo'!B$2:B$746,B1436,'Base bordo'!F$2:F$746,"MAN CORRETIVA - MECANICA"),0) -> 0 | L1436: =IFERROR(SUMIFS('Base bordo'!G$2:G$746,'Base bordo'!C$2:C$746,A1436,'Base bordo'!B$2:B$746,B1436,'Base bordo'!F$2:F$746,"MANUTENCAO - T O"),0)+IFERROR(SUMIFS('Base bordo'!G$2:G$746,'Base bordo'!C$2:C$746,A1436,'Base bordo'!B$2:B$746,B1436,'Base bordo'!F$2:F$746,"MANUTENCAO BORRACHARIA"),0)+IFERROR(SUMIFS('Base bordo'!G$2:G$746,'Base bordo'!C$2:C$746,A1436,'Base bordo'!B$2:B$746,B1436,'Base bordo'!F$2:F$746,"MANUTENCAO EXTERNA CONCESSIONARIA"),0)+IFERROR(SUMIFS('Base bordo'!G$2:G$746,'Base bordo'!C$2:C$746,A1436,'Base bordo'!B$2:B$746,B1436,'Base bordo'!F$2:F$746,"MANUTENCAO TELEMETRIA"),0) -> 0 | M1436: =IFERROR(SUMIFS('Base bordo'!G$2:G$746,'Base bordo'!C$2:C$746,A1436,'Base bordo'!B$2:B$746,B1436,'Base bordo'!F$2:F$746,"AGUARDANDO MANUTENCAO"),0) -> 0 | N1436: =IFERROR(SUMIFS('Base bordo'!G$2:G$746,'Base bordo'!C$2:C$746,A1436,'Base bordo'!B$2:B$746,B1436,'Base bordo'!F$2:F$746,"SEM APONTAMENTO"),0) -> 0 | O1436: =IFERROR(P1436-SUM(D1436:N1436),0) -> 8.8817842e-16 | P1436: =IFERROR(SUMIFS('Base bordo'!G$2:G$746,'Base bordo'!C$2:C$746,A1436,'Base bordo'!B$2:B$746,B1436),0) -> 7.0738889 | Q1436: =IFERROR(SUMIFS('Base bordo'!H$2:H$746,'Base bordo'!C$2:C$746,A1436,'Base bordo'!B$2:B$746,B1436,'Base bordo'!F$2:F$746,"DESLOCAMENTO VAZIO"),0) -> 57117.96 | R1436: =IFERROR(SUMIFS('Base bordo'!I$2:I$746,'Base bordo'!C$2:C$746,A1436,'Base bordo'!B$2:B$746,B1436,'Base bordo'!F$2:F$746,"DESLOCAMENTO VAZIO"),0) -> 2727 | S1436: =IFERROR(Q1436/R1436,"") -> 20.945347 | T1436: =IFERROR(SUMIFS('Base bordo'!H$2:H$746,'Base bordo'!C$2:C$746,A1436,'Base bordo'!B$2:B$746,B1436,'Base bordo'!F$2:F$746,"DESLOCAMENTO CARREGADO"),0) -> 40859.9 | U1436: =IFERROR(SUMIFS('Base bordo'!I$2:I$746,'Base bordo'!C$2:C$746,A1436,'Base bordo'!B$2:B$746,B1436,'Base bordo'!F$2:F$746,"DESLOCAMENTO CARREGADO"),0) -> 2150 | V1436: =IFERROR(T1436/U1436,"") -> 19.004605 | W1436: =IFERROR(D1436/P1436,0) -> 0.24844891 | X1436: =IFERROR(E1436/P1436,0) -> 0.084426294 | Y1436: =IFERROR(1-((D1436+E1436)/P1436),0) -> 0.66712479

Sheet Apoio_Frota_Detalhe
A1: EQUIPAMENTO | B1: FRENTE | C1: Nº VIAGENS | D1: VEL MÉD VAZIO (km/h) | E1: VEL MÉD CARREG (km/h) | F1: t1 MÉD (min) | G1: t2 MÉD (min) | H1: RAIO MÉD (km) | I1: DENSIDADE MÉD (ton/viag) | J1: TOTAL MANUT (h) | K1: TOTAL AG.TRANSB (h) | L1: TOTAL S/APONT (h) | M1: TOTAL PÁTIO (h) | N1: TOTAL HORAS (h) | O1: % OFENSORES | P1: META VEL VAZIO | Q1: META VEL CARREG | R1: META RAIO | S1: META DENSIDADE | T1: META T2 | U1: META T4 | V1: META % OFENS | W1: STATUS VEL VAZIO | X1: STATUS VEL CARREG | Y1: STATUS RAIO | Z1: STATUS DENSIDADE | AA1: STATUS T2 | AB1: STATUS % OFENS
A2: 8013460 | B2: =IFERROR(INDEX(Apoio_Tempo_Cargas!C$2:C$49,MATCH(A2,Apoio_Tempo_Cargas!A$2:A$49,0)),"") -> 351 | C2: =COUNTIF(Apoio_Tempo_Cargas!A$2:A$49,A2) -> 2 | D2: =IFERROR(SUMIFS(Apoio_Bordo!Q$2:Q$78,Apoio_Bordo!A$2:A$78,A2)/SUMIFS(Apoio_Bordo!R$2:R$78,Apoio_Bordo!A$2:A$78,A2),"") -> 32.080875 | E2: =IFERROR(SUMIFS(Apoio_Bordo!T$2:T$78,Apoio_Bordo!A$2:A$78,A2)/SUMIFS(Apoio_Bordo!U$2:U$78,Apoio_Bordo!A$2:A$78,A2),"") -> 22.332721 | F2: =IFERROR(AVERAGEIFS(Apoio_Tempo_Cargas!J$2:J$49,Apoio_Tempo_Cargas!A$2:A$49,A2),"") -> 71.108333 | G2: =IFERROR(AVERAGEIFS(Apoio_Tempo_Cargas!K$2:K$49,Apoio_Tempo_Cargas!A$2:A$49,A2),"") -> 82.291667 | H2: =IFERROR(AVERAGEIFS(Apoio_Tempo_Cargas!W$2:W$49,Apoio_Tempo_Cargas!A$2:A$49,A2),"") | I2: =IFERROR(AVERAGEIFS(Apoio_Tempo_Cargas!U$2:U$49,Apoio_Tempo_Cargas!A$2:A$49,A2),"") | J2: =SUMIFS(Apoio_Bordo!K$2:K$78,Apoio_Bordo!A$2:A$78,A2)+SUMIFS(Apoio_Bordo!L$2:L$78,Apoio_Bordo!A$2:A$78,A2)+SUMIFS(Apoio_Bordo!M$2:M$78,Apoio_Bordo!A$2:A$78,A2) -> 21.532222 | K2: =SUMIFS(Apoio_Bordo!H$2:H$78,Apoio_Bordo!A$2:A$78,A2) -> 2.3555556 | L2: =SUMIFS(Apoio_Bordo!N$2:N$78,Apoio_Bordo!A$2:A$78,A2) -> 0.58888889 | M2: =SUMIFS(Apoio_Bordo!I$2:I$78,Apoio_Bordo!A$2:A$78,A2) -> 23.452778 | N2: =SUMIFS(Apoio_Bordo!P$2:P$78,Apoio_Bordo!A$2:A$78,A2) -> 96.31 | O2: =IFERROR((J2+K2+M2)/N2,0) -> 0.49154351 | P2: =Apoio_Metas_Transporte!C$2 -> 36.6 | Q2: =Apoio_Metas_Transporte!D$2 -> 27 | R2: =Apoio_Metas_Transporte!A$2 -> 29.418587 | S2: =Apoio_Metas_Transporte!B$2 -> 33.5 | T2: =Apoio_Metas_Transporte!E$2 -> 27 | U2: =Apoio_Metas_Transporte!F$2 -> 69.2 | V2: =Apoio_Metas_Transporte!G$2 -> 0.96 | W2: =IF(D2>=P2,"OK","OFENSOR") -> OFENSOR | X2: =IF(E2>=Q2,"OK","OFENSOR") -> OFENSOR | Y2: =IF(H2<=R2,"OK","OFENSOR") -> OFENSOR | Z2: =IF(I2>=S2,"OK","OFENSOR") -> OK | AA2: =IF(G2<=T2,"OK","OFENSOR") -> OFENSOR | AB2: =IF(O2<=V2,"OK","OFENSOR") -> OK
A3: 8013461 | B3: =IFERROR(INDEX(Apoio_Tempo_Cargas!C$2:C$49,MATCH(A3,Apoio_Tempo_Cargas!A$2:A$49,0)),"") | C3: =COUNTIF(Apoio_Tempo_Cargas!A$2:A$49,A3) -> 0 | D3: =IFERROR(SUMIFS(Apoio_Bordo!Q$2:Q$78,Apoio_Bordo!A$2:A$78,A3)/SUMIFS(Apoio_Bordo!R$2:R$78,Apoio_Bordo!A$2:A$78,A3),"") -> 35.305679 | E3: =IFERROR(SUMIFS(Apoio_Bordo!T$2:T$78,Apoio_Bordo!A$2:A$78,A3)/SUMIFS(Apoio_Bordo!U$2:U$78,Apoio_Bordo!A$2:A$78,A3),"") -> 25.747081 | F3: =IFERROR(AVERAGEIFS(Apoio_Tempo_Cargas!J$2:J$49,Apoio_Tempo_Cargas!A$2:A$49,A3),"") | G3: =IFERROR(AVERAGEIFS(Apoio_Tempo_Cargas!K$2:K$49,Apoio_Tempo_Cargas!A$2:A$49,A3),"") | H3: =IFERROR(AVERAGEIFS(Apoio_Tempo_Cargas!W$2:W$49,Apoio_Tempo_Cargas!A$2:A$49,A3),"") | I3: =IFERROR(AVERAGEIFS(Apoio_Tempo_Cargas!U$2:U$49,Apoio_Tempo_Cargas!A$2:A$49,A3),"") | J3: =SUMIFS(Apoio_Bordo!K$2:K$78,Apoio_Bordo!A$2:A$78,A3)+SUMIFS(Apoio_Bordo!L$2:L$78,Apoio_Bordo!A$2:A$78,A3)+SUMIFS(Apoio_Bordo!M$2:M$78,Apoio_Bordo!A$2:A$78,A3) -> 8.9302778 | K3: =SUMIFS(Apoio_Bordo!H$2:H$78,Apoio_Bordo!A$2:A$78,A3) -> 1.8438889 | L3: =SUMIFS(Apoio_Bordo!N$2:N$78,Apoio_Bordo!A$2:A$78,A3) -> 1.4916667 | M3: =SUMIFS(Apoio_Bordo!I$2:I$78,Apoio_Bordo!A$2:A$78,A3) -> 31.551944 | N3: =SUMIFS(Apoio_Bordo!P$2:P$78,Apoio_Bordo!A$2:A$78,A3) -> 81.995278 | O3: =IFERROR((J3+K3+M3)/N3,0) -> 0.51620181 | P3: =Apoio_Metas_Transporte!C$2 -> 36.6 | Q3: =Apoio_Metas_Transporte!D$2 -> 27 | R3: =Apoio_Metas_Transporte!A$2 -> 29.418587 | S3: =Apoio_Metas_Transporte!B$2 -> 33.5 | T3: =Apoio_Metas_Transporte!E$2 -> 27 | U3: =Apoio_Metas_Transporte!F$2 -> 69.2 | V3: =Apoio_Metas_Transporte!G$2 -> 0.96 | W3: =IF(D3>=P3,"OK","OFENSOR") -> OFENSOR | X3: =IF(E3>=Q3,"OK","OFENSOR") -> OFENSOR | Y3: =IF(H3<=R3,"OK","OFENSOR") -> OFENSOR | Z3: =IF(I3>=S3,"OK","OFENSOR") -> OK | AA3: =IF(G3<=T3,"OK","OFENSOR") -> OFENSOR | AB3: =IF(O3<=V3,"OK","OFENSOR") -> OK
A4: 8013462 | B4: =IFERROR(INDEX(Apoio_Tempo_Cargas!C$2:C$49,MATCH(A4,Apoio_Tempo_Cargas!A$2:A$49,0)),"") -> 351 | C4: =COUNTIF(Apoio_Tempo_Cargas!A$2:A$49,A4) -> 4 | D4: =IFERROR(SUMIFS(Apoio_Bordo!Q$2:Q$78,Apoio_Bordo!A$2:A$78,A4)/SUMIFS(Apoio_Bordo!R$2:R$78,Apoio_Bordo!A$2:A$78,A4),"") -> 37.64245 | E4: =IFERROR(SUMIFS(Apoio_Bordo!T$2:T$78,Apoio_Bordo!A$2:A$78,A4)/SUMIFS(Apoio_Bordo!U$2:U$78,Apoio_Bordo!A$2:A$78,A4),"") -> 25.221405 | F4: =IFERROR(AVERAGEIFS(Apoio_Tempo_Cargas!J$2:J$49,Apoio_Tempo_Cargas!A$2:A$49,A4),"") -> 73.3625 | G4: =IFERROR(AVERAGEIFS(Apoio_Tempo_Cargas!K$2:K$49,Apoio_Tempo_Cargas!A$2:A$49,A4),"") -> 128.44167 | H4: =IFERROR(AVERAGEIFS(Apoio_Tempo_Cargas!W$2:W$49,Apoio_Tempo_Cargas!A$2:A$49,A4),"") -> 53.336972 | I4: =IFERROR(AVERAGEIFS(Apoio_Tempo_Cargas!U$2:U$49,Apoio_Tempo_Cargas!A$2:A$49,A4),"") -> 32.525 | J4: =SUMIFS(Apoio_Bordo!K$2:K$78,Apoio_Bordo!A$2:A$78,A4)+SUMIFS(Apoio_Bordo!L$2:L$78,Apoio_Bordo!A$2:A$78,A4)+SUMIFS(Apoio_Bordo!M$2:M$78,Apoio_Bordo!A$2:A$78,A4) -> 10.753333 | K4: =SUMIFS(Apoio_Bordo!H$2:H$78,Apoio_Bordo!A$2:A$78,A4) -> 0.86555556 | L4: =SUMIFS(Apoio_Bordo!N$2:N$78,Apoio_Bordo!A$2:A$78,A4) -> 0 | M4: =SUMIFS(Apoio_Bordo!I$2:I$78,Apoio_Bordo!A$2:A$78,A4) -> 50.545556 | N4: =SUMIFS(Apoio_Bordo!P$2:P$78,Apoio_Bordo!A$2:A$78,A4) -> 96.304444 | O4: =IFERROR((J4+K4+M4)/N4,0) -> 0.64549923 | P4: =Apoio_Metas_Transporte!C$2 -> 36.6 | Q4: =Apoio_Metas_Transporte!D$2 -> 27 | R4: =Apoio_Metas_Transporte!A$2 -> 29.418587 | S4: =Apoio_Metas_Transporte!B$2 -> 33.5 | T4: =Apoio_Metas_Transporte!E$2 -> 27 | U4: =Apoio_Metas_Transporte!F$2 -> 69.2 | V4: =Apoio_Metas_Transporte!G$2 -> 0.96 | W4: =IF(D4>=P4,"OK","OFENSOR") -> OK | X4: =IF(E4>=Q4,"OK","OFENSOR") -> OFENSOR | Y4: =IF(H4<=R4,"OK","OFENSOR") -> OFENSOR | Z4: =IF(I4>=S4,"OK","OFENSOR") -> OFENSOR | AA4: =IF(G4<=T4,"OK","OFENSOR") -> OFENSOR | AB4: =IF(O4<=V4,"OK","OFENSOR") -> OK
A5: 8013465 | B5: =IFERROR(INDEX(Apoio_Tempo_Cargas!C$2:C$49,MATCH(A5,Apoio_Tempo_Cargas!A$2:A$49,0)),"") -> 353 | C5: =COUNTIF(Apoio_Tempo_Cargas!A$2:A$49,A5) -> 2 | D5: =IFERROR(SUMIFS(Apoio_Bordo!Q$2:Q$78,Apoio_Bordo!A$2:A$78,A5)/SUMIFS(Apoio_Bordo!R$2:R$78,Apoio_Bordo!A$2:A$78,A5),"") -> 37.952791 | E5: =IFERROR(SUMIFS(Apoio_Bordo!T$2:T$78,Apoio_Bordo!A$2:A$78,A5)/SUMIFS(Apoio_Bordo!U$2:U$78,Apoio_Bordo!A$2:A$78,A5),"") -> 22.248779 | F5: =IFERROR(AVERAGEIFS(Apoio_Tempo_Cargas!J$2:J$49,Apoio_Tempo_Cargas!A$2:A$49,A5),"") -> 80.458333 | G5: =IFERROR(AVERAGEIFS(Apoio_Tempo_Cargas!K$2:K$49,Apoio_Tempo_Cargas!A$2:A$49,A5),"") -> 44.383333 | H5: =IFERROR(AVERAGEIFS(Apoio_Tempo_Cargas!W$2:W$49,Apoio_Tempo_Cargas!A$2:A$49,A5),"") -> 48.645756 | I5: =IFERROR(AVERAGEIFS(Apoio_Tempo_Cargas!U$2:U$49,Apoio_Tempo_Cargas!A$2:A$49,A5),"") -> 38.345 | J5: =SUMIFS(Apoio_Bordo!K$2:K$78,Apoio_Bordo!A$2:A$78,A5)+SUMIFS(Apoio_Bordo!L$2:L$78,Apoio_Bordo!A$2:A$78,A5)+SUMIFS(Apoio_Bordo!M$2:M$78,Apoio_Bordo!A$2:A$78,A5) -> 0 | K5: =SUMIFS(Apoio_Bordo!H$2:H$78,Apoio_Bordo!A$2:A$78,A5) -> 1.2563889 | L5: =SUMIFS(Apoio_Bordo!N$2:N$78,Apoio_Bordo!A$2:A$78,A5) -> 0 | M5: =SUMIFS(Apoio_Bordo!I$2:I$78,Apoio_Bordo!A$2:A$78,A5) -> 5.0094444 | N5: =SUMIFS(Apoio_Bordo!P$2:P$78,Apoio_Bordo!A$2:A$78,A5) -> 26.841111 | O5: =IFERROR((J5+K5+M5)/N5,0) -> 0.23344165 | P5: =Apoio_Metas_Transporte!C$2 -> 36.6 | Q5: =Apoio_Metas_Transporte!D$2 -> 27 | R5: =Apoio_Metas_Transporte!A$2 -> 29.418587 | S5: =Apoio_Metas_Transporte!B$2 -> 33.5 | T5: =Apoio_Metas_Transporte!E$2 -> 27 | U5: =Apoio_Metas_Transporte!F$2 -> 69.2 | V5: =Apoio_Metas_Transporte!G$2 -> 0.96 | W5: =IF(D5>=P5,"OK","OFENSOR") -> OK | X5: =IF(E5>=Q5,"OK","OFENSOR") -> OFENSOR | Y5: =IF(H5<=R5,"OK","OFENSOR") -> OFENSOR | Z5: =IF(I5>=S5,"OK","OFENSOR") -> OK | AA5: =IF(G5<=T5,"OK","OFENSOR") -> OFENSOR | AB5: =IF(O5<=V5,"OK","OFENSOR") -> OK
A6: 8013468 | B6: =IFERROR(INDEX(Apoio_Tempo_Cargas!C$2:C$49,MATCH(A6,Apoio_Tempo_Cargas!A$2:A$49,0)),"") -> 352 | C6: =COUNTIF(Apoio_Tempo_Cargas!A$2:A$49,A6) -> 4 | D6: =IFERROR(SUMIFS(Apoio_Bordo!Q$2:Q$78,Apoio_Bordo!A$2:A$78,A6)/SUMIFS(Apoio_Bordo!R$2:R$78,Apoio_Bordo!A$2:A$78,A6),"") -> 31.487898 | E6: =IFERROR(SUMIFS(Apoio_Bordo!T$2:T$78,Apoio_Bordo!A$2:A$78,A6)/SUMIFS(Apoio_Bordo!U$2:U$78,Apoio_Bordo!A$2:A$78,A6),"") -> 26.15541 | F6: =IFERROR(AVERAGEIFS(Apoio_Tempo_Cargas!J$2:J$49,Apoio_Tempo_Cargas!A$2:A$49,A6),"") -> 47.133333 | G6: =IFERROR(AVERAGEIFS(Apoio_Tempo_Cargas!K$2:K$49,Apoio_Tempo_Cargas!A$2:A$49,A6),"") -> 263.75 | H6: =IFERROR(AVERAGEIFS(Apoio_Tempo_Cargas!W$2:W$49,Apoio_Tempo_Cargas!A$2:A$49,A6),"") -> 50.979548 | I6: =IFERROR(AVERAGEIFS(Apoio_Tempo_Cargas!U$2:U$49,Apoio_Tempo_Cargas!A$2:A$49,A6),"") -> 35.253333 | J6: =SUMIFS(Apoio_Bordo!K$2:K$78,Apoio_Bordo!A$2:A$78,A6)+SUMIFS(Apoio_Bordo!L$2:L$78,Apoio_Bordo!A$2:A$78,A6)+SUMIFS(Apoio_Bordo!M$2:M$78,Apoio_Bordo!A$2:A$78,A6) -> 10.54 | K6: =SUMIFS(Apoio_Bordo!H$2:H$78,Apoio_Bordo!A$2:A$78,A6) -> 10.616111 | L6: =SUMIFS(Apoio_Bordo!N$2:N$78,Apoio_Bordo!A$2:A$78,A6) -> 0.34805556 | M6: =SUMIFS(Apoio_Bordo!I$2:I$78,Apoio_Bordo!A$2:A$78,A6) -> 20.418889 | N6: =SUMIFS(Apoio_Bordo!P$2:P$78,Apoio_Bordo!A$2:A$78,A6) -> 82.783056 | O6: =IFERROR((J6+K6+M6)/N6,0) -> 0.5022163 | P6: =Apoio_Metas_Transporte!C$2 -> 36.6 | Q6: =Apoio_Metas_Transporte!D$2 -> 27 | R6: =Apoio_Metas_Transporte!A$2 -> 29.418587 | S6: =Apoio_Metas_Transporte!B$2 -> 33.5 | T6: =Apoio_Metas_Transporte!E$2 -> 27 | U6: =Apoio_Metas_Transporte!F$2 -> 69.2 | V6: =Apoio_Metas_Transporte!G$2 -> 0.96 | W6: =IF(D6>=P6,"OK","OFENSOR") -> OFENSOR | X6: =IF(E6>=Q6,"OK","OFENSOR") -> OFENSOR | Y6: =IF(H6<=R6,"OK","OFENSOR") -> OFENSOR | Z6: =IF(I6>=S6,"OK","OFENSOR") -> OK | AA6: =IF(G6<=T6,"OK","OFENSOR") -> OFENSOR | AB6: =IF(O6<=V6,"OK","OFENSOR") -> OK
A7: 8013469 | B7: =IFERROR(INDEX(Apoio_Tempo_Cargas!C$2:C$49,MATCH(A7,Apoio_Tempo_Cargas!A$2:A$49,0)),"") -> 353 | C7: =COUNTIF(Apoio_Tempo_Cargas!A$2:A$49,A7) -> 3 | D7: =IFERROR(SUMIFS(Apoio_Bordo!Q$2:Q$78,Apoio_Bordo!A$2:A$78,A7)/SUMIFS(Apoio_Bordo!R$2:R$78,Apoio_Bordo!A$2:A$78,A7),"") -> 29.47548 | E7: =IFERROR(SUMIFS(Apoio_Bordo!T$2:T$78,Apoio_Bordo!A$2:A$78,A7)/SUMIFS(Apoio_Bordo!U$2:U$78,Apoio_Bordo!A$2:A$78,A7),"") -> 23.959004 | F7: =IFERROR(AVERAGEIFS(Apoio_Tempo_Cargas!J$2:J$49,Apoio_Tempo_Cargas!A$2:A$49,A7),"") -> 41.155556 | G7: =IFERROR(AVERAGEIFS(Apoio_Tempo_Cargas!K$2:K$49,Apoio_Tempo_Cargas!A$2:A$49,A7),"") -> 74.966667 | H7: =IFERROR(AVERAGEIFS(Apoio_Tempo_Cargas!W$2:W$49,Apoio_Tempo_Cargas!A$2:A$49,A7),"") -> 49.479406 | I7: =IFERROR(AVERAGEIFS(Apoio_Tempo_Cargas!U$2:U$49,Apoio_Tempo_Cargas!A$2:A$49,A7),"") -> 37.39 | J7: =SUMIFS(Apoio_Bordo!K$2:K$78,Apoio_Bordo!A$2:A$78,A7)+SUMIFS(Apoio_Bordo!L$2:L$78,Apoio_Bordo!A$2:A$78,A7)+SUMIFS(Apoio_Bordo!M$2:M$78,Apoio_Bordo!A$2:A$78,A7) -> 8.1661111 | K7: =SUMIFS(Apoio_Bordo!H$2:H$78,Apoio_Bordo!A$2:A$78,A7) -> 2.6016667 | L7: =SUMIFS(Apoio_Bordo!N$2:N$78,Apoio_Bordo!A$2:A$78,A7) -> 0.10833333 | M7: =SUMIFS(Apoio_Bordo!I$2:I$78,Apoio_Bordo!A$2:A$78,A7) -> 20.798333 | N7: =SUMIFS(Apoio_Bordo!P$2:P$78,Apoio_Bordo!A$2:A$78,A7) -> 69.853611 | O7: =IFERROR((J7+K7+M7)/N7,0) -> 0.45188947 | P7: =Apoio_Metas_Transporte!C$2 -> 36.6 | Q7: =Apoio_Metas_Transporte!D$2 -> 27 | R7: =Apoio_Metas_Transporte!A$2 -> 29.418587 | S7: =Apoio_Metas_Transporte!B$2 -> 33.5 | T7: =Apoio_Metas_Transporte!E$2 -> 27 | U7: =Apoio_Metas_Transporte!F$2 -> 69.2 | V7: =Apoio_Metas_Transporte!G$2 -> 0.96 | W7: =IF(D7>=P7,"OK","OFENSOR") -> OFENSOR | X7: =IF(E7>=Q7,"OK","OFENSOR") -> OFENSOR | Y7: =IF(H7<=R7,"OK","OFENSOR") -> OFENSOR | Z7: =IF(I7>=S7,"OK","OFENSOR") -> OK | AA7: =IF(G7<=T7,"OK","OFENSOR") -> OFENSOR | AB7: =IF(O7<=V7,"OK","OFENSOR") -> OK
A8: 8013470 | B8: =IFERROR(INDEX(Apoio_Tempo_Cargas!C$2:C$49,MATCH(A8,Apoio_Tempo_Cargas!A$2:A$49,0)),"") -> 353 | C8: =COUNTIF(Apoio_Tempo_Cargas!A$2:A$49,A8) -> 5 | D8: =IFERROR(SUMIFS(Apoio_Bordo!Q$2:Q$78,Apoio_Bordo!A$2:A$78,A8)/SUMIFS(Apoio_Bordo!R$2:R$78,Apoio_Bordo!A$2:A$78,A8),"") -> 32.35903 | E8: =IFERROR(SUMIFS(Apoio_Bordo!T$2:T$78,Apoio_Bordo!A$2:A$78,A8)/SUMIFS(Apoio_Bordo!U$2:U$78,Apoio_Bordo!A$2:A$78,A8),"") -> 26.646655 | F8: =IFERROR(AVERAGEIFS(Apoio_Tempo_Cargas!J$2:J$49,Apoio_Tempo_Cargas!A$2:A$49,A8),"") -> 102.44667 | G8: =IFERROR(AVERAGEIFS(Apoio_Tempo_Cargas!K$2:K$49,Apoio_Tempo_Cargas!A$2:A$49,A8),"") -> 113.69333 | H8: =IFERROR(AVERAGEIFS(Apoio_Tempo_Cargas!W$2:W$49,Apoio_Tempo_Cargas!A$2:A$49,A8),"") -> 49.098572 | I8: =IFERROR(AVERAGEIFS(Apoio_Tempo_Cargas!U$2:U$49,Apoio_Tempo_Cargas!A$2:A$49,A8),"") -> 36.176667 | J8: =SUMIFS(Apoio_Bordo!K$2:K$78,Apoio_Bordo!A$2:A$78,A8)+SUMIFS(Apoio_Bordo!L$2:L$78,Apoio_Bordo!A$2:A$78,A8)+SUMIFS(Apoio_Bordo!M$2:M$78,Apoio_Bordo!A$2:A$78,A8) -> 13.132778 | K8: =SUMIFS(Apoio_Bordo!H$2:H$78,Apoio_Bordo!A$2:A$78,A8) -> 2.5225 | L8: =SUMIFS(Apoio_Bordo!N$2:N$78,Apoio_Bordo!A$2:A$78,A8) -> 1.7022222 | M8: =SUMIFS(Apoio_Bordo!I$2:I$78,Apoio_Bordo!A$2:A$78,A8) -> 23.29 | N8: =SUMIFS(Apoio_Bordo!P$2:P$78,Apoio_Bordo!A$2:A$78,A8) -> 102.79083 | O8: =IFERROR((J8+K8+M8)/N8,0) -> 0.3788789 | P8: =Apoio_Metas_Transporte!C$2 -> 36.6 | Q8: =Apoio_Metas_Transporte!D$2 -> 27 | R8: =Apoio_Metas_Transporte!A$2 -> 29.418587 | S8: =Apoio_Metas_Transporte!B$2 -> 33.5 | T8: =Apoio_Metas_Transporte!E$2 -> 27 | U8: =Apoio_Metas_Transporte!F$2 -> 69.2 | V8: =Apoio_Metas_Transporte!G$2 -> 0.96 | W8: =IF(D8>=P8,"OK","OFENSOR") -> OFENSOR | X8: =IF(E8>=Q8,"OK","OFENSOR") -> OFENSOR | Y8: =IF(H8<=R8,"OK","OFENSOR") -> OFENSOR | Z8: =IF(I8>=S8,"OK","OFENSOR") -> OK | AA8: =IF(G8<=T8,"OK","OFENSOR") -> OFENSOR | AB8: =IF(O8<=V8,"OK","OFENSOR") -> OK
A9: 8013472 | B9: =IFERROR(INDEX(Apoio_Tempo_Cargas!C$2:C$49,MATCH(A9,Apoio_Tempo_Cargas!A$2:A$49,0)),"") -> 353 | C9: =COUNTIF(Apoio_Tempo_Cargas!A$2:A$49,A9) -> 2 | D9: =IFERROR(SUMIFS(Apoio_Bordo!Q$2:Q$78,Apoio_Bordo!A$2:A$78,A9)/SUMIFS(Apoio_Bordo!R$2:R$78,Apoio_Bordo!A$2:A$78,A9),"") -> 32.995892 | E9: =IFERROR(SUMIFS(Apoio_Bordo!T$2:T$78,Apoio_Bordo!A$2:A$78,A9)/SUMIFS(Apoio_Bordo!U$2:U$78,Apoio_Bordo!A$2:A$78,A9),"") -> 24.076519 | F9: =IFERROR(AVERAGEIFS(Apoio_Tempo_Cargas!J$2:J$49,Apoio_Tempo_Cargas!A$2:A$49,A9),"") -> 85.1 | G9: =IFERROR(AVERAGEIFS(Apoio_Tempo_Cargas!K$2:K$49,Apoio_Tempo_Cargas!A$2:A$49,A9),"") -> 210.99167 | H9: =IFERROR(AVERAGEIFS(Apoio_Tempo_Cargas!W$2:W$49,Apoio_Tempo_Cargas!A$2:A$49,A9),"") -> 49.496157 | I9: =IFERROR(AVERAGEIFS(Apoio_Tempo_Cargas!U$2:U$49,Apoio_Tempo_Cargas!A$2:A$49,A9),"") -> 37.73 | J9: =SUMIFS(Apoio_Bordo!K$2:K$78,Apoio_Bordo!A$2:A$78,A9)+SUMIFS(Apoio_Bordo!L$2:L$78,Apoio_Bordo!A$2:A$78,A9)+SUMIFS(Apoio_Bordo!M$2:M$78,Apoio_Bordo!A$2:A$78,A9) -> 7.7419444 | K9: =SUMIFS(Apoio_Bordo!H$2:H$78,Apoio_Bordo!A$2:A$78,A9) -> 1.1155556 | L9: =SUMIFS(Apoio_Bordo!N$2:N$78,Apoio_Bordo!A$2:A$78,A9) -> 0 | M9: =SUMIFS(Apoio_Bordo!I$2:I$78,Apoio_Bordo!A$2:A$78,A9) -> 16.565833 | N9: =SUMIFS(Apoio_Bordo!P$2:P$78,Apoio_Bordo!A$2:A$78,A9) -> 60.041667 | O9: =IFERROR((J9+K9+M9)/N9,0) -> 0.42342817 | P9: =Apoio_Metas_Transporte!C$2 -> 36.6 | Q9: =Apoio_Metas_Transporte!D$2 -> 27 | R9: =Apoio_Metas_Transporte!A$2 -> 29.418587 | S9: =Apoio_Metas_Transporte!B$2 -> 33.5 | T9: =Apoio_Metas_Transporte!E$2 -> 27 | U9: =Apoio_Metas_Transporte!F$2 -> 69.2 | V9: =Apoio_Metas_Transporte!G$2 -> 0.96 | W9: =IF(D9>=P9,"OK","OFENSOR") -> OFENSOR | X9: =IF(E9>=Q9,"OK","OFENSOR") -> OFENSOR | Y9: =IF(H9<=R9,"OK","OFENSOR") -> OFENSOR | Z9: =IF(I9>=S9,"OK","OFENSOR") -> OK | AA9: =IF(G9<=T9,"OK","OFENSOR") -> OFENSOR | AB9: =IF(O9<=V9,"OK","OFENSOR") -> OK
A10: 8013473 | B10: =IFERROR(INDEX(Apoio_Tempo_Cargas!C$2:C$49,MATCH(A10,Apoio_Tempo_Cargas!A$2:A$49,0)),"") -> 352 | C10: =COUNTIF(Apoio_Tempo_Cargas!A$2:A$49,A10) -> 3 | D10: =IFERROR(SUMIFS(Apoio_Bordo!Q$2:Q$78,Apoio_Bordo!A$2:A$78,A10)/SUMIFS(Apoio_Bordo!R$2:R$78,Apoio_Bordo!A$2:A$78,A10),"") -> 34.427322 | E10: =IFERROR(SUMIFS(Apoio_Bordo!T$2:T$78,Apoio_Bordo!A$2:A$78,A10)/SUMIFS(Apoio_Bordo!U$2:U$78,Apoio_Bordo!A$2:A$78,A10),"") -> 25.756094 | F10: =IFERROR(AVERAGEIFS(Apoio_Tempo_Cargas!J$2:J$49,Apoio_Tempo_Cargas!A$2:A$49,A10),"") -> 48.488889 | G10: =IFERROR(AVERAGEIFS(Apoio_Tempo_Cargas!K$2:K$49,Apoio_Tempo_Cargas!A$2:A$49,A10),"") -> 164.83889 | H10: =IFERROR(AVERAGEIFS(Apoio_Tempo_Cargas!W$2:W$49,Apoio_Tempo_Cargas!A$2:A$49,A10),"") -> 52.655244 | I10: =IFERROR(AVERAGEIFS(Apoio_Tempo_Cargas!U$2:U$49,Apoio_Tempo_Cargas!A$2:A$49,A10),"") -> 33.705 | J10: =SUMIFS(Apoio_Bordo!K$2:K$78,Apoio_Bordo!A$2:A$78,A10)+SUMIFS(Apoio_Bordo!L$2:L$78,Apoio_Bordo!A$2:A$78,A10)+SUMIFS(Apoio_Bordo!M$2:M$78,Apoio_Bordo!A$2:A$78,A10) -> 17.566667 | K10: =SUMIFS(Apoio_Bordo!H$2:H$78,Apoio_Bordo!A$2:A$78,A10) -> 4.8158333 | L10: =SUMIFS(Apoio_Bordo!N$2:N$78,Apoio_Bordo!A$2:A$78,A10) -> 0 | M10: =SUMIFS(Apoio_Bordo!I$2:I$78,Apoio_Bordo!A$2:A$78,A10) -> 30.432778 | N10: =SUMIFS(Apoio_Bordo!P$2:P$78,Apoio_Bordo!A$2:A$78,A10) -> 95.798889 | O10: =IFERROR((J10+K10+M10)/N10,0) -> 0.5513141 | P10: =Apoio_Metas_Transporte!C$2 -> 36.6 | Q10: =Apoio_Metas_Transporte!D$2 -> 27 | R10: =Apoio_Metas_Transporte!A$2 -> 29.418587 | S10: =Apoio_Metas_Transporte!B$2 -> 33.5 | T10: =Apoio_Metas_Transporte!E$2 -> 27 | U10: =Apoio_Metas_Transporte!F$2 -> 69.2 | V10: =Apoio_Metas_Transporte!G$2 -> 0.96 | W10: =IF(D10>=P10,"OK","OFENSOR") -> OFENSOR | X10: =IF(E10>=Q10,"OK","OFENSOR") -> OFENSOR | Y10: =IF(H10<=R10,"OK","OFENSOR") -> OFENSOR | Z10: =IF(I10>=S10,"OK","OFENSOR") -> OK | AA10: =IF(G10<=T10,"OK","OFENSOR") -> OFENSOR | AB10: =IF(O10<=V10,"OK","OFENSOR") -> OK
A11: 8013474 | B11: =IFERROR(INDEX(Apoio_Tempo_Cargas!C$2:C$49,MATCH(A11,Apoio_Tempo_Cargas!A$2:A$49,0)),"") -> 351 | C11: =COUNTIF(Apoio_Tempo_Cargas!A$2:A$49,A11) -> 2 | D11: =IFERROR(SUMIFS(Apoio_Bordo!Q$2:Q$78,Apoio_Bordo!A$2:A$78,A11)/SUMIFS(Apoio_Bordo!R$2:R$78,Apoio_Bordo!A$2:A$78,A11),"") -> 34.545821 | E11: =IFERROR(SUMIFS(Apoio_Bordo!T$2:T$78,Apoio_Bordo!A$2:A$78,A11)/SUMIFS(Apoio_Bordo!U$2:U$78,Apoio_Bordo!A$2:A$78,A11),"") -> 24.315029 | F11: =IFERROR(AVERAGEIFS(Apoio_Tempo_Cargas!J$2:J$49,Apoio_Tempo_Cargas!A$2:A$49,A11),"") -> 58.375 | G11: =IFERROR(AVERAGEIFS(Apoio_Tempo_Cargas!K$2:K$49,Apoio_Tempo_Cargas!A$2:A$49,A11),"") -> 83.825 | H11: =IFERROR(AVERAGEIFS(Apoio_Tempo_Cargas!W$2:W$49,Apoio_Tempo_Cargas!A$2:A$49,A11),"") -> 48.3 | I11: =IFERROR(AVERAGEIFS(Apoio_Tempo_Cargas!U$2:U$49,Apoio_Tempo_Cargas!A$2:A$49,A11),"") -> 36.26 | J11: =SUMIFS(Apoio_Bordo!K$2:K$78,Apoio_Bordo!A$2:A$78,A11)+SUMIFS(Apoio_Bordo!L$2:L$78,Apoio_Bordo!A$2:A$78,A11)+SUMIFS(Apoio_Bordo!M$2:M$78,Apoio_Bordo!A$2:A$78,A11) -> 0 | K11: =SUMIFS(Apoio_Bordo!H$2:H$78,Apoio_Bordo!A$2:A$78,A11) -> 1.8505556 | L11: =SUMIFS(Apoio_Bordo!N$2:N$78,Apoio_Bordo!A$2:A$78,A11) -> 0 | M11: =SUMIFS(Apoio_Bordo!I$2:I$78,Apoio_Bordo!A$2:A$78,A11) -> 3.5238889 | N11: =SUMIFS(Apoio_Bordo!P$2:P$78,Apoio_Bordo!A$2:A$78,A11) -> 25.327778 | O11: =IFERROR((J11+K11+M11)/N11,0) -> 0.21219566 | P11: =Apoio_Metas_Transporte!C$2 -> 36.6 | Q11: =Apoio_Metas_Transporte!D$2 -> 27 | R11: =Apoio_Metas_Transporte!A$2 -> 29.418587 | S11: =Apoio_Metas_Transporte!B$2 -> 33.5 | T11: =Apoio_Metas_Transporte!E$2 -> 27 | U11: =Apoio_Metas_Transporte!F$2 -> 69.2 | V11: =Apoio_Metas_Transporte!G$2 -> 0.96 | W11: =IF(D11>=P11,"OK","OFENSOR") -> OFENSOR | X11: =IF(E11>=Q11,"OK","OFENSOR") -> OFENSOR | Y11: =IF(H11<=R11,"OK","OFENSOR") -> OFENSOR | Z11: =IF(I11>=S11,"OK","OFENSOR") -> OK | AA11: =IF(G11<=T11,"OK","OFENSOR") -> OFENSOR | AB11: =IF(O11<=V11,"OK","OFENSOR") -> OK
A12: 8013475 | B12: =IFERROR(INDEX(Apoio_Tempo_Cargas!C$2:C$49,MATCH(A12,Apoio_Tempo_Cargas!A$2:A$49,0)),"") -> 351 | C12: =COUNTIF(Apoio_Tempo_Cargas!A$2:A$49,A12) -> 3 | D12: =IFERROR(SUMIFS(Apoio_Bordo!Q$2:Q$78,Apoio_Bordo!A$2:A$78,A12)/SUMIFS(Apoio_Bordo!R$2:R$78,Apoio_Bordo!A$2:A$78,A12),"") | E12: =IFERROR(SUMIFS(Apoio_Bordo!T$2:T$78,Apoio_Bordo!A$2:A$78,A12)/SUMIFS(Apoio_Bordo!U$2:U$78,Apoio_Bordo!A$2:A$78,A12),"") | F12: =IFERROR(AVERAGEIFS(Apoio_Tempo_Cargas!J$2:J$49,Apoio_Tempo_Cargas!A$2:A$49,A12),"") -> 58.111111 | G12: =IFERROR(AVERAGEIFS(Apoio_Tempo_Cargas!K$2:K$49,Apoio_Tempo_Cargas!A$2:A$49,A12),"") -> 123.28889 | H12: =IFERROR(AVERAGEIFS(Apoio_Tempo_Cargas!W$2:W$49,Apoio_Tempo_Cargas!A$2:A$49,A12),"") | I12: =IFERROR(AVERAGEIFS(Apoio_Tempo_Cargas!U$2:U$49,Apoio_Tempo_Cargas!A$2:A$49,A12),"") | J12: =SUMIFS(Apoio_Bordo!K$2:K$78,Apoio_Bordo!A$2:A$78,A12)+SUMIFS(Apoio_Bordo!L$2:L$78,Apoio_Bordo!A$2:A$78,A12)+SUMIFS(Apoio_Bordo!M$2:M$78,Apoio_Bordo!A$2:A$78,A12) -> 0 | K12: =SUMIFS(Apoio_Bordo!H$2:H$78,Apoio_Bordo!A$2:A$78,A12) -> 0 | L12: =SUMIFS(Apoio_Bordo!N$2:N$78,Apoio_Bordo!A$2:A$78,A12) -> 0 | M12: =SUMIFS(Apoio_Bordo!I$2:I$78,Apoio_Bordo!A$2:A$78,A12) -> 0 | N12: =SUMIFS(Apoio_Bordo!P$2:P$78,Apoio_Bordo!A$2:A$78,A12) -> 0 | O12: =IFERROR((J12+K12+M12)/N12,0) -> 0 | P12: =Apoio_Metas_Transporte!C$2 -> 36.6 | Q12: =Apoio_Metas_Transporte!D$2 -> 27 | R12: =Apoio_Metas_Transporte!A$2 -> 29.418587 | S12: =Apoio_Metas_Transporte!B$2 -> 33.5 | T12: =Apoio_Metas_Transporte!E$2 -> 27 | U12: =Apoio_Metas_Transporte!F$2 -> 69.2 | V12: =Apoio_Metas_Transporte!G$2 -> 0.96 | W12: =IF(D12>=P12,"OK","OFENSOR") -> OK | X12: =IF(E12>=Q12,"OK","OFENSOR") -> OK | Y12: =IF(H12<=R12,"OK","OFENSOR") -> OFENSOR | Z12: =IF(I12>=S12,"OK","OFENSOR") -> OK | AA12: =IF(G12<=T12,"OK","OFENSOR") -> OFENSOR | AB12: =IF(O12<=V12,"OK","OFENSOR") -> OK
A13: 8013476 | B13: =IFERROR(INDEX(Apoio_Tempo_Cargas!C$2:C$49,MATCH(A13,Apoio_Tempo_Cargas!A$2:A$49,0)),"") -> 351 | C13: =COUNTIF(Apoio_Tempo_Cargas!A$2:A$49,A13) -> 2 | D13: =IFERROR(SUMIFS(Apoio_Bordo!Q$2:Q$78,Apoio_Bordo!A$2:A$78,A13)/SUMIFS(Apoio_Bordo!R$2:R$78,Apoio_Bordo!A$2:A$78,A13),"") -> 33.214027 | E13: =IFERROR(SUMIFS(Apoio_Bordo!T$2:T$78,Apoio_Bordo!A$2:A$78,A13)/SUMIFS(Apoio_Bordo!U$2:U$78,Apoio_Bordo!A$2:A$78,A13),"") -> 28.638714 | F13: =IFERROR(AVERAGEIFS(Apoio_Tempo_Cargas!J$2:J$49,Apoio_Tempo_Cargas!A$2:A$49,A13),"") -> 60.641667 | G13: =IFERROR(AVERAGEIFS(Apoio_Tempo_Cargas!K$2:K$49,Apoio_Tempo_Cargas!A$2:A$49,A13),"") -> 74.233333 | H13: =IFERROR(AVERAGEIFS(Apoio_Tempo_Cargas!W$2:W$49,Apoio_Tempo_Cargas!A$2:A$49,A13),"") -> 49.105238 | I13: =IFERROR(AVERAGEIFS(Apoio_Tempo_Cargas!U$2:U$49,Apoio_Tempo_Cargas!A$2:A$49,A13),"") -> 35.13 | J13: =SUMIFS(Apoio_Bordo!K$2:K$78,Apoio_Bordo!A$2:A$78,A13)+SUMIFS(Apoio_Bordo!L$2:L$78,Apoio_Bordo!A$2:A$78,A13)+SUMIFS(Apoio_Bordo!M$2:M$78,Apoio_Bordo!A$2:A$78,A13) -> 18.408889 | K13: =SUMIFS(Apoio_Bordo!H$2:H$78,Apoio_Bordo!A$2:A$78,A13) -> 0.63944444 | L13: =SUMIFS(Apoio_Bordo!N$2:N$78,Apoio_Bordo!A$2:A$78,A13) -> 0 | M13: =SUMIFS(Apoio_Bordo!I$2:I$78,Apoio_Bordo!A$2:A$78,A13) -> 10.116667 | N13: =SUMIFS(Apoio_Bordo!P$2:P$78,Apoio_Bordo!A$2:A$78,A13) -> 41.862778 | O13: =IFERROR((J13+K13+M13)/N13,0) -> 0.69668095 | P13: =Apoio_Metas_Transporte!C$2 -> 36.6 | Q13: =Apoio_Metas_Transporte!D$2 -> 27 | R13: =Apoio_Metas_Transporte!A$2 -> 29.418587 | S13: =Apoio_Metas_Transporte!B$2 -> 33.5 | T13: =Apoio_Metas_Transporte!E$2 -> 27 | U13: =Apoio_Metas_Transporte!F$2 -> 69.2 | V13: =Apoio_Metas_Transporte!G$2 -> 0.96 | W13: =IF(D13>=P13,"OK","OFENSOR") -> OFENSOR | X13: =IF(E13>=Q13,"OK","OFENSOR") -> OK | Y13: =IF(H13<=R13,"OK","OFENSOR") -> OFENSOR | Z13: =IF(I13>=S13,"OK","OFENSOR") -> OK | AA13: =IF(G13<=T13,"OK","OFENSOR") -> OFENSOR | AB13: =IF(O13<=V13,"OK","OFENSOR") -> OK
... A21: 8013486 | B21: =IFERROR(INDEX(Apoio_Tempo_Cargas!C$2:C$49,MATCH(A21,Apoio_Tempo_Cargas!A$2:A$49,0)),"") -> 353 | C21: =COUNTIF(Apoio_Tempo_Cargas!A$2:A$49,A21) -> 1 | D21: =IFERROR(SUMIFS(Apoio_Bordo!Q$2:Q$78,Apoio_Bordo!A$2:A$78,A21)/SUMIFS(Apoio_Bordo!R$2:R$78,Apoio_Bordo!A$2:A$78,A21),"") -> 31.271829 | E21: =IFERROR(SUMIFS(Apoio_Bordo!T$2:T$78,Apoio_Bordo!A$2:A$78,A21)/SUMIFS(Apoio_Bordo!U$2:U$78,Apoio_Bordo!A$2:A$78,A21),"") -> 7.7462651 | F21: =IFERROR(AVERAGEIFS(Apoio_Tempo_Cargas!J$2:J$49,Apoio_Tempo_Cargas!A$2:A$49,A21),"") -> 81.166667 | G21: =IFERROR(AVERAGEIFS(Apoio_Tempo_Cargas!K$2:K$49,Apoio_Tempo_Cargas!A$2:A$49,A21),"") -> 40.45 | H21: =IFERROR(AVERAGEIFS(Apoio_Tempo_Cargas!W$2:W$49,Apoio_Tempo_Cargas!A$2:A$49,A21),"") -> 50 | I21: =IFERROR(AVERAGEIFS(Apoio_Tempo_Cargas!U$2:U$49,Apoio_Tempo_Cargas!A$2:A$49,A21),"") -> 32.91 | J21: =SUMIFS(Apoio_Bordo!K$2:K$78,Apoio_Bordo!A$2:A$78,A21)+SUMIFS(Apoio_Bordo!L$2:L$78,Apoio_Bordo!A$2:A$78,A21)+SUMIFS(Apoio_Bordo!M$2:M$78,Apoio_Bordo!A$2:A$78,A21) -> 0 | K21: =SUMIFS(Apoio_Bordo!H$2:H$78,Apoio_Bordo!A$2:A$78,A21) -> 0.10888889 | L21: =SUMIFS(Apoio_Bordo!N$2:N$78,Apoio_Bordo!A$2:A$78,A21) -> 0 | M21: =SUMIFS(Apoio_Bordo!I$2:I$78,Apoio_Bordo!A$2:A$78,A21) -> 4.8677778 | N21: =SUMIFS(Apoio_Bordo!P$2:P$78,Apoio_Bordo!A$2:A$78,A21) -> 6.8430556 | O21: =IFERROR((J21+K21+M21)/N21,0) -> 0.72725797 | P21: =Apoio_Metas_Transporte!C$2 -> 36.6 | Q21: =Apoio_Metas_Transporte!D$2 -> 27 | R21: =Apoio_Metas_Transporte!A$2 -> 29.418587 | S21: =Apoio_Metas_Transporte!B$2 -> 33.5 | T21: =Apoio_Metas_Transporte!E$2 -> 27 | U21: =Apoio_Metas_Transporte!F$2 -> 69.2 | V21: =Apoio_Metas_Transporte!G$2 -> 0.96 | W21: =IF(D21>=P21,"OK","OFENSOR") -> OFENSOR | X21: =IF(E21>=Q21,"OK","OFENSOR") -> OFENSOR | Y21: =IF(H21<=R21,"OK","OFENSOR") -> OFENSOR | Z21: =IF(I21>=S21,"OK","OFENSOR") -> OFENSOR | AA21: =IF(G21<=T21,"OK","OFENSOR") -> OFENSOR | AB21: =IF(O21<=V21,"OK","OFENSOR") -> OK

Sheet Apoio_KPI_Frente
A1: Frente | B1: Indicador | C1: Meta | D1: Real | E1: % Ating. | F1: Área CCT | G1: Menor Melhor? | H1: Status
A2: 351 | B2: Moagem [ton] | C2: ='KPI por frente'!B3 -> 2240 | D2: ='KPI por frente'!C3 -> 1337.08 | E2: =IFERROR(D2/C2,0) -> 0.59691071 | F2: TCD | G2: NÃO | H2: =IF(D2>=C2,"OK","OFENSOR") -> OFENSOR
A3: 351 | B3: Densidade [ton/viag] | C3: ='KPI por frente'!B7 -> 33.5 | D3: ='KPI por frente'!C7 -> 30.192095 | E3: =IFERROR(D3/C3,0) -> 0.90125657 | F3: Transporte | G3: NÃO | H3: =IF(D3>=C3,"OK","OFENSOR") -> OFENSOR
A4: 351 | B4: Prod. Colhedora [ton/maq/dia] | C4: ='KPI por frente'!B8 -> 856.85892 | D4: ='KPI por frente'!C8 -> 603.72822 | E4: =IFERROR(D4/C4,0) -> 0.70458299 | F4: Corte | G4: NÃO | H4: =IF(D4>=C4,"OK","OFENSOR") -> OFENSOR
A5: 351 | B5: Vel. Colheita [km/h] | C5: ='KPI por frente'!B11 -> 3.3518453 | D5: ='KPI por frente'!C11 -> 5.0084354 | E5: =IFERROR(D5/C5,0) -> 1.4942323 | F5: Corte | G5: NÃO | H5: =IF(D5>=C5,"OK","OFENSOR") -> OK
A6: 351 | B6: Manobra [%] | C6: ='KPI por frente'!B12 -> 16.735341 | D6: ='KPI por frente'!C12 -> 20.078521 | E6: =IFERROR(D6/C6,0) -> 1.1997677 | F6: Corte | G6: SIM | H6: =IF(D6<=C6,"OK","OFENSOR") -> OFENSOR
A7: 351 | B7: NSO [%] | C7: ='KPI por frente'!B13 -> 82.150383 | D7: ='KPI por frente'!C13 -> 93.432669 | E7: =IFERROR(D7/C7,0) -> 1.137337 | F7: Corte | G7: NÃO | H7: =IF(D7>=C7,"OK","OFENSOR") -> OK
A8: 351 | B8: Disp. Colhedora [%] | C8: ='KPI por frente'!B14 -> 87 | D8: ='KPI por frente'!C14 -> 100 | E8: =IFERROR(D8/C8,0) -> 1.1494253 | F8: Corte | G8: NÃO | H8: =IF(D8>=C8,"OK","OFENSOR") -> OK
A9: 351 | B9: NS Transbordo [%] | C9: ='KPI por frente'!B18 -> 87 | D9: ='KPI por frente'!C18 -> 91.248687 | E9: =IFERROR(D9/C9,0) -> 1.0488355 | F9: Carregamento | G9: NÃO | H9: =IF(D9>=C9,"OK","OFENSOR") -> OK
A10: 351 | B10: Vel. Transb. Vazio [km/h] | C10: ='KPI por frente'!B19 -> 97 | D10: ='KPI por frente'!C19 -> 88.07733 | E10: =IFERROR(D10/C10,0) -> 0.90801372 | F10: Carregamento | G10: NÃO | H10: =IF(D10>=C10,"OK","OFENSOR") -> OFENSOR
A11: 351 | B11: Vel. Transb. Carreg. [km/h] | C11: ='KPI por frente'!B20 -> 12.201245 | D11: ='KPI por frente'!C20 -> 13.766194 | E11: =IFERROR(D11/C11,0) -> 1.1282614 | F11: Carregamento | G11: NÃO | H11: =IF(D11>=C11,"OK","OFENSOR") -> OK
A12: 351 | B12: Disp. Transbordo [%] | C12: ='KPI por frente'!B21 -> 11.237142 | D12: ='KPI por frente'!C21 -> 12.290502 | E12: =IFERROR(D12/C12,0) -> 1.0937391 | F12: Carregamento | G12: NÃO | H12: =IF(D12>=C12,"OK","OFENSOR") -> OK
A13: 351 | B13: T2 [min] | C13: ='KPI por frente'!B24 -> 97 | D13: ='KPI por frente'!C24 -> 99.868789 | E13: =IFERROR(D13/C13,0) -> 1.0295751 | F13: Carregamento | G13: SIM | H13: =IF(D13<=C13,"OK","OFENSOR") -> OFENSOR
A14: 351 | B14: NS Caminhão [%] | C14: ='KPI por frente'!B23 -> 75 | D14: ='KPI por frente'!C23 -> 80.678922 | E14: =IFERROR(D14/C14,0) -> 1.075719 | F14: Transporte | G14: NÃO | H14: =IF(D14>=C14,"OK","OFENSOR") -> OK
A15: 351 | B15: Raio [km] | C15: ='KPI por frente'!B25 -> 27 | D15: ='KPI por frente'!C25 -> 47.9325 | E15: =IFERROR(D15/C15,0) -> 1.7752778 | F15: Transporte | G15: SIM | H15: =IF(D15<=C15,"OK","OFENSOR") -> OFENSOR
A16: 351 | B16: Imp. Vegetal [%] | C16: ='KPI por frente'!B26 -> 29.418587 | D16: ='KPI por frente'!C26 -> 14.891056 | E16: =IFERROR(D16/C16,0) -> 0.50617849 | F16: Corte | G16: SIM | H16: =IF(D16<=C16,"OK","OFENSOR") -> OK
A17: 352 | B17: Moagem [ton] | C17: ='KPI por frente'!D3 -> 3792.5 | D17: ='KPI por frente'!E3 -> 870.24 | E17: =IFERROR(D17/C17,0) -> 0.22946341 | F17: TCD | G17: NÃO | H17: =IF(D17>=C17,"OK","OFENSOR") -> OFENSOR
A18: 352 | B18: Densidade [ton/viag] | C18: ='KPI por frente'!D7 -> 33.5 | D18: ='KPI por frente'!E7 -> 31.178182 | E18: =IFERROR(D18/C18,0) -> 0.93069199 | F18: Transporte | G18: NÃO | H18: =IF(D18>=C18,"OK","OFENSOR") -> OFENSOR
A19: 352 | B19: Prod. Colhedora [ton/maq/dia] | C19: ='KPI por frente'!D8 -> 445.39275 | D19: ='KPI por frente'!E8 -> 309.85995 | E19: =IFERROR(D19/C19,0) -> 0.69570048 | F19: Corte | G19: NÃO | H19: =IF(D19>=C19,"OK","OFENSOR") -> OFENSOR
A20: 352 | B20: Vel. Colheita [km/h] | C20: ='KPI por frente'!D11 -> 4.335223 | D20: ='KPI por frente'!E11 -> 4.240155 | E20: =IFERROR(D20/C20,0) -> 0.97807079 | F20: Corte | G20: NÃO | H20: =IF(D20>=C20,"OK","OFENSOR") -> OFENSOR
A21: 352 | B21: Manobra [%] | C21: ='KPI por frente'!D12 -> 16.735341 | D21: ='KPI por frente'!E12 -> 30.348902 | E21: =IFERROR(D21/C21,0) -> 1.8134618 | F21: Corte | G21: SIM | H21: =IF(D21<=C21,"OK","OFENSOR") -> OFENSOR
A22: 352 | B22: NSO [%] | C22: ='KPI por frente'!D13 -> 82.150383 | D22: ='KPI por frente'!E13 -> 75.753135 | E22: =IFERROR(D22/C22,0) -> 0.92212759 | F22: Corte | G22: NÃO | H22: =IF(D22>=C22,"OK","OFENSOR") -> OFENSOR
A23: 352 | B23: Disp. Colhedora [%] | C23: ='KPI por frente'!D14 -> 87 | D23: ='KPI por frente'!E14 -> 74.31222 | E23: =IFERROR(D23/C23,0) -> 0.85416344 | F23: Corte | G23: NÃO | H23: =IF(D23>=C23,"OK","OFENSOR") -> OFENSOR
A24: 352 | B24: NS Transbordo [%] | C24: ='KPI por frente'!D18 -> 87 | D24: ='KPI por frente'!E18 -> 86.274112 | E24: =IFERROR(D24/C24,0) -> 0.99165646 | F24: Carregamento | G24: NÃO | H24: =IF(D24>=C24,"OK","OFENSOR") -> OFENSOR
A25: 352 | B25: Vel. Transb. Vazio [km/h] | C25: ='KPI por frente'!D19 -> 97 | D25: ='KPI por frente'!E19 -> 98.383873 | E25: =IFERROR(D25/C25,0) -> 1.0142667 | F25: Carregamento | G25: NÃO | H25: =IF(D25>=C25,"OK","OFENSOR") -> OK
A26: 352 | B26: Vel. Transb. Carreg. [km/h] | C26: ='KPI por frente'!D20 -> 12.201245 | D26: ='KPI por frente'!E20 -> 11.425061 | E26: =IFERROR(D26/C26,0) -> 0.93638486 | F26: Carregamento | G26: NÃO | H26: =IF(D26>=C26,"OK","OFENSOR") -> OFENSOR
A27: 352 | B27: Disp. Transbordo [%] | C27: ='KPI por frente'!D21 -> 11.237142 | D27: ='KPI por frente'!E21 -> 9.2084675 | E27: =IFERROR(D27/C27,0) -> 0.81946703 | F27: Carregamento | G27: NÃO | H27: =IF(D27>=C27,"OK","OFENSOR") -> OFENSOR
A28: 352 | B28: T2 [min] | C28: ='KPI por frente'!D24 -> 97 | D28: ='KPI por frente'!E24 -> 100 | E28: =IFERROR(D28/C28,0) -> 1.0309278 | F28: Carregamento | G28: SIM | H28: =IF(D28<=C28,"OK","OFENSOR") -> OFENSOR
A29: 352 | B29: NS Caminhão [%] | C29: ='KPI por frente'!D23 -> 75 | D29: ='KPI por frente'!E23 -> 75.293393 | E29: =IFERROR(D29/C29,0) -> 1.0039119 | F29: Transporte | G29: NÃO | H29: =IF(D29>=C29,"OK","OFENSOR") -> OK
A30: 352 | B30: Raio [km] | C30: ='KPI por frente'!D25 -> 27 | D30: ='KPI por frente'!E25 -> 41.790278 | E30: =IFERROR(D30/C30,0) -> 1.5477881 | F30: Transporte | G30: SIM | H30: =IF(D30<=C30,"OK","OFENSOR") -> OFENSOR
A31: 352 | B31: Imp. Vegetal [%] | C31: ='KPI por frente'!D26 -> 29.418587 | D31: ='KPI por frente'!E26 -> 58.362829 | E31: =IFERROR(D31/C31,0) -> 1.983876 | F31: Corte | G31: SIM | H31: =IF(D31<=C31,"OK","OFENSOR") -> OFENSOR
A32: 353 | B32: Moagem [ton] | C32: ='KPI por frente'!F3 -> 4058.75 | D32: ='KPI por frente'!G3 -> 3350.42 | E32: =IFERROR(D32/C32,0) -> 0.82548075 | F32: TCD | G32: NÃO | H32: =IF(D32>=C32,"OK","OFENSOR") -> OFENSOR
A33: 353 | B33: Densidade [ton/viag] | C33: ='KPI por frente'!F7 -> 33.5 | D33: ='KPI por frente'!G7 -> 37.268 | E33: =IFERROR(D33/C33,0) -> 1.1124776 | F33: Transporte | G33: NÃO | H33: =IF(D33>=C33,"OK","OFENSOR") -> OK
A34: 353 | B34: Prod. Colhedora [ton/maq/dia] | C34: ='KPI por frente'!F8 -> 1018.1112 | D34: ='KPI por frente'!G8 -> 1640.68 | E34: =IFERROR(D34/C34,0) -> 1.611494 | F34: Corte | G34: NÃO | H34: =IF(D34>=C34,"OK","OFENSOR") -> OK
A35: 353 | B35: Vel. Colheita [km/h] | C35: ='KPI por frente'!F11 -> 4.175557 | D35: ='KPI por frente'!G11 -> 4.7051183 | E35: =IFERROR(D35/C35,0) -> 1.1268241 | F35: Corte | G35: NÃO | H35: =IF(D35>=C35,"OK","OFENSOR") -> OK
A36: 353 | B36: Manobra [%] | C36: ='KPI por frente'!F12 -> 16.735341 | D36: ='KPI por frente'!G12 -> 16.978186 | E36: =IFERROR(D36/C36,0) -> 1.0145109 | F36: Corte | G36: SIM | H36: =IF(D36<=C36,"OK","OFENSOR") -> OFENSOR
A37: 353 | B37: NSO [%] | C37: ='KPI por frente'!F13 -> 82.150383 | D37: ='KPI por frente'!G13 -> 86.151483 | E37: =IFERROR(D37/C37,0) -> 1.0487046 | F37: Corte | G37: NÃO | H37: =IF(D37>=C37,"OK","OFENSOR") -> OK
A38: 353 | B38: Disp. Colhedora [%] | C38: ='KPI por frente'!F14 -> 87 | D38: ='KPI por frente'!G14 -> 85.769869 | E38: =IFERROR(D38/C38,0) -> 0.98586055 | F38: Corte | G38: NÃO | H38: =IF(D38>=C38,"OK","OFENSOR") -> OFENSOR
A39: 353 | B39: NS Transbordo [%] | C39: ='KPI por frente'!F18 -> 87 | D39: ='KPI por frente'!G18 -> 97.077879 | E39: =IFERROR(D39/C39,0) -> 1.1158377 | F39: Carregamento | G39: NÃO | H39: =IF(D39>=C39,"OK","OFENSOR") -> OK
A40: 353 | B40: Vel. Transb. Vazio [km/h] | C40: ='KPI por frente'!F19 -> 97 | D40: ='KPI por frente'!G19 -> 92.654747 | E40: =IFERROR(D40/C40,0) -> 0.95520358 | F40: Carregamento | G40: NÃO | H40: =IF(D40>=C40,"OK","OFENSOR") -> OFENSOR
A41: 353 | B41: Vel. Transb. Carreg. [km/h] | C41: ='KPI por frente'!F20 -> 12.201245 | D41: ='KPI por frente'!G20 -> 15.501776 | E41: =IFERROR(D41/C41,0) -> 1.2705077 | F41: Carregamento | G41: NÃO | H41: =IF(D41>=C41,"OK","OFENSOR") -> OK
A42: 353 | B42: Disp. Transbordo [%] | C42: ='KPI por frente'!F21 -> 11.237142 | D42: ='KPI por frente'!G21 -> 11.986981 | E42: =IFERROR(D42/C42,0) -> 1.0667286 | F42: Carregamento | G42: NÃO | H42: =IF(D42>=C42,"OK","OFENSOR") -> OK
A43: 353 | B43: T2 [min] | C43: ='KPI por frente'!F24 -> 97 | D43: ='KPI por frente'!G24 -> 100 | E43: =IFERROR(D43/C43,0) -> 1.0309278 | F43: Carregamento | G43: SIM | H43: =IF(D43<=C43,"OK","OFENSOR") -> OFENSOR
A44: 353 | B44: NS Caminhão [%] | C44: ='KPI por frente'!F23 -> 75 | D44: ='KPI por frente'!G23 -> 91.964675 | E44: =IFERROR(D44/C44,0) -> 1.2261957 | F44: Transporte | G44: NÃO | H44: =IF(D44>=C44,"OK","OFENSOR") -> OK
A45: 353 | B45: Raio [km] | C45: ='KPI por frente'!F25 -> 27 | D45: ='KPI por frente'!G25 -> 38.952778 | E45: =IFERROR(D45/C45,0) -> 1.4426955 | F45: Transporte | G45: SIM | H45: =IF(D45<=C45,"OK","OFENSOR") -> OFENSOR
A46: 353 | B46: Imp. Vegetal [%] | C46: ='KPI por frente'!F26 -> 29.418587 | D46: ='KPI por frente'!G26 -> 48.960411 | E46: =IFERROR(D46/C46,0) -> 1.6642679 | F46: Corte | G46: SIM | H46: =IF(D46<=C46,"OK","OFENSOR") -> OFENSOR
A47: Total | B47: Moagem [ton] | C47: ='KPI por frente'!H3 -> 10091.25 | D47: ='KPI por frente'!I3 -> 5557.74 | E47: =IFERROR(D47/C47,0) -> 0.55074842 | F47: TCD | G47: NÃO | H47: =IF(D47>=C47,"OK","OFENSOR") -> OFENSOR
A48: Total | B48: Densidade [ton/viag] | C48: ='KPI por frente'!H7 -> 33.5 | D48: ='KPI por frente'!I7 -> 34.120508 | E48: =IFERROR(D48/C48,0) -> 1.0185226 | F48: Transporte | G48: NÃO | H48: =IF(D48>=C48,"OK","OFENSOR") -> OK
A49: Total | B49: Prod. Colhedora [ton/maq/dia] | C49: ='KPI por frente'!H8 -> 756.77335 | D49: ='KPI por frente'!I8 -> 783.04319 | E49: =IFERROR(D49/C49,0) -> 1.0347129 | F49: Corte | G49: NÃO | H49: =IF(D49>=C49,"OK","OFENSOR") -> OK
A50: Total | B50: Vel. Colheita [km/h] | C50: ='KPI por frente'!H11 -> 3.9798845 | D50: ='KPI por frente'!I11 -> 4.7187304 | E50: =IFERROR(D50/C50,0) -> 1.185645 | F50: Corte | G50: NÃO | H50: =IF(D50>=C50,"OK","OFENSOR") -> OK
A51: Total | B51: Manobra [%] | C51: ='KPI por frente'!H12 -> 16.735341 | D51: ='KPI por frente'!I12 -> 22.216802 | E51: =IFERROR(D51/C51,0) -> 1.3275381 | F51: Corte | G51: SIM | H51: =IF(D51<=C51,"OK","OFENSOR") -> OFENSOR
A52: Total | B52: NSO [%] | C52: ='KPI por frente'!H13 -> 82.150383 | D52: ='KPI por frente'!I13 -> 86.643993 | E52: =IFERROR(D52/C52,0) -> 1.0546998 | F52: Corte | G52: NÃO | H52: =IF(D52>=C52,"OK","OFENSOR") -> OK
A53: Total | B53: Disp. Colhedora [%] | C53: ='KPI por frente'!H14 -> 87 | D53: ='KPI por frente'!I14 -> 87.549679 | E53: =IFERROR(D53/C53,0) -> 1.0063181 | F53: Corte | G53: NÃO | H53: =IF(D53>=C53,"OK","OFENSOR") -> OK
A54: Total | B54: NS Transbordo [%] | C54: ='KPI por frente'!H18 -> 87 | D54: ='KPI por frente'!I18 -> 91.597469 | E54: =IFERROR(D54/C54,0) -> 1.0528445 | F54: Carregamento | G54: NÃO | H54: =IF(D54>=C54,"OK","OFENSOR") -> OK
A55: Total | B55: Vel. Transb. Vazio [km/h] | C55: ='KPI por frente'!H19 -> 97 | D55: ='KPI por frente'!I19 -> 91.466565 | E55: =IFERROR(D55/C55,0) -> 0.94295428 | F55: Carregamento | G55: NÃO | H55: =IF(D55>=C55,"OK","OFENSOR") -> OFENSOR
A56: Total | B56: Vel. Transb. Carreg. [km/h] | C56: ='KPI por frente'!H20 -> 12.201245 | D56: ='KPI por frente'!I20 -> 13.810615 | E56: =IFERROR(D56/C56,0) -> 1.1319022 | F56: Carregamento | G56: NÃO | H56: =IF(D56>=C56,"OK","OFENSOR") -> OK
A57: Total | B57: Disp. Transbordo [%] | C57: ='KPI por frente'!H21 -> 11.237142 | D57: ='KPI por frente'!I21 -> 11.08027 | E57: =IFERROR(D57/C57,0) -> 0.98603981 | F57: Carregamento | G57: NÃO | H57: =IF(D57>=C57,"OK","OFENSOR") -> OFENSOR
A58: Total | B58: T2 [min] | C58: ='KPI por frente'!H24 -> 97 | D58: ='KPI por frente'!I24 -> 99.939611 | E58: =IFERROR(D58/C58,0) -> 1.0303053 | F58: Carregamento | G58: SIM | H58: =IF(D58<=C58,"OK","OFENSOR") -> OFENSOR
A59: Total | B59: NS Caminhão [%] | C59: ='KPI por frente'!H23 -> 75 | D59: ='KPI por frente'!I23 -> 84.023284 | E59: =IFERROR(D59/C59,0) -> 1.1203105 | F59: Transporte | G59: NÃO | H59: =IF(D59>=C59,"OK","OFENSOR") -> OK
A60: Total | B60: Raio [km] | C60: ='KPI por frente'!H25 -> 27 | D60: ='KPI por frente'!I25 -> 42.371528 | E60: =IFERROR(D60/C60,0) -> 1.5693158 | F60: Transporte | G60: SIM | H60: =IF(D60<=C60,"OK","OFENSOR") -> OFENSOR
A61: Total | B61: Imp. Vegetal [%] | C61: ='KPI por frente'!H26 -> 29.418587 | D61: ='KPI por frente'!I26 -> 41.403306 | E61: =IFERROR(D61/C61,0) -> 1.407386 | F61: Corte | G61: SIM | H61: =IF(D61<=C61,"OK","OFENSOR") -> OFENSOR

Sheet Apoio_Ciclo_Logistico
A1: DATA | B1: Nº VIAGENS | C1: RAIO META | D1: RAIO REAL | E1: DENS. META | F1: DENS. REAL | G1: VEL VAZIO META | H1: VEL VAZIO REAL | I1: VEL CARREG META | J1: VEL CARREG REAL | K1: T2 META | L1: T2 REAL | M1: T4 REAL | N1: PATIO REAL (h) | O1: MANUT REAL (h) | P1: AG.TRANSB REAL (h) | Q1: S/APONT REAL (h) | R1: TOTAL HORAS (h) | S1: % OFENSORES
A2: 46117 | B2: =COUNTIFS(Apoio_Tempo_Cargas!B$2:B$49,A2) -> 12 | C2: ='KPI por frente'!H25 -> 27 | D2: =IFERROR(AVERAGEIFS(Apoio_Tempo_Cargas!W$2:W$4900,Apoio_Tempo_Cargas!B$2:B$4900,A2),"") -> 51.498158 | E2: ='KPI por frente'!H7 -> 33.5 | F2: =IFERROR(AVERAGEIFS(Apoio_Tempo_Cargas!U$2:U$4900,Apoio_Tempo_Cargas!B$2:B$4900,A2),"") -> 34.4555 | G2: ='KPI por frente'!H19 -> 97 | H2: =IFERROR(SUMIFS(Apoio_Bordo!Q$2:Q$7800,Apoio_Bordo!B$2:B$7800,A2)/SUMIFS(Apoio_Bordo!R$2:R$7800,Apoio_Bordo!B$2:B$7800,A2),"") -> 31.943548 | I2: ='KPI por frente'!H20 -> 12.201245 | J2: =IFERROR(SUMIFS(Apoio_Bordo!T$2:T$7800,Apoio_Bordo!B$2:B$7800,A2)/SUMIFS(Apoio_Bordo!U$2:U$7800,Apoio_Bordo!B$2:B$7800,A2),"") -> 25.271334 | K2: ='KPI por frente'!H24 -> 97 | L2: =IFERROR(AVERAGEIFS(Apoio_Tempo_Cargas!K$2:K$4900,Apoio_Tempo_Cargas!B$2:B$4900,A2),"") -> 294.17917 | M2: =IFERROR(AVERAGEIFS(Apoio_Tempo_Cargas!M$2:M$4900,Apoio_Tempo_Cargas!B$2:B$4900,A2),"") -> 1128.8106 | N2: =SUMIFS(Apoio_Bordo!I$2:I$7800,Apoio_Bordo!B$2:B$7800,A2) -> 81.023611 | O2: =SUMIFS(Apoio_Bordo!K$2:K$7800,Apoio_Bordo!B$2:B$7800,A2)+SUMIFS(Apoio_Bordo!L$2:L$7800,Apoio_Bordo!B$2:B$7800,A2)+SUMIFS(Apoio_Bordo!M$2:M$7800,Apoio_Bordo!B$2:B$7800,A2) -> 2177.9769 | P2: =SUMIFS(Apoio_Bordo!H$2:H$7800,Apoio_Bordo!B$2:B$7800,A2) -> 91.093056 | Q2: =SUMIFS(Apoio_Bordo!N$2:N$7800,Apoio_Bordo!B$2:B$7800,A2) -> 37.890556 | R2: =SUMIFS(Apoio_Bordo!P$2:P$7800,Apoio_Bordo!B$2:B$7800,A2) -> 3755.2075 | S2: =IFERROR((N2+O2+P2+Q2)/R2,0) -> 0.63591271
A3: 46118 | B3: =COUNTIFS(Apoio_Tempo_Cargas!B$2:B$49,A3) -> 7 | C3: ='KPI por frente'!H25 -> 27 | D3: =IFERROR(AVERAGEIFS(Apoio_Tempo_Cargas!W$2:W$4900,Apoio_Tempo_Cargas!B$2:B$4900,A3),"") -> 50.947408 | E3: ='KPI por frente'!H7 -> 33.5 | F3: =IFERROR(AVERAGEIFS(Apoio_Tempo_Cargas!U$2:U$4900,Apoio_Tempo_Cargas!B$2:B$4900,A3),"") -> 34.758333 | G3: ='KPI por frente'!H19 -> 97 | H3: =IFERROR(SUMIFS(Apoio_Bordo!Q$2:Q$7800,Apoio_Bordo!B$2:B$7800,A3)/SUMIFS(Apoio_Bordo!R$2:R$7800,Apoio_Bordo!B$2:B$7800,A3),"") -> 26.373192 | I3: ='KPI por frente'!H20 -> 12.201245 | J3: =IFERROR(SUMIFS(Apoio_Bordo!T$2:T$7800,Apoio_Bordo!B$2:B$7800,A3)/SUMIFS(Apoio_Bordo!U$2:U$7800,Apoio_Bordo!B$2:B$7800,A3),"") -> 25.210287 | K3: ='KPI por frente'!H24 -> 97 | L3: =IFERROR(AVERAGEIFS(Apoio_Tempo_Cargas!K$2:K$4900,Apoio_Tempo_Cargas!B$2:B$4900,A3),"") -> 83.92619 | M3: =IFERROR(AVERAGEIFS(Apoio_Tempo_Cargas!M$2:M$4900,Apoio_Tempo_Cargas!B$2:B$4900,A3),"") -> 1926.0333 | N3: =SUMIFS(Apoio_Bordo!I$2:I$7800,Apoio_Bordo!B$2:B$7800,A3) -> 2644.2078 | O3: =SUMIFS(Apoio_Bordo!K$2:K$7800,Apoio_Bordo!B$2:B$7800,A3)+SUMIFS(Apoio_Bordo!L$2:L$7800,Apoio_Bordo!B$2:B$7800,A3)+SUMIFS(Apoio_Bordo!M$2:M$7800,Apoio_Bordo!B$2:B$7800,A3) -> 888.54028 | P3: =SUMIFS(Apoio_Bordo!H$2:H$7800,Apoio_Bordo!B$2:B$7800,A3) -> 339.14222 | Q3: =SUMIFS(Apoio_Bordo!N$2:N$7800,Apoio_Bordo!B$2:B$7800,A3) -> 39.481944 | R3: =SUMIFS(Apoio_Bordo!P$2:P$7800,Apoio_Bordo!B$2:B$7800,A3) -> 5935.4125 | S3: =IFERROR((N3+O3+P3+Q3)/R3,0) -> 0.65898911
A4: 46119 | B4: =COUNTIFS(Apoio_Tempo_Cargas!B$2:B$49,A4) -> 2 | C4: ='KPI por frente'!H25 -> 27 | D4: =IFERROR(AVERAGEIFS(Apoio_Tempo_Cargas!W$2:W$4900,Apoio_Tempo_Cargas!B$2:B$4900,A4),"") -> 48.699286 | E4: ='KPI por frente'!H7 -> 33.5 | F4: =IFERROR(AVERAGEIFS(Apoio_Tempo_Cargas!U$2:U$4900,Apoio_Tempo_Cargas!B$2:B$4900,A4),"") -> 37.063333 | G4: ='KPI por frente'!H19 -> 97 | H4: =IFERROR(SUMIFS(Apoio_Bordo!Q$2:Q$7800,Apoio_Bordo!B$2:B$7800,A4)/SUMIFS(Apoio_Bordo!R$2:R$7800,Apoio_Bordo!B$2:B$7800,A4),"") -> 29.869677 | I4: ='KPI por frente'!H20 -> 12.201245 | J4: =IFERROR(SUMIFS(Apoio_Bordo!T$2:T$7800,Apoio_Bordo!B$2:B$7800,A4)/SUMIFS(Apoio_Bordo!U$2:U$7800,Apoio_Bordo!B$2:B$7800,A4),"") -> 24.147808 | K4: ='KPI por frente'!H24 -> 97 | L4: =IFERROR(AVERAGEIFS(Apoio_Tempo_Cargas!K$2:K$4900,Apoio_Tempo_Cargas!B$2:B$4900,A4),"") -> 149.30833 | M4: =IFERROR(AVERAGEIFS(Apoio_Tempo_Cargas!M$2:M$4900,Apoio_Tempo_Cargas!B$2:B$4900,A4),"") -> 5043.25 | N4: =SUMIFS(Apoio_Bordo!I$2:I$7800,Apoio_Bordo!B$2:B$7800,A4) -> 1783.8311 | O4: =SUMIFS(Apoio_Bordo!K$2:K$7800,Apoio_Bordo!B$2:B$7800,A4)+SUMIFS(Apoio_Bordo!L$2:L$7800,Apoio_Bordo!B$2:B$7800,A4)+SUMIFS(Apoio_Bordo!M$2:M$7800,Apoio_Bordo!B$2:B$7800,A4) -> 0 | P4: =SUMIFS(Apoio_Bordo!H$2:H$7800,Apoio_Bordo!B$2:B$7800,A4) -> 50.619444 | Q4: =SUMIFS(Apoio_Bordo!N$2:N$7800,Apoio_Bordo!B$2:B$7800,A4) -> 0 | R4: =SUMIFS(Apoio_Bordo!P$2:P$7800,Apoio_Bordo!B$2:B$7800,A4) -> 2234.5922 | S4: =IFERROR((N4+O4+P4+Q4)/R4,0) -> 0.82093303
A5: 46120 | B5: =COUNTIFS(Apoio_Tempo_Cargas!B$2:B$49,A5) -> 1 | C5: ='KPI por frente'!H25 -> 27 | D5: =IFERROR(AVERAGEIFS(Apoio_Tempo_Cargas!W$2:W$4900,Apoio_Tempo_Cargas!B$2:B$4900,A5),"") -> 49 | E5: ='KPI por frente'!H7 -> 33.5 | F5: =IFERROR(AVERAGEIFS(Apoio_Tempo_Cargas!U$2:U$4900,Apoio_Tempo_Cargas!B$2:B$4900,A5),"") -> 36.44 | G5: ='KPI por frente'!H19 -> 97 | H5: =IFERROR(SUMIFS(Apoio_Bordo!Q$2:Q$7800,Apoio_Bordo!B$2:B$7800,A5)/SUMIFS(Apoio_Bordo!R$2:R$7800,Apoio_Bordo!B$2:B$7800,A5),"") -> 27.224844 | I5: ='KPI por frente'!H20 -> 12.201245 | J5: =IFERROR(SUMIFS(Apoio_Bordo!T$2:T$7800,Apoio_Bordo!B$2:B$7800,A5)/SUMIFS(Apoio_Bordo!U$2:U$7800,Apoio_Bordo!B$2:B$7800,A5),"") -> 24.28473 | K5: ='KPI por frente'!H24 -> 97 | L5: =IFERROR(AVERAGEIFS(Apoio_Tempo_Cargas!K$2:K$4900,Apoio_Tempo_Cargas!B$2:B$4900,A5),"") -> 81.016667 | M5: =IFERROR(AVERAGEIFS(Apoio_Tempo_Cargas!M$2:M$4900,Apoio_Tempo_Cargas!B$2:B$4900,A5),"") -> 2269.1167 | N5: =SUMIFS(Apoio_Bordo!I$2:I$7800,Apoio_Bordo!B$2:B$7800,A5) -> 31.9675 | O5: =SUMIFS(Apoio_Bordo!K$2:K$7800,Apoio_Bordo!B$2:B$7800,A5)+SUMIFS(Apoio_Bordo!L$2:L$7800,Apoio_Bordo!B$2:B$7800,A5)+SUMIFS(Apoio_Bordo!M$2:M$7800,Apoio_Bordo!B$2:B$7800,A5) -> 2.0402778 | P5: =SUMIFS(Apoio_Bordo!H$2:H$7800,Apoio_Bordo!B$2:B$7800,A5) -> 4.815 | Q5: =SUMIFS(Apoio_Bordo!N$2:N$7800,Apoio_Bordo!B$2:B$7800,A5) -> 0 | R5: =SUMIFS(Apoio_Bordo!P$2:P$7800,Apoio_Bordo!B$2:B$7800,A5) -> 126.56194 | S5: =IFERROR((N5+O5+P5+Q5)/R5,0) -> 0.30674922
A6: 46121 | B6: =COUNTIFS(Apoio_Tempo_Cargas!B$2:B$49,A6) -> 1 | C6: ='KPI por frente'!H25 -> 27 | D6: =IFERROR(AVERAGEIFS(Apoio_Tempo_Cargas!W$2:W$4900,Apoio_Tempo_Cargas!B$2:B$4900,A6),"") -> 53.329385 | E6: ='KPI por frente'!H7 -> 33.5 | F6: =IFERROR(AVERAGEIFS(Apoio_Tempo_Cargas!U$2:U$4900,Apoio_Tempo_Cargas!B$2:B$4900,A6),"") -> 32.925 | G6: ='KPI por frente'!H19 -> 97 | H6: =IFERROR(SUMIFS(Apoio_Bordo!Q$2:Q$7800,Apoio_Bordo!B$2:B$7800,A6)/SUMIFS(Apoio_Bordo!R$2:R$7800,Apoio_Bordo!B$2:B$7800,A6),"") -> 24.272585 | I6: ='KPI por frente'!H20 -> 12.201245 | J6: =IFERROR(SUMIFS(Apoio_Bordo!T$2:T$7800,Apoio_Bordo!B$2:B$7800,A6)/SUMIFS(Apoio_Bordo!U$2:U$7800,Apoio_Bordo!B$2:B$7800,A6),"") -> 20.39 | K6: ='KPI por frente'!H24 -> 97 | L6: =IFERROR(AVERAGEIFS(Apoio_Tempo_Cargas!K$2:K$4900,Apoio_Tempo_Cargas!B$2:B$4900,A6),"") -> 2608.3167 | M6: =IFERROR(AVERAGEIFS(Apoio_Tempo_Cargas!M$2:M$4900,Apoio_Tempo_Cargas!B$2:B$4900,A6),"") -> 65.75 | N6: =SUMIFS(Apoio_Bordo!I$2:I$7800,Apoio_Bordo!B$2:B$7800,A6) -> 0 | O6: =SUMIFS(Apoio_Bordo!K$2:K$7800,Apoio_Bordo!B$2:B$7800,A6)+SUMIFS(Apoio_Bordo!L$2:L$7800,Apoio_Bordo!B$2:B$7800,A6)+SUMIFS(Apoio_Bordo!M$2:M$7800,Apoio_Bordo!B$2:B$7800,A6) -> 0 | P6: =SUMIFS(Apoio_Bordo!H$2:H$7800,Apoio_Bordo!B$2:B$7800,A6) -> 0 | Q6: =SUMIFS(Apoio_Bordo!N$2:N$7800,Apoio_Bordo!B$2:B$7800,A6) -> 0 | R6: =SUMIFS(Apoio_Bordo!P$2:P$7800,Apoio_Bordo!B$2:B$7800,A6) -> 4.9233333 | S6: =IFERROR((N6+O6+P6+Q6)/R6,0) -> 0
A7: 46122 | B7: =COUNTIFS(Apoio_Tempo_Cargas!B$2:B$49,A7) -> 0 | C7: ='KPI por frente'!H25 -> 27 | D7: =IFERROR(AVERAGEIFS(Apoio_Tempo_Cargas!W$2:W$4900,Apoio_Tempo_Cargas!B$2:B$4900,A7),"") | E7: ='KPI por frente'!H7 -> 33.5 | F7: =IFERROR(AVERAGEIFS(Apoio_Tempo_Cargas!U$2:U$4900,Apoio_Tempo_Cargas!B$2:B$4900,A7),"") | G7: ='KPI por frente'!H19 -> 97 | H7: =IFERROR(SUMIFS(Apoio_Bordo!Q$2:Q$7800,Apoio_Bordo!B$2:B$7800,A7)/SUMIFS(Apoio_Bordo!R$2:R$7800,Apoio_Bordo!B$2:B$7800,A7),"") -> 21.281546 | I7: ='KPI por frente'!H20 -> 12.201245 | J7: =IFERROR(SUMIFS(Apoio_Bordo!T$2:T$7800,Apoio_Bordo!B$2:B$7800,A7)/SUMIFS(Apoio_Bordo!U$2:U$7800,Apoio_Bordo!B$2:B$7800,A7),"") -> 24.937522 | K7: ='KPI por frente'!H24 -> 97 | L7: =IFERROR(AVERAGEIFS(Apoio_Tempo_Cargas!K$2:K$4900,Apoio_Tempo_Cargas!B$2:B$4900,A7),"") | M7: =IFERROR(AVERAGEIFS(Apoio_Tempo_Cargas!M$2:M$4900,Apoio_Tempo_Cargas!B$2:B$4900,A7),"") | N7: =SUMIFS(Apoio_Bordo!I$2:I$7800,Apoio_Bordo!B$2:B$7800,A7) -> 6.3216667 | O7: =SUMIFS(Apoio_Bordo!K$2:K$7800,Apoio_Bordo!B$2:B$7800,A7)+SUMIFS(Apoio_Bordo!L$2:L$7800,Apoio_Bordo!B$2:B$7800,A7)+SUMIFS(Apoio_Bordo!M$2:M$7800,Apoio_Bordo!B$2:B$7800,A7) -> 0 | P7: =SUMIFS(Apoio_Bordo!H$2:H$7800,Apoio_Bordo!B$2:B$7800,A7) -> 0 | Q7: =SUMIFS(Apoio_Bordo!N$2:N$7800,Apoio_Bordo!B$2:B$7800,A7) -> 0 | R7: =SUMIFS(Apoio_Bordo!P$2:P$7800,Apoio_Bordo!B$2:B$7800,A7) -> 33.663889 | S7: =IFERROR((N7+O7+P7+Q7)/R7,0) -> 0.18778777
A8: 46123 | B8: =COUNTIFS(Apoio_Tempo_Cargas!B$2:B$49,A8) -> 6 | C8: ='KPI por frente'!H25 -> 27 | D8: =IFERROR(AVERAGEIFS(Apoio_Tempo_Cargas!W$2:W$4900,Apoio_Tempo_Cargas!B$2:B$4900,A8),"") -> 50.077157 | E8: ='KPI por frente'!H7 -> 33.5 | F8: =IFERROR(AVERAGEIFS(Apoio_Tempo_Cargas!U$2:U$4900,Apoio_Tempo_Cargas!B$2:B$4900,A8),"") -> 36.157667 | G8: ='KPI por frente'!H19 -> 97 | H8: =IFERROR(SUMIFS(Apoio_Bordo!Q$2:Q$7800,Apoio_Bordo!B$2:B$7800,A8)/SUMIFS(Apoio_Bordo!R$2:R$7800,Apoio_Bordo!B$2:B$7800,A8),"") -> 32.85245 | I8: ='KPI por frente'!H20 -> 12.201245 | J8: =IFERROR(SUMIFS(Apoio_Bordo!T$2:T$7800,Apoio_Bordo!B$2:B$7800,A8)/SUMIFS(Apoio_Bordo!U$2:U$7800,Apoio_Bordo!B$2:B$7800,A8),"") -> 23.22529 | K8: ='KPI por frente'!H24 -> 97 | L8: =IFERROR(AVERAGEIFS(Apoio_Tempo_Cargas!K$2:K$4900,Apoio_Tempo_Cargas!B$2:B$4900,A8),"") -> 79.002778 | M8: =IFERROR(AVERAGEIFS(Apoio_Tempo_Cargas!M$2:M$4900,Apoio_Tempo_Cargas!B$2:B$4900,A8),"") -> 693.68333 | N8: =SUMIFS(Apoio_Bordo!I$2:I$7800,Apoio_Bordo!B$2:B$7800,A8) -> 304.68556 | O8: =SUMIFS(Apoio_Bordo!K$2:K$7800,Apoio_Bordo!B$2:B$7800,A8)+SUMIFS(Apoio_Bordo!L$2:L$7800,Apoio_Bordo!B$2:B$7800,A8)+SUMIFS(Apoio_Bordo!M$2:M$7800,Apoio_Bordo!B$2:B$7800,A8) -> 0 | P8: =SUMIFS(Apoio_Bordo!H$2:H$7800,Apoio_Bordo!B$2:B$7800,A8) -> 64.664167 | Q8: =SUMIFS(Apoio_Bordo!N$2:N$7800,Apoio_Bordo!B$2:B$7800,A8) -> 0 | R8: =SUMIFS(Apoio_Bordo!P$2:P$7800,Apoio_Bordo!B$2:B$7800,A8) -> 1142.9922 | S8: =IFERROR((N8+O8+P8+Q8)/R8,0) -> 0.32314281
A9: 46124 | B9: =COUNTIFS(Apoio_Tempo_Cargas!B$2:B$49,A9) -> 19 | C9: ='KPI por frente'!H25 -> 27 | D9: =IFERROR(AVERAGEIFS(Apoio_Tempo_Cargas!W$2:W$4900,Apoio_Tempo_Cargas!B$2:B$4900,A9),"") -> 50.718831 | E9: ='KPI por frente'!H7 -> 33.5 | F9: =IFERROR(AVERAGEIFS(Apoio_Tempo_Cargas!U$2:U$4900,Apoio_Tempo_Cargas!B$2:B$4900,A9),"") -> 35.115729 | G9: ='KPI por frente'!H19 -> 97 | H9: =IFERROR(SUMIFS(Apoio_Bordo!Q$2:Q$7800,Apoio_Bordo!B$2:B$7800,A9)/SUMIFS(Apoio_Bordo!R$2:R$7800,Apoio_Bordo!B$2:B$7800,A9),"") -> 33.75371 | I9: ='KPI por frente'!H20 -> 12.201245 | J9: =IFERROR(SUMIFS(Apoio_Bordo!T$2:T$7800,Apoio_Bordo!B$2:B$7800,A9)/SUMIFS(Apoio_Bordo!U$2:U$7800,Apoio_Bordo!B$2:B$7800,A9),"") -> 24.524712 | K9: ='KPI por frente'!H24 -> 97 | L9: =IFERROR(AVERAGEIFS(Apoio_Tempo_Cargas!K$2:K$4900,Apoio_Tempo_Cargas!B$2:B$4900,A9),"") -> 69.222807 | M9: =IFERROR(AVERAGEIFS(Apoio_Tempo_Cargas!M$2:M$4900,Apoio_Tempo_Cargas!B$2:B$4900,A9),"") -> 181.33667 | N9: =SUMIFS(Apoio_Bordo!I$2:I$7800,Apoio_Bordo!B$2:B$7800,A9) -> 1995.5889 | O9: =SUMIFS(Apoio_Bordo!K$2:K$7800,Apoio_Bordo!B$2:B$7800,A9)+SUMIFS(Apoio_Bordo!L$2:L$7800,Apoio_Bordo!B$2:B$7800,A9)+SUMIFS(Apoio_Bordo!M$2:M$7800,Apoio_Bordo!B$2:B$7800,A9) -> 5.7888889 | P9: =SUMIFS(Apoio_Bordo!H$2:H$7800,Apoio_Bordo!B$2:B$7800,A9) -> 142.39361 | Q9: =SUMIFS(Apoio_Bordo!N$2:N$7800,Apoio_Bordo!B$2:B$7800,A9) -> 0 | R9: =SUMIFS(Apoio_Bordo!P$2:P$7800,Apoio_Bordo!B$2:B$7800,A9) -> 4289.4983 | S9: =IFERROR((N9+O9+P9+Q9)/R9,0) -> 0.49977205
A11: TOTAL | B11: =SUM(B2:B4) -> 21 | C11: =C2 -> 27 | D11: =IFERROR(AVERAGE(D2:D4),"") -> 50.381618 | E11: =E2 -> 33.5 | F11: =IFERROR(AVERAGE(F2:F4),"") -> 35.425722 | G11: =G2 -> 97 | H11: =IFERROR(AVERAGE(H2:H4),"") -> 29.395472 | I11: =I2 -> 12.201245 | J11: =IFERROR(AVERAGE(J2:J4),"") -> 24.876476 | K11: =K2 -> 97 | L11: =IFERROR(AVERAGE(L2:L4),"") -> 175.80456 | M11: =IFERROR(AVERAGE(M2:M4),"") -> 2699.3646 | N11: =SUM(N2:N4) -> 4509.0625 | O11: =SUM(O2:O4) -> 3066.5172 | P11: =SUM(P2:P4) -> 480.85472 | Q11: =SUM(Q2:Q4) -> 77.3725 | R11: =SUM(R2:R4) -> 11925.212 | S11: =IFERROR((N11+O11+P11+Q11)/R11,0) -> 0.68206811

Sheet Apoio_Vel_Frente
A1: FRENTE | B1: VEL VAZIO REAL | C1: VEL CARREG REAL | D1: VEL VAZIO META | E1: VEL CARREG META | F1: DENSIDADE REAL | G1: DENSIDADE META | H1: T2 REAL | I1: T2 META | J1: RAIO REAL | K1: RAIO META | L1: Nº VIAGENS | M1: VOLUME (ton)
A2: 351 | B2: =IFERROR(AVERAGEIFS(Apoio_Frota_Detalhe!D$2:D$21,Apoio_Frota_Detalhe!B$2:B$21,A2),"") -> 34.370793 | C2: =IFERROR(AVERAGEIFS(Apoio_Frota_Detalhe!E$2:E$21,Apoio_Frota_Detalhe!B$2:B$21,A2),"") -> 25.126967 | D2: ='KPI por frente'!B19 -> 97 | E2: ='KPI por frente'!B20 -> 12.201245 | F2: =IFERROR(AVERAGEIFS(Apoio_Frota_Detalhe!I$2:I$21,Apoio_Frota_Detalhe!B$2:B$21,A2),"") -> 34.638333 | G2: ='KPI por frente'!B7 -> 33.5 | H2: =IFERROR(AVERAGEIFS(Apoio_Frota_Detalhe!G$2:G$21,Apoio_Frota_Detalhe!B$2:B$21,A2),"") -> 98.416111 | I2: ='KPI por frente'!B24 -> 97 | J2: =IFERROR(AVERAGEIFS(Apoio_Frota_Detalhe!H$2:H$21,Apoio_Frota_Detalhe!B$2:B$21,A2),"") -> 50.247403 | K2: ='KPI por frente'!B25 -> 27 | L2: =SUMIFS(Apoio_Frota_Detalhe!C$2:C$21,Apoio_Frota_Detalhe!B$2:B$21,A2) -> 13 | M2: ='KPI por frente'!C3 -> 1337.08
A3: 352 | B3: =IFERROR(AVERAGEIFS(Apoio_Frota_Detalhe!D$2:D$21,Apoio_Frota_Detalhe!B$2:B$21,A3),"") -> 32.669955 | C3: =IFERROR(AVERAGEIFS(Apoio_Frota_Detalhe!E$2:E$21,Apoio_Frota_Detalhe!B$2:B$21,A3),"") -> 24.742647 | D3: ='KPI por frente'!D19 -> 97 | E3: ='KPI por frente'!D20 -> 12.201245 | F3: =IFERROR(AVERAGEIFS(Apoio_Frota_Detalhe!I$2:I$21,Apoio_Frota_Detalhe!B$2:B$21,A3),"") -> 33.418667 | G3: ='KPI por frente'!D7 -> 33.5 | H3: =IFERROR(AVERAGEIFS(Apoio_Frota_Detalhe!G$2:G$21,Apoio_Frota_Detalhe!B$2:B$21,A3),"") -> 388.50556 | I3: ='KPI por frente'!D24 -> 97 | J3: =IFERROR(AVERAGEIFS(Apoio_Frota_Detalhe!H$2:H$21,Apoio_Frota_Detalhe!B$2:B$21,A3),"") -> 52.592835 | K3: ='KPI por frente'!D25 -> 27 | L3: =SUMIFS(Apoio_Frota_Detalhe!C$2:C$21,Apoio_Frota_Detalhe!B$2:B$21,A3) -> 15 | M3: ='KPI por frente'!E3 -> 870.24
A4: 353 | B4: =IFERROR(AVERAGEIFS(Apoio_Frota_Detalhe!D$2:D$21,Apoio_Frota_Detalhe!B$2:B$21,A4),"") -> 32.277981 | C4: =IFERROR(AVERAGEIFS(Apoio_Frota_Detalhe!E$2:E$21,Apoio_Frota_Detalhe!B$2:B$21,A4),"") -> 22.213253 | D4: ='KPI por frente'!F19 -> 97 | E4: ='KPI por frente'!F20 -> 12.201245 | F4: =IFERROR(AVERAGEIFS(Apoio_Frota_Detalhe!I$2:I$21,Apoio_Frota_Detalhe!B$2:B$21,A4),"") -> 36.979524 | G4: ='KPI por frente'!F7 -> 33.5 | H4: =IFERROR(AVERAGEIFS(Apoio_Frota_Detalhe!G$2:G$21,Apoio_Frota_Detalhe!B$2:B$21,A4),"") -> 87.660625 | I4: ='KPI por frente'!F24 -> 97 | J4: =IFERROR(AVERAGEIFS(Apoio_Frota_Detalhe!H$2:H$21,Apoio_Frota_Detalhe!B$2:B$21,A4),"") -> 49.145699 | K4: ='KPI por frente'!F25 -> 27 | L4: =SUMIFS(Apoio_Frota_Detalhe!C$2:C$21,Apoio_Frota_Detalhe!B$2:B$21,A4) -> 16 | M4: ='KPI por frente'!G3 -> 3350.42

Sheet Apoio_Bordo_CD
A1: FROTA | B1: DATA | C1: FRENTE_RAW | D1: FRENTE_NUM | E1: CORTE (h) | F1: MANOBRA (h) | G1: DESLOCAMENTO (h) | H1: AG. TRANSBORDO (h) | I1: CHUVA/CLIMA (h) | J1: LIMITAÇÃO IND. (h) | K1: MANUTENÇÃO (h) | L1: PÁTIO (h) | M1: SEM APONT. (h) | N1: FALTA EQUIP (h) | O1: OUTROS (h) | P1: TOTAL HORAS (h) | Q1: VEL_POND CORTE | R1: HR_OP CORTE | S1: VEL MÉD CORTE (km/h) | T1: % CORTE | U1: % MANOBRA | V1: % OFENSORES
A2: 49584 | B2: 46123 | C2: IPA-MO-351 | D2: 351 | E2: =IFERROR(SUMIFS('Base bordo CD'!M$2:M$875,'Base bordo CD'!D$2:D$875,A2,'Base bordo CD'!A$2:A$875,B2,'Base bordo CD'!L$2:L$875,"CORTE DE CANA MECANIZADO"),0) -> 0 | F2: =IFERROR(SUMIFS('Base bordo CD'!M$2:M$875,'Base bordo CD'!D$2:D$875,A2,'Base bordo CD'!A$2:A$875,B2,'Base bordo CD'!L$2:L$875,"MANOBRA"),0) -> 0 | G2: =IFERROR(SUMIFS('Base bordo CD'!M$2:M$875,'Base bordo CD'!D$2:D$875,A2,'Base bordo CD'!A$2:A$875,B2,'Base bordo CD'!L$2:L$875,"DESLOCAMENTO"),0) -> 0.032222222 | H2: =IFERROR(SUMIFS('Base bordo CD'!M$2:M$875,'Base bordo CD'!D$2:D$875,A2,'Base bordo CD'!A$2:A$875,B2,'Base bordo CD'!L$2:L$875,"AGUARDANDO MANOBRA DE TRANSBORDO"),0)+IFERROR(SUMIFS('Base bordo CD'!M$2:M$875,'Base bordo CD'!D$2:D$875,A2,'Base bordo CD'!A$2:A$875,B2,'Base bordo CD'!L$2:L$875,"FALTA DE TRANSBORDO"),0) -> 0 | I2: =IFERROR(SUMIFS('Base bordo CD'!M$2:M$875,'Base bordo CD'!D$2:D$875,A2,'Base bordo CD'!A$2:A$875,B2,'Base bordo CD'!L$2:L$875,"PARADA POR CONDICOES CLIMATICAS"),0)+IFERROR(SUMIFS('Base bordo CD'!M$2:M$875,'Base bordo CD'!D$2:D$875,A2,'Base bordo CD'!A$2:A$875,B2,'Base bordo CD'!L$2:L$875,"TEMPO INDETERMINADO"),0) -> 22.051389 | J2: =IFERROR(SUMIFS('Base bordo CD'!M$2:M$875,'Base bordo CD'!D$2:D$875,A2,'Base bordo CD'!A$2:A$875,B2,'Base bordo CD'!L$2:L$875,"LIMITAÇÃO INDÚSTRIA"),0) -> 0 | K2: =IFERROR(SUMIFS('Base bordo CD'!M$2:M$875,'Base bordo CD'!D$2:D$875,A2,'Base bordo CD'!A$2:A$875,B2,'Base bordo CD'!L$2:L$875,"MAN CORRETIVA*"),0)+IFERROR(SUMIFS('Base bordo CD'!M$2:M$875,'Base bordo CD'!D$2:D$875,A2,'Base bordo CD'!A$2:A$875,B2,'Base bordo CD'!L$2:L$875,"AGUARDANDO MANUTENCAO*"),0)+IFERROR(SUMIFS('Base bordo CD'!M$2:M$875,'Base bordo CD'!D$2:D$875,A2,'Base bordo CD'!A$2:A$875,B2,'Base bordo CD'!L$2:L$875,"TROCA DE FAQUINHA"),0)+IFERROR(SUMIFS('Base bordo CD'!M$2:M$875,'Base bordo CD'!D$2:D$875,A2,'Base bordo CD'!A$2:A$875,B2,'Base bordo CD'!L$2:L$875,"LIMPEZA*"),0) -> 0 | L2: =IFERROR(SUMIFS('Base bordo CD'!M$2:M$875,'Base bordo CD'!D$2:D$875,A2,'Base bordo CD'!A$2:A$875,B2,'Base bordo CD'!L$2:L$875,"PATIO - RESERVA"),0) -> 0 | M2: =IFERROR(SUMIFS('Base bordo CD'!M$2:M$875,'Base bordo CD'!D$2:D$875,A2,'Base bordo CD'!A$2:A$875,B2,'Base bordo CD'!L$2:L$875,"SEM APONTAMENTO"),0) -> 0 | N2: =IFERROR(SUMIFS('Base bordo CD'!M$2:M$875,'Base bordo CD'!D$2:D$875,A2,'Base bordo CD'!A$2:A$875,B2,'Base bordo CD'!L$2:L$875,"FALTA DE CAMINHÃO"),0)+IFERROR(SUMIFS('Base bordo CD'!M$2:M$875,'Base bordo CD'!D$2:D$875,A2,'Base bordo CD'!A$2:A$875,B2,'Base bordo CD'!L$2:L$875,"FALTA DE COMBUSTIVEL"),0)+IFERROR(SUMIFS('Base bordo CD'!M$2:M$875,'Base bordo CD'!D$2:D$875,A2,'Base bordo CD'!A$2:A$875,B2,'Base bordo CD'!L$2:L$875,"FALTA DE MOTORIST*"),0) -> 0 | O2: =IFERROR(P2-SUM(E2:N2),0) -> 1.9163889 | P2: =IFERROR(SUMIFS('Base bordo CD'!M$2:M$875,'Base bordo CD'!D$2:D$875,A2,'Base bordo CD'!A$2:A$875,B2),0) -> 24 | Q2: =IFERROR(SUMIFS('Base bordo CD'!O$2:O$875,'Base bordo CD'!D$2:D$875,A2,'Base bordo CD'!A$2:A$875,B2,'Base bordo CD'!L$2:L$875,"CORTE DE CANA MECANIZADO"),0) -> 0 | R2: =IFERROR(SUMIFS('Base bordo CD'!Q$2:Q$875,'Base bordo CD'!D$2:D$875,A2,'Base bordo CD'!A$2:A$875,B2,'Base bordo CD'!L$2:L$875,"CORTE DE CANA MECANIZADO"),0) -> 0 | S2: =IFERROR(Q2/R2,"") | T2: =IFERROR(E2/P2,0) -> 0 | U2: =IFERROR(F2/P2,0) -> 0 | V2: =IFERROR(1-(E2+G2)/P2,0) -> 0.99865741
A3: 49584 | B3: 46123 | C3: IPA-MO-351 | D3: 351 | E3: =IFERROR(SUMIFS('Base bordo CD'!M$2:M$875,'Base bordo CD'!D$2:D$875,A3,'Base bordo CD'!A$2:A$875,B3,'Base bordo CD'!L$2:L$875,"CORTE DE CANA MECANIZADO"),0) -> 0 | F3: =IFERROR(SUMIFS('Base bordo CD'!M$2:M$875,'Base bordo CD'!D$2:D$875,A3,'Base bordo CD'!A$2:A$875,B3,'Base bordo CD'!L$2:L$875,"MANOBRA"),0) -> 0 | G3: =IFERROR(SUMIFS('Base bordo CD'!M$2:M$875,'Base bordo CD'!D$2:D$875,A3,'Base bordo CD'!A$2:A$875,B3,'Base bordo CD'!L$2:L$875,"DESLOCAMENTO"),0) -> 0.032222222 | H3: =IFERROR(SUMIFS('Base bordo CD'!M$2:M$875,'Base bordo CD'!D$2:D$875,A3,'Base bordo CD'!A$2:A$875,B3,'Base bordo CD'!L$2:L$875,"AGUARDANDO MANOBRA DE TRANSBORDO"),0)+IFERROR(SUMIFS('Base bordo CD'!M$2:M$875,'Base bordo CD'!D$2:D$875,A3,'Base bordo CD'!A$2:A$875,B3,'Base bordo CD'!L$2:L$875,"FALTA DE TRANSBORDO"),0) -> 0 | I3: =IFERROR(SUMIFS('Base bordo CD'!M$2:M$875,'Base bordo CD'!D$2:D$875,A3,'Base bordo CD'!A$2:A$875,B3,'Base bordo CD'!L$2:L$875,"PARADA POR CONDICOES CLIMATICAS"),0)+IFERROR(SUMIFS('Base bordo CD'!M$2:M$875,'Base bordo CD'!D$2:D$875,A3,'Base bordo CD'!A$2:A$875,B3,'Base bordo CD'!L$2:L$875,"TEMPO INDETERMINADO"),0) -> 22.051389 | J3: =IFERROR(SUMIFS('Base bordo CD'!M$2:M$875,'Base bordo CD'!D$2:D$875,A3,'Base bordo CD'!A$2:A$875,B3,'Base bordo CD'!L$2:L$875,"LIMITAÇÃO INDÚSTRIA"),0) -> 0 | K3: =IFERROR(SUMIFS('Base bordo CD'!M$2:M$875,'Base bordo CD'!D$2:D$875,A3,'Base bordo CD'!A$2:A$875,B3,'Base bordo CD'!L$2:L$875,"MAN CORRETIVA*"),0)+IFERROR(SUMIFS('Base bordo CD'!M$2:M$875,'Base bordo CD'!D$2:D$875,A3,'Base bordo CD'!A$2:A$875,B3,'Base bordo CD'!L$2:L$875,"AGUARDANDO MANUTENCAO*"),0)+IFERROR(SUMIFS('Base bordo CD'!M$2:M$875,'Base bordo CD'!D$2:D$875,A3,'Base bordo CD'!A$2:A$875,B3,'Base bordo CD'!L$2:L$875,"TROCA DE FAQUINHA"),0)+IFERROR(SUMIFS('Base bordo CD'!M$2:M$875,'Base bordo CD'!D$2:D$875,A3,'Base bordo CD'!A$2:A$875,B3,'Base bordo CD'!L$2:L$875,"LIMPEZA*"),0) -> 0 | L3: =IFERROR(SUMIFS('Base bordo CD'!M$2:M$875,'Base bordo CD'!D$2:D$875,A3,'Base bordo CD'!A$2:A$875,B3,'Base bordo CD'!L$2:L$875,"PATIO - RESERVA"),0) -> 0 | M3: =IFERROR(SUMIFS('Base bordo CD'!M$2:M$875,'Base bordo CD'!D$2:D$875,A3,'Base bordo CD'!A$2:A$875,B3,'Base bordo CD'!L$2:L$875,"SEM APONTAMENTO"),0) -> 0 | N3: =IFERROR(SUMIFS('Base bordo CD'!M$2:M$875,'Base bordo CD'!D$2:D$875,A3,'Base bordo CD'!A$2:A$875,B3,'Base bordo CD'!L$2:L$875,"FALTA DE CAMINHÃO"),0)+IFERROR(SUMIFS('Base bordo CD'!M$2:M$875,'Base bordo CD'!D$2:D$875,A3,'Base bordo CD'!A$2:A$875,B3,'Base bordo CD'!L$2:L$875,"FALTA DE COMBUSTIVEL"),0)+IFERROR(SUMIFS('Base bordo CD'!M$2:M$875,'Base bordo CD'!D$2:D$875,A3,'Base bordo CD'!A$2:A$875,B3,'Base bordo CD'!L$2:L$875,"FALTA DE MOTORIST*"),0) -> 0 | O3: =IFERROR(P3-SUM(E3:N3),0) -> 1.9163889 | P3: =IFERROR(SUMIFS('Base bordo CD'!M$2:M$875,'Base bordo CD'!D$2:D$875,A3,'Base bordo CD'!A$2:A$875,B3),0) -> 24 | Q3: =IFERROR(SUMIFS('Base bordo CD'!O$2:O$875,'Base bordo CD'!D$2:D$875,A3,'Base bordo CD'!A$2:A$875,B3,'Base bordo CD'!L$2:L$875,"CORTE DE CANA MECANIZADO"),0) -> 0 | R3: =IFERROR(SUMIFS('Base bordo CD'!Q$2:Q$875,'Base bordo CD'!D$2:D$875,A3,'Base bordo CD'!A$2:A$875,B3,'Base bordo CD'!L$2:L$875,"CORTE DE CANA MECANIZADO"),0) -> 0 | S3: =IFERROR(Q3/R3,"") | T3: =IFERROR(E3/P3,0) -> 0 | U3: =IFERROR(F3/P3,0) -> 0 | V3: =IFERROR(1-(E3+G3)/P3,0) -> 0.99865741
A4: 49584 | B4: 46123 | C4: IPA-MO-351 | D4: 351 | E4: =IFERROR(SUMIFS('Base bordo CD'!M$2:M$875,'Base bordo CD'!D$2:D$875,A4,'Base bordo CD'!A$2:A$875,B4,'Base bordo CD'!L$2:L$875,"CORTE DE CANA MECANIZADO"),0) -> 0 | F4: =IFERROR(SUMIFS('Base bordo CD'!M$2:M$875,'Base bordo CD'!D$2:D$875,A4,'Base bordo CD'!A$2:A$875,B4,'Base bordo CD'!L$2:L$875,"MANOBRA"),0) -> 0 | G4: =IFERROR(SUMIFS('Base bordo CD'!M$2:M$875,'Base bordo CD'!D$2:D$875,A4,'Base bordo CD'!A$2:A$875,B4,'Base bordo CD'!L$2:L$875,"DESLOCAMENTO"),0) -> 0.032222222 | H4: =IFERROR(SUMIFS('Base bordo CD'!M$2:M$875,'Base bordo CD'!D$2:D$875,A4,'Base bordo CD'!A$2:A$875,B4,'Base bordo CD'!L$2:L$875,"AGUARDANDO MANOBRA DE TRANSBORDO"),0)+IFERROR(SUMIFS('Base bordo CD'!M$2:M$875,'Base bordo CD'!D$2:D$875,A4,'Base bordo CD'!A$2:A$875,B4,'Base bordo CD'!L$2:L$875,"FALTA DE TRANSBORDO"),0) -> 0 | I4: =IFERROR(SUMIFS('Base bordo CD'!M$2:M$875,'Base bordo CD'!D$2:D$875,A4,'Base bordo CD'!A$2:A$875,B4,'Base bordo CD'!L$2:L$875,"PARADA POR CONDICOES CLIMATICAS"),0)+IFERROR(SUMIFS('Base bordo CD'!M$2:M$875,'Base bordo CD'!D$2:D$875,A4,'Base bordo CD'!A$2:A$875,B4,'Base bordo CD'!L$2:L$875,"TEMPO INDETERMINADO"),0) -> 22.051389 | J4: =IFERROR(SUMIFS('Base bordo CD'!M$2:M$875,'Base bordo CD'!D$2:D$875,A4,'Base bordo CD'!A$2:A$875,B4,'Base bordo CD'!L$2:L$875,"LIMITAÇÃO INDÚSTRIA"),0) -> 0 | K4: =IFERROR(SUMIFS('Base bordo CD'!M$2:M$875,'Base bordo CD'!D$2:D$875,A4,'Base bordo CD'!A$2:A$875,B4,'Base bordo CD'!L$2:L$875,"MAN CORRETIVA*"),0)+IFERROR(SUMIFS('Base bordo CD'!M$2:M$875,'Base bordo CD'!D$2:D$875,A4,'Base bordo CD'!A$2:A$875,B4,'Base bordo CD'!L$2:L$875,"AGUARDANDO MANUTENCAO*"),0)+IFERROR(SUMIFS('Base bordo CD'!M$2:M$875,'Base bordo CD'!D$2:D$875,A4,'Base bordo CD'!A$2:A$875,B4,'Base bordo CD'!L$2:L$875,"TROCA DE FAQUINHA"),0)+IFERROR(SUMIFS('Base bordo CD'!M$2:M$875,'Base bordo CD'!D$2:D$875,A4,'Base bordo CD'!A$2:A$875,B4,'Base bordo CD'!L$2:L$875,"LIMPEZA*"),0) -> 0 | L4: =IFERROR(SUMIFS('Base bordo CD'!M$2:M$875,'Base bordo CD'!D$2:D$875,A4,'Base bordo CD'!A$2:A$875,B4,'Base bordo CD'!L$2:L$875,"PATIO - RESERVA"),0) -> 0 | M4: =IFERROR(SUMIFS('Base bordo CD'!M$2:M$875,'Base bordo CD'!D$2:D$875,A4,'Base bordo CD'!A$2:A$875,B4,'Base bordo CD'!L$2:L$875,"SEM APONTAMENTO"),0) -> 0 | N4: =IFERROR(SUMIFS('Base bordo CD'!M$2:M$875,'Base bordo CD'!D$2:D$875,A4,'Base bordo CD'!A$2:A$875,B4,'Base bordo CD'!L$2:L$875,"FALTA DE CAMINHÃO"),0)+IFERROR(SUMIFS('Base bordo CD'!M$2:M$875,'Base bordo CD'!D$2:D$875,A4,'Base bordo CD'!A$2:A$875,B4,'Base bordo CD'!L$2:L$875,"FALTA DE COMBUSTIVEL"),0)+IFERROR(SUMIFS('Base bordo CD'!M$2:M$875,'Base bordo CD'!D$2:D$875,A4,'Base bordo CD'!A$2:A$875,B4,'Base bordo CD'!L$2:L$875,"FALTA DE MOTORIST*"),0) -> 0 | O4: =IFERROR(P4-SUM(E4:N4),0) -> 1.9163889 | P4: =IFERROR(SUMIFS('Base bordo CD'!M$2:M$875,'Base bordo CD'!D$2:D$875,A4,'Base bordo CD'!A$2:A$875,B4),0) -> 24 | Q4: =IFERROR(SUMIFS('Base bordo CD'!O$2:O$875,'Base bordo CD'!D$2:D$875,A4,'Base bordo CD'!A$2:A$875,B4,'Base bordo CD'!L$2:L$875,"CORTE DE CANA MECANIZADO"),0) -> 0 | R4: =IFERROR(SUMIFS('Base bordo CD'!Q$2:Q$875,'Base bordo CD'!D$2:D$875,A4,'Base bordo CD'!A$2:A$875,B4,'Base bordo CD'!L$2:L$875,"CORTE DE CANA MECANIZADO"),0) -> 0 | S4: =IFERROR(Q4/R4,"") | T4: =IFERROR(E4/P4,0) -> 0 | U4: =IFERROR(F4/P4,0) -> 0 | V4: =IFERROR(1-(E4+G4)/P4,0) -> 0.99865741
A5: 49584 | B5: 46123 | C5: IPA-MO-351 | D5: 351 | E5: =IFERROR(SUMIFS('Base bordo CD'!M$2:M$875,'Base bordo CD'!D$2:D$875,A5,'Base bordo CD'!A$2:A$875,B5,'Base bordo CD'!L$2:L$875,"CORTE DE CANA MECANIZADO"),0) -> 0 | F5: =IFERROR(SUMIFS('Base bordo CD'!M$2:M$875,'Base bordo CD'!D$2:D$875,A5,'Base bordo CD'!A$2:A$875,B5,'Base bordo CD'!L$2:L$875,"MANOBRA"),0) -> 0 | G5: =IFERROR(SUMIFS('Base bordo CD'!M$2:M$875,'Base bordo CD'!D$2:D$875,A5,'Base bordo CD'!A$2:A$875,B5,'Base bordo CD'!L$2:L$875,"DESLOCAMENTO"),0) -> 0.032222222 | H5: =IFERROR(SUMIFS('Base bordo CD'!M$2:M$875,'Base bordo CD'!D$2:D$875,A5,'Base bordo CD'!A$2:A$875,B5,'Base bordo CD'!L$2:L$875,"AGUARDANDO MANOBRA DE TRANSBORDO"),0)+IFERROR(SUMIFS('Base bordo CD'!M$2:M$875,'Base bordo CD'!D$2:D$875,A5,'Base bordo CD'!A$2:A$875,B5,'Base bordo CD'!L$2:L$875,"FALTA DE TRANSBORDO"),0) -> 0 | I5: =IFERROR(SUMIFS('Base bordo CD'!M$2:M$875,'Base bordo CD'!D$2:D$875,A5,'Base bordo CD'!A$2:A$875,B5,'Base bordo CD'!L$2:L$875,"PARADA POR CONDICOES CLIMATICAS"),0)+IFERROR(SUMIFS('Base bordo CD'!M$2:M$875,'Base bordo CD'!D$2:D$875,A5,'Base bordo CD'!A$2:A$875,B5,'Base bordo CD'!L$2:L$875,"TEMPO INDETERMINADO"),0) -> 22.051389 | J5: =IFERROR(SUMIFS('Base bordo CD'!M$2:M$875,'Base bordo CD'!D$2:D$875,A5,'Base bordo CD'!A$2:A$875,B5,'Base bordo CD'!L$2:L$875,"LIMITAÇÃO INDÚSTRIA"),0) -> 0 | K5: =IFERROR(SUMIFS('Base bordo CD'!M$2:M$875,'Base bordo CD'!D$2:D$875,A5,'Base bordo CD'!A$2:A$875,B5,'Base bordo CD'!L$2:L$875,"MAN CORRETIVA*"),0)+IFERROR(SUMIFS('Base bordo CD'!M$2:M$875,'Base bordo CD'!D$2:D$875,A5,'Base bordo CD'!A$2:A$875,B5,'Base bordo CD'!L$2:L$875,"AGUARDANDO MANUTENCAO*"),0)+IFERROR(SUMIFS('Base bordo CD'!M$2:M$875,'Base bordo CD'!D$2:D$875,A5,'Base bordo CD'!A$2:A$875,B5,'Base bordo CD'!L$2:L$875,"TROCA DE FAQUINHA"),0)+IFERROR(SUMIFS('Base bordo CD'!M$2:M$875,'Base bordo CD'!D$2:D$875,A5,'Base bordo CD'!A$2:A$875,B5,'Base bordo CD'!L$2:L$875,"LIMPEZA*"),0) -> 0 | L5: =IFERROR(SUMIFS('Base bordo CD'!M$2:M$875,'Base bordo CD'!D$2:D$875,A5,'Base bordo CD'!A$2:A$875,B5,'Base bordo CD'!L$2:L$875,"PATIO - RESERVA"),0) -> 0 | M5: =IFERROR(SUMIFS('Base bordo CD'!M$2:M$875,'Base bordo CD'!D$2:D$875,A5,'Base bordo CD'!A$2:A$875,B5,'Base bordo CD'!L$2:L$875,"SEM APONTAMENTO"),0) -> 0 | N5: =IFERROR(SUMIFS('Base bordo CD'!M$2:M$875,'Base bordo CD'!D$2:D$875,A5,'Base bordo CD'!A$2:A$875,B5,'Base bordo CD'!L$2:L$875,"FALTA DE CAMINHÃO"),0)+IFERROR(SUMIFS('Base bordo CD'!M$2:M$875,'Base bordo CD'!D$2:D$875,A5,'Base bordo CD'!A$2:A$875,B5,'Base bordo CD'!L$2:L$875,"FALTA DE COMBUSTIVEL"),0)+IFERROR(SUMIFS('Base bordo CD'!M$2:M$875,'Base bordo CD'!D$2:D$875,A5,'Base bordo CD'!A$2:A$875,B5,'Base bordo CD'!L$2:L$875,"FALTA DE MOTORIST*"),0) -> 0 | O5: =IFERROR(P5-SUM(E5:N5),0) -> 1.9163889 | P5: =IFERROR(SUMIFS('Base bordo CD'!M$2:M$875,'Base bordo CD'!D$2:D$875,A5,'Base bordo CD'!A$2:A$875,B5),0) -> 24 | Q5: =IFERROR(SUMIFS('Base bordo CD'!O$2:O$875,'Base bordo CD'!D$2:D$875,A5,'Base bordo CD'!A$2:A$875,B5,'Base bordo CD'!L$2:L$875,"CORTE DE CANA MECANIZADO"),0) -> 0 | R5: =IFERROR(SUMIFS('Base bordo CD'!Q$2:Q$875,'Base bordo CD'!D$2:D$875,A5,'Base bordo CD'!A$2:A$875,B5,'Base bordo CD'!L$2:L$875,"CORTE DE CANA MECANIZADO"),0) -> 0 | S5: =IFERROR(Q5/R5,"") | T5: =IFERROR(E5/P5,0) -> 0 | U5: =IFERROR(F5/P5,0) -> 0 | V5: =IFERROR(1-(E5+G5)/P5,0) -> 0.99865741
A6: 49584 | B6: 46123 | C6: IPA-MO-351 | D6: 351 | E6: =IFERROR(SUMIFS('Base bordo CD'!M$2:M$875,'Base bordo CD'!D$2:D$875,A6,'Base bordo CD'!A$2:A$875,B6,'Base bordo CD'!L$2:L$875,"CORTE DE CANA MECANIZADO"),0) -> 0 | F6: =IFERROR(SUMIFS('Base bordo CD'!M$2:M$875,'Base bordo CD'!D$2:D$875,A6,'Base bordo CD'!A$2:A$875,B6,'Base bordo CD'!L$2:L$875,"MANOBRA"),0) -> 0 | G6: =IFERROR(SUMIFS('Base bordo CD'!M$2:M$875,'Base bordo CD'!D$2:D$875,A6,'Base bordo CD'!A$2:A$875,B6,'Base bordo CD'!L$2:L$875,"DESLOCAMENTO"),0) -> 0.032222222 | H6: =IFERROR(SUMIFS('Base bordo CD'!M$2:M$875,'Base bordo CD'!D$2:D$875,A6,'Base bordo CD'!A$2:A$875,B6,'Base bordo CD'!L$2:L$875,"AGUARDANDO MANOBRA DE TRANSBORDO"),0)+IFERROR(SUMIFS('Base bordo CD'!M$2:M$875,'Base bordo CD'!D$2:D$875,A6,'Base bordo CD'!A$2:A$875,B6,'Base bordo CD'!L$2:L$875,"FALTA DE TRANSBORDO"),0) -> 0 | I6: =IFERROR(SUMIFS('Base bordo CD'!M$2:M$875,'Base bordo CD'!D$2:D$875,A6,'Base bordo CD'!A$2:A$875,B6,'Base bordo CD'!L$2:L$875,"PARADA POR CONDICOES CLIMATICAS"),0)+IFERROR(SUMIFS('Base bordo CD'!M$2:M$875,'Base bordo CD'!D$2:D$875,A6,'Base bordo CD'!A$2:A$875,B6,'Base bordo CD'!L$2:L$875,"TEMPO INDETERMINADO"),0) -> 22.051389 | J6: =IFERROR(SUMIFS('Base bordo CD'!M$2:M$875,'Base bordo CD'!D$2:D$875,A6,'Base bordo CD'!A$2:A$875,B6,'Base bordo CD'!L$2:L$875,"LIMITAÇÃO INDÚSTRIA"),0) -> 0 | K6: =IFERROR(SUMIFS('Base bordo CD'!M$2:M$875,'Base bordo CD'!D$2:D$875,A6,'Base bordo CD'!A$2:A$875,B6,'Base bordo CD'!L$2:L$875,"MAN CORRETIVA*"),0)+IFERROR(SUMIFS('Base bordo CD'!M$2:M$875,'Base bordo CD'!D$2:D$875,A6,'Base bordo CD'!A$2:A$875,B6,'Base bordo CD'!L$2:L$875,"AGUARDANDO MANUTENCAO*"),0)+IFERROR(SUMIFS('Base bordo CD'!M$2:M$875,'Base bordo CD'!D$2:D$875,A6,'Base bordo CD'!A$2:A$875,B6,'Base bordo CD'!L$2:L$875,"TROCA DE FAQUINHA"),0)+IFERROR(SUMIFS('Base bordo CD'!M$2:M$875,'Base bordo CD'!D$2:D$875,A6,'Base bordo CD'!A$2:A$875,B6,'Base bordo CD'!L$2:L$875,"LIMPEZA*"),0) -> 0 | L6: =IFERROR(SUMIFS('Base bordo CD'!M$2:M$875,'Base bordo CD'!D$2:D$875,A6,'Base bordo CD'!A$2:A$875,B6,'Base bordo CD'!L$2:L$875,"PATIO - RESERVA"),0) -> 0 | M6: =IFERROR(SUMIFS('Base bordo CD'!M$2:M$875,'Base bordo CD'!D$2:D$875,A6,'Base bordo CD'!A$2:A$875,B6,'Base bordo CD'!L$2:L$875,"SEM APONTAMENTO"),0) -> 0 | N6: =IFERROR(SUMIFS('Base bordo CD'!M$2:M$875,'Base bordo CD'!D$2:D$875,A6,'Base bordo CD'!A$2:A$875,B6,'Base bordo CD'!L$2:L$875,"FALTA DE CAMINHÃO"),0)+IFERROR(SUMIFS('Base bordo CD'!M$2:M$875,'Base bordo CD'!D$2:D$875,A6,'Base bordo CD'!A$2:A$875,B6,'Base bordo CD'!L$2:L$875,"FALTA DE COMBUSTIVEL"),0)+IFERROR(SUMIFS('Base bordo CD'!M$2:M$875,'Base bordo CD'!D$2:D$875,A6,'Base bordo CD'!A$2:A$875,B6,'Base bordo CD'!L$2:L$875,"FALTA DE MOTORIST*"),0) -> 0 | O6: =IFERROR(P6-SUM(E6:N6),0) -> 1.9163889 | P6: =IFERROR(SUMIFS('Base bordo CD'!M$2:M$875,'Base bordo CD'!D$2:D$875,A6,'Base bordo CD'!A$2:A$875,B6),0) -> 24 | Q6: =IFERROR(SUMIFS('Base bordo CD'!O$2:O$875,'Base bordo CD'!D$2:D$875,A6,'Base bordo CD'!A$2:A$875,B6,'Base bordo CD'!L$2:L$875,"CORTE DE CANA MECANIZADO"),0) -> 0 | R6: =IFERROR(SUMIFS('Base bordo CD'!Q$2:Q$875,'Base bordo CD'!D$2:D$875,A6,'Base bordo CD'!A$2:A$875,B6,'Base bordo CD'!L$2:L$875,"CORTE DE CANA MECANIZADO"),0) -> 0 | S6: =IFERROR(Q6/R6,"") | T6: =IFERROR(E6/P6,0) -> 0 | U6: =IFERROR(F6/P6,0) -> 0 | V6: =IFERROR(1-(E6+G6)/P6,0) -> 0.99865741
A7: 49584 | B7: 46123 | C7: IPA-MO-351 | D7: 351 | E7: =IFERROR(SUMIFS('Base bordo CD'!M$2:M$875,'Base bordo CD'!D$2:D$875,A7,'Base bordo CD'!A$2:A$875,B7,'Base bordo CD'!L$2:L$875,"CORTE DE CANA MECANIZADO"),0) -> 0 | F7: =IFERROR(SUMIFS('Base bordo CD'!M$2:M$875,'Base bordo CD'!D$2:D$875,A7,'Base bordo CD'!A$2:A$875,B7,'Base bordo CD'!L$2:L$875,"MANOBRA"),0) -> 0 | G7: =IFERROR(SUMIFS('Base bordo CD'!M$2:M$875,'Base bordo CD'!D$2:D$875,A7,'Base bordo CD'!A$2:A$875,B7,'Base bordo CD'!L$2:L$875,"DESLOCAMENTO"),0) -> 0.032222222 | H7: =IFERROR(SUMIFS('Base bordo CD'!M$2:M$875,'Base bordo CD'!D$2:D$875,A7,'Base bordo CD'!A$2:A$875,B7,'Base bordo CD'!L$2:L$875,"AGUARDANDO MANOBRA DE TRANSBORDO"),0)+IFERROR(SUMIFS('Base bordo CD'!M$2:M$875,'Base bordo CD'!D$2:D$875,A7,'Base bordo CD'!A$2:A$875,B7,'Base bordo CD'!L$2:L$875,"FALTA DE TRANSBORDO"),0) -> 0 | I7: =IFERROR(SUMIFS('Base bordo CD'!M$2:M$875,'Base bordo CD'!D$2:D$875,A7,'Base bordo CD'!A$2:A$875,B7,'Base bordo CD'!L$2:L$875,"PARADA POR CONDICOES CLIMATICAS"),0)+IFERROR(SUMIFS('Base bordo CD'!M$2:M$875,'Base bordo CD'!D$2:D$875,A7,'Base bordo CD'!A$2:A$875,B7,'Base bordo CD'!L$2:L$875,"TEMPO INDETERMINADO"),0) -> 22.051389 | J7: =IFERROR(SUMIFS('Base bordo CD'!M$2:M$875,'Base bordo CD'!D$2:D$875,A7,'Base bordo CD'!A$2:A$875,B7,'Base bordo CD'!L$2:L$875,"LIMITAÇÃO INDÚSTRIA"),0) -> 0 | K7: =IFERROR(SUMIFS('Base bordo CD'!M$2:M$875,'Base bordo CD'!D$2:D$875,A7,'Base bordo CD'!A$2:A$875,B7,'Base bordo CD'!L$2:L$875,"MAN CORRETIVA*"),0)+IFERROR(SUMIFS('Base bordo CD'!M$2:M$875,'Base bordo CD'!D$2:D$875,A7,'Base bordo CD'!A$2:A$875,B7,'Base bordo CD'!L$2:L$875,"AGUARDANDO MANUTENCAO*"),0)+IFERROR(SUMIFS('Base bordo CD'!M$2:M$875,'Base bordo CD'!D$2:D$875,A7,'Base bordo CD'!A$2:A$875,B7,'Base bordo CD'!L$2:L$875,"TROCA DE FAQUINHA"),0)+IFERROR(SUMIFS('Base bordo CD'!M$2:M$875,'Base bordo CD'!D$2:D$875,A7,'Base bordo CD'!A$2:A$875,B7,'Base bordo CD'!L$2:L$875,"LIMPEZA*"),0) -> 0 | L7: =IFERROR(SUMIFS('Base bordo CD'!M$2:M$875,'Base bordo CD'!D$2:D$875,A7,'Base bordo CD'!A$2:A$875,B7,'Base bordo CD'!L$2:L$875,"PATIO - RESERVA"),0) -> 0 | M7: =IFERROR(SUMIFS('Base bordo CD'!M$2:M$875,'Base bordo CD'!D$2:D$875,A7,'Base bordo CD'!A$2:A$875,B7,'Base bordo CD'!L$2:L$875,"SEM APONTAMENTO"),0) -> 0 | N7: =IFERROR(SUMIFS('Base bordo CD'!M$2:M$875,'Base bordo CD'!D$2:D$875,A7,'Base bordo CD'!A$2:A$875,B7,'Base bordo CD'!L$2:L$875,"FALTA DE CAMINHÃO"),0)+IFERROR(SUMIFS('Base bordo CD'!M$2:M$875,'Base bordo CD'!D$2:D$875,A7,'Base bordo CD'!A$2:A$875,B7,'Base bordo CD'!L$2:L$875,"FALTA DE COMBUSTIVEL"),0)+IFERROR(SUMIFS('Base bordo CD'!M$2:M$875,'Base bordo CD'!D$2:D$875,A7,'Base bordo CD'!A$2:A$875,B7,'Base bordo CD'!L$2:L$875,"FALTA DE MOTORIST*"),0) -> 0 | O7: =IFERROR(P7-SUM(E7:N7),0) -> 1.9163889 | P7: =IFERROR(SUMIFS('Base bordo CD'!M$2:M$875,'Base bordo CD'!D$2:D$875,A7,'Base bordo CD'!A$2:A$875,B7),0) -> 24 | Q7: =IFERROR(SUMIFS('Base bordo CD'!O$2:O$875,'Base bordo CD'!D$2:D$875,A7,'Base bordo CD'!A$2:A$875,B7,'Base bordo CD'!L$2:L$875,"CORTE DE CANA MECANIZADO"),0) -> 0 | R7: =IFERROR(SUMIFS('Base bordo CD'!Q$2:Q$875,'Base bordo CD'!D$2:D$875,A7,'Base bordo CD'!A$2:A$875,B7,'Base bordo CD'!L$2:L$875,"CORTE DE CANA MECANIZADO"),0) -> 0 | S7: =IFERROR(Q7/R7,"") | T7: =IFERROR(E7/P7,0) -> 0 | U7: =IFERROR(F7/P7,0) -> 0 | V7: =IFERROR(1-(E7+G7)/P7,0) -> 0.99865741
A8: 49584 | B8: 46123 | C8: IPA-MO-351 | D8: 351 | E8: =IFERROR(SUMIFS('Base bordo CD'!M$2:M$875,'Base bordo CD'!D$2:D$875,A8,'Base bordo CD'!A$2:A$875,B8,'Base bordo CD'!L$2:L$875,"CORTE DE CANA MECANIZADO"),0) -> 0 | F8: =IFERROR(SUMIFS('Base bordo CD'!M$2:M$875,'Base bordo CD'!D$2:D$875,A8,'Base bordo CD'!A$2:A$875,B8,'Base bordo CD'!L$2:L$875,"MANOBRA"),0) -> 0 | G8: =IFERROR(SUMIFS('Base bordo CD'!M$2:M$875,'Base bordo CD'!D$2:D$875,A8,'Base bordo CD'!A$2:A$875,B8,'Base bordo CD'!L$2:L$875,"DESLOCAMENTO"),0) -> 0.032222222 | H8: =IFERROR(SUMIFS('Base bordo CD'!M$2:M$875,'Base bordo CD'!D$2:D$875,A8,'Base bordo CD'!A$2:A$875,B8,'Base bordo CD'!L$2:L$875,"AGUARDANDO MANOBRA DE TRANSBORDO"),0)+IFERROR(SUMIFS('Base bordo CD'!M$2:M$875,'Base bordo CD'!D$2:D$875,A8,'Base bordo CD'!A$2:A$875,B8,'Base bordo CD'!L$2:L$875,"FALTA DE TRANSBORDO"),0) -> 0 | I8: =IFERROR(SUMIFS('Base bordo CD'!M$2:M$875,'Base bordo CD'!D$2:D$875,A8,'Base bordo CD'!A$2:A$875,B8,'Base bordo CD'!L$2:L$875,"PARADA POR CONDICOES CLIMATICAS"),0)+IFERROR(SUMIFS('Base bordo CD'!M$2:M$875,'Base bordo CD'!D$2:D$875,A8,'Base bordo CD'!A$2:A$875,B8,'Base bordo CD'!L$2:L$875,"TEMPO INDETERMINADO"),0) -> 22.051389 | J8: =IFERROR(SUMIFS('Base bordo CD'!M$2:M$875,'Base bordo CD'!D$2:D$875,A8,'Base bordo CD'!A$2:A$875,B8,'Base bordo CD'!L$2:L$875,"LIMITAÇÃO INDÚSTRIA"),0) -> 0 | K8: =IFERROR(SUMIFS('Base bordo CD'!M$2:M$875,'Base bordo CD'!D$2:D$875,A8,'Base bordo CD'!A$2:A$875,B8,'Base bordo CD'!L$2:L$875,"MAN CORRETIVA*"),0)+IFERROR(SUMIFS('Base bordo CD'!M$2:M$875,'Base bordo CD'!D$2:D$875,A8,'Base bordo CD'!A$2:A$875,B8,'Base bordo CD'!L$2:L$875,"AGUARDANDO MANUTENCAO*"),0)+IFERROR(SUMIFS('Base bordo CD'!M$2:M$875,'Base bordo CD'!D$2:D$875,A8,'Base bordo CD'!A$2:A$875,B8,'Base bordo CD'!L$2:L$875,"TROCA DE FAQUINHA"),0)+IFERROR(SUMIFS('Base bordo CD'!M$2:M$875,'Base bordo CD'!D$2:D$875,A8,'Base bordo CD'!A$2:A$875,B8,'Base bordo CD'!L$2:L$875,"LIMPEZA*"),0) -> 0 | L8: =IFERROR(SUMIFS('Base bordo CD'!M$2:M$875,'Base bordo CD'!D$2:D$875,A8,'Base bordo CD'!A$2:A$875,B8,'Base bordo CD'!L$2:L$875,"PATIO - RESERVA"),0) -> 0 | M8: =IFERROR(SUMIFS('Base bordo CD'!M$2:M$875,'Base bordo CD'!D$2:D$875,A8,'Base bordo CD'!A$2:A$875,B8,'Base bordo CD'!L$2:L$875,"SEM APONTAMENTO"),0) -> 0 | N8: =IFERROR(SUMIFS('Base bordo CD'!M$2:M$875,'Base bordo CD'!D$2:D$875,A8,'Base bordo CD'!A$2:A$875,B8,'Base bordo CD'!L$2:L$875,"FALTA DE CAMINHÃO"),0)+IFERROR(SUMIFS('Base bordo CD'!M$2:M$875,'Base bordo CD'!D$2:D$875,A8,'Base bordo CD'!A$2:A$875,B8,'Base bordo CD'!L$2:L$875,"FALTA DE COMBUSTIVEL"),0)+IFERROR(SUMIFS('Base bordo CD'!M$2:M$875,'Base bordo CD'!D$2:D$875,A8,'Base bordo CD'!A$2:A$875,B8,'Base bordo CD'!L$2:L$875,"FALTA DE MOTORIST*"),0) -> 0 | O8: =IFERROR(P8-SUM(E8:N8),0) -> 1.9163889 | P8: =IFERROR(SUMIFS('Base bordo CD'!M$2:M$875,'Base bordo CD'!D$2:D$875,A8,'Base bordo CD'!A$2:A$875,B8),0) -> 24 | Q8: =IFERROR(SUMIFS('Base bordo CD'!O$2:O$875,'Base bordo CD'!D$2:D$875,A8,'Base bordo CD'!A$2:A$875,B8,'Base bordo CD'!L$2:L$875,"CORTE DE CANA MECANIZADO"),0) -> 0 | R8: =IFERROR(SUMIFS('Base bordo CD'!Q$2:Q$875,'Base bordo CD'!D$2:D$875,A8,'Base bordo CD'!A$2:A$875,B8,'Base bordo CD'!L$2:L$875,"CORTE DE CANA MECANIZADO"),0) -> 0 | S8: =IFERROR(Q8/R8,"") | T8: =IFERROR(E8/P8,0) -> 0 | U8: =IFERROR(F8/P8,0) -> 0 | V8: =IFERROR(1-(E8+G8)/P8,0) -> 0.99865741
A9: 49587 | B9: 46123 | C9: IPA-MO-353 | D9: 353 | E9: =IFERROR(SUMIFS('Base bordo CD'!M$2:M$875,'Base bordo CD'!D$2:D$875,A9,'Base bordo CD'!A$2:A$875,B9,'Base bordo CD'!L$2:L$875,"CORTE DE CANA MECANIZADO"),0) -> 3.9661111 | F9: =IFERROR(SUMIFS('Base bordo CD'!M$2:M$875,'Base bordo CD'!D$2:D$875,A9,'Base bordo CD'!A$2:A$875,B9,'Base bordo CD'!L$2:L$875,"MANOBRA"),0) -> 1.9080556 | G9: =IFERROR(SUMIFS('Base bordo CD'!M$2:M$875,'Base bordo CD'!D$2:D$875,A9,'Base bordo CD'!A$2:A$875,B9,'Base bordo CD'!L$2:L$875,"DESLOCAMENTO"),0) -> 0.26722222 | H9: =IFERROR(SUMIFS('Base bordo CD'!M$2:M$875,'Base bordo CD'!D$2:D$875,A9,'Base bordo CD'!A$2:A$875,B9,'Base bordo CD'!L$2:L$875,"AGUARDANDO MANOBRA DE TRANSBORDO"),0)+IFERROR(SUMIFS('Base bordo CD'!M$2:M$875,'Base bordo CD'!D$2:D$875,A9,'Base bordo CD'!A$2:A$875,B9,'Base bordo CD'!L$2:L$875,"FALTA DE TRANSBORDO"),0) -> 0 | I9: =IFERROR(SUMIFS('Base bordo CD'!M$2:M$875,'Base bordo CD'!D$2:D$875,A9,'Base bordo CD'!A$2:A$875,B9,'Base bordo CD'!L$2:L$875,"PARADA POR CONDICOES CLIMATICAS"),0)+IFERROR(SUMIFS('Base bordo CD'!M$2:M$875,'Base bordo CD'!D$2:D$875,A9,'Base bordo CD'!A$2:A$875,B9,'Base bordo CD'!L$2:L$875,"TEMPO INDETERMINADO"),0) -> 17.679722 | J9: =IFERROR(SUMIFS('Base bordo CD'!M$2:M$875,'Base bordo CD'!D$2:D$875,A9,'Base bordo CD'!A$2:A$875,B9,'Base bordo CD'!L$2:L$875,"LIMITAÇÃO INDÚSTRIA"),0) -> 0 | K9: =IFERROR(SUMIFS('Base bordo CD'!M$2:M$875,'Base bordo CD'!D$2:D$875,A9,'Base bordo CD'!A$2:A$875,B9,'Base bordo CD'!L$2:L$875,"MAN CORRETIVA*"),0)+IFERROR(SUMIFS('Base bordo CD'!M$2:M$875,'Base bordo CD'!D$2:D$875,A9,'Base bordo CD'!A$2:A$875,B9,'Base bordo CD'!L$2:L$875,"AGUARDANDO MANUTENCAO*"),0)+IFERROR(SUMIFS('Base bordo CD'!M$2:M$875,'Base bordo CD'!D$2:D$875,A9,'Base bordo CD'!A$2:A$875,B9,'Base bordo CD'!L$2:L$875,"TROCA DE FAQUINHA"),0)+IFERROR(SUMIFS('Base bordo CD'!M$2:M$875,'Base bordo CD'!D$2:D$875,A9,'Base bordo CD'!A$2:A$875,B9,'Base bordo CD'!L$2:L$875,"LIMPEZA*"),0) -> 0 | L9: =IFERROR(SUMIFS('Base bordo CD'!M$2:M$875,'Base bordo CD'!D$2:D$875,A9,'Base bordo CD'!A$2:A$875,B9,'Base bordo CD'!L$2:L$875,"PATIO - RESERVA"),0) -> 0 | M9: =IFERROR(SUMIFS('Base bordo CD'!M$2:M$875,'Base bordo CD'!D$2:D$875,A9,'Base bordo CD'!A$2:A$875,B9,'Base bordo CD'!L$2:L$875,"SEM APONTAMENTO"),0) -> 0.17888889 | N9: =IFERROR(SUMIFS('Base bordo CD'!M$2:M$875,'Base bordo CD'!D$2:D$875,A9,'Base bordo CD'!A$2:A$875,B9,'Base bordo CD'!L$2:L$875,"FALTA DE CAMINHÃO"),0)+IFERROR(SUMIFS('Base bordo CD'!M$2:M$875,'Base bordo CD'!D$2:D$875,A9,'Base bordo CD'!A$2:A$875,B9,'Base bordo CD'!L$2:L$875,"FALTA DE COMBUSTIVEL"),0)+IFERROR(SUMIFS('Base bordo CD'!M$2:M$875,'Base bordo CD'!D$2:D$875,A9,'Base bordo CD'!A$2:A$875,B9,'Base bordo CD'!L$2:L$875,"FALTA DE MOTORIST*"),0) -> 0 | O9: =IFERROR(P9-SUM(E9:N9),0) -> 0 | P9: =IFERROR(SUMIFS('Base bordo CD'!M$2:M$875,'Base bordo CD'!D$2:D$875,A9,'Base bordo CD'!A$2:A$875,B9),0) -> 24 | Q9: =IFERROR(SUMIFS('Base bordo CD'!O$2:O$875,'Base bordo CD'!D$2:D$875,A9,'Base bordo CD'!A$2:A$875,B9,'Base bordo CD'!L$2:L$875,"CORTE DE CANA MECANIZADO"),0) -> 58804.85 | R9: =IFERROR(SUMIFS('Base bordo CD'!Q$2:Q$875,'Base bordo CD'!D$2:D$875,A9,'Base bordo CD'!A$2:A$875,B9,'Base bordo CD'!L$2:L$875,"CORTE DE CANA MECANIZADO"),0) -> 14271 | S9: =IFERROR(Q9/R9,"") -> 4.1205837 | T9: =IFERROR(E9/P9,0) -> 0.16525463 | U9: =IFERROR(F9/P9,0) -> 0.079502315 | V9: =IFERROR(1-(E9+G9)/P9,0) -> 0.82361111
A10: 49587 | B10: 46123 | C10: IPA-MO-353 | D10: 353 | E10: =IFERROR(SUMIFS('Base bordo CD'!M$2:M$875,'Base bordo CD'!D$2:D$875,A10,'Base bordo CD'!A$2:A$875,B10,'Base bordo CD'!L$2:L$875,"CORTE DE CANA MECANIZADO"),0) -> 3.9661111 | F10: =IFERROR(SUMIFS('Base bordo CD'!M$2:M$875,'Base bordo CD'!D$2:D$875,A10,'Base bordo CD'!A$2:A$875,B10,'Base bordo CD'!L$2:L$875,"MANOBRA"),0) -> 1.9080556 | G10: =IFERROR(SUMIFS('Base bordo CD'!M$2:M$875,'Base bordo CD'!D$2:D$875,A10,'Base bordo CD'!A$2:A$875,B10,'Base bordo CD'!L$2:L$875,"DESLOCAMENTO"),0) -> 0.26722222 | H10: =IFERROR(SUMIFS('Base bordo CD'!M$2:M$875,'Base bordo CD'!D$2:D$875,A10,'Base bordo CD'!A$2:A$875,B10,'Base bordo CD'!L$2:L$875,"AGUARDANDO MANOBRA DE TRANSBORDO"),0)+IFERROR(SUMIFS('Base bordo CD'!M$2:M$875,'Base bordo CD'!D$2:D$875,A10,'Base bordo CD'!A$2:A$875,B10,'Base bordo CD'!L$2:L$875,"FALTA DE TRANSBORDO"),0) -> 0 | I10: =IFERROR(SUMIFS('Base bordo CD'!M$2:M$875,'Base bordo CD'!D$2:D$875,A10,'Base bordo CD'!A$2:A$875,B10,'Base bordo CD'!L$2:L$875,"PARADA POR CONDICOES CLIMATICAS"),0)+IFERROR(SUMIFS('Base bordo CD'!M$2:M$875,'Base bordo CD'!D$2:D$875,A10,'Base bordo CD'!A$2:A$875,B10,'Base bordo CD'!L$2:L$875,"TEMPO INDETERMINADO"),0) -> 17.679722 | J10: =IFERROR(SUMIFS('Base bordo CD'!M$2:M$875,'Base bordo CD'!D$2:D$875,A10,'Base bordo CD'!A$2:A$875,B10,'Base bordo CD'!L$2:L$875,"LIMITAÇÃO INDÚSTRIA"),0) -> 0 | K10: =IFERROR(SUMIFS('Base bordo CD'!M$2:M$875,'Base bordo CD'!D$2:D$875,A10,'Base bordo CD'!A$2:A$875,B10,'Base bordo CD'!L$2:L$875,"MAN CORRETIVA*"),0)+IFERROR(SUMIFS('Base bordo CD'!M$2:M$875,'Base bordo CD'!D$2:D$875,A10,'Base bordo CD'!A$2:A$875,B10,'Base bordo CD'!L$2:L$875,"AGUARDANDO MANUTENCAO*"),0)+IFERROR(SUMIFS('Base bordo CD'!M$2:M$875,'Base bordo CD'!D$2:D$875,A10,'Base bordo CD'!A$2:A$875,B10,'Base bordo CD'!L$2:L$875,"TROCA DE FAQUINHA"),0)+IFERROR(SUMIFS('Base bordo CD'!M$2:M$875,'Base bordo CD'!D$2:D$875,A10,'Base bordo CD'!A$2:A$875,B10,'Base bordo CD'!L$2:L$875,"LIMPEZA*"),0) -> 0 | L10: =IFERROR(SUMIFS('Base bordo CD'!M$2:M$875,'Base bordo CD'!D$2:D$875,A10,'Base bordo CD'!A$2:A$875,B10,'Base bordo CD'!L$2:L$875,"PATIO - RESERVA"),0) -> 0 | M10: =IFERROR(SUMIFS('Base bordo CD'!M$2:M$875,'Base bordo CD'!D$2:D$875,A10,'Base bordo CD'!A$2:A$875,B10,'Base bordo CD'!L$2:L$875,"SEM APONTAMENTO"),0) -> 0.17888889 | N10: =IFERROR(SUMIFS('Base bordo CD'!M$2:M$875,'Base bordo CD'!D$2:D$875,A10,'Base bordo CD'!A$2:A$875,B10,'Base bordo CD'!L$2:L$875,"FALTA DE CAMINHÃO"),0)+IFERROR(SUMIFS('Base bordo CD'!M$2:M$875,'Base bordo CD'!D$2:D$875,A10,'Base bordo CD'!A$2:A$875,B10,'Base bordo CD'!L$2:L$875,"FALTA DE COMBUSTIVEL"),0)+IFERROR(SUMIFS('Base bordo CD'!M$2:M$875,'Base bordo CD'!D$2:D$875,A10,'Base bordo CD'!A$2:A$875,B10,'Base bordo CD'!L$2:L$875,"FALTA DE MOTORIST*"),0) -> 0 | O10: =IFERROR(P10-SUM(E10:N10),0) -> 0 | P10: =IFERROR(SUMIFS('Base bordo CD'!M$2:M$875,'Base bordo CD'!D$2:D$875,A10,'Base bordo CD'!A$2:A$875,B10),0) -> 24 | Q10: =IFERROR(SUMIFS('Base bordo CD'!O$2:O$875,'Base bordo CD'!D$2:D$875,A10,'Base bordo CD'!A$2:A$875,B10,'Base bordo CD'!L$2:L$875,"CORTE DE CANA MECANIZADO"),0) -> 58804.85 | R10: =IFERROR(SUMIFS('Base bordo CD'!Q$2:Q$875,'Base bordo CD'!D$2:D$875,A10,'Base bordo CD'!A$2:A$875,B10,'Base bordo CD'!L$2:L$875,"CORTE DE CANA MECANIZADO"),0) -> 14271 | S10: =IFERROR(Q10/R10,"") -> 4.1205837 | T10: =IFERROR(E10/P10,0) -> 0.16525463 | U10: =IFERROR(F10/P10,0) -> 0.079502315 | V10: =IFERROR(1-(E10+G10)/P10,0) -> 0.82361111
A11: 49587 | B11: 46123 | C11: IPA-MO-353 | D11: 353 | E11: =IFERROR(SUMIFS('Base bordo CD'!M$2:M$875,'Base bordo CD'!D$2:D$875,A11,'Base bordo CD'!A$2:A$875,B11,'Base bordo CD'!L$2:L$875,"CORTE DE CANA MECANIZADO"),0) -> 3.9661111 | F11: =IFERROR(SUMIFS('Base bordo CD'!M$2:M$875,'Base bordo CD'!D$2:D$875,A11,'Base bordo CD'!A$2:A$875,B11,'Base bordo CD'!L$2:L$875,"MANOBRA"),0) -> 1.9080556 | G11: =IFERROR(SUMIFS('Base bordo CD'!M$2:M$875,'Base bordo CD'!D$2:D$875,A11,'Base bordo CD'!A$2:A$875,B11,'Base bordo CD'!L$2:L$875,"DESLOCAMENTO"),0) -> 0.26722222 | H11: =IFERROR(SUMIFS('Base bordo CD'!M$2:M$875,'Base bordo CD'!D$2:D$875,A11,'Base bordo CD'!A$2:A$875,B11,'Base bordo CD'!L$2:L$875,"AGUARDANDO MANOBRA DE TRANSBORDO"),0)+IFERROR(SUMIFS('Base bordo CD'!M$2:M$875,'Base bordo CD'!D$2:D$875,A11,'Base bordo CD'!A$2:A$875,B11,'Base bordo CD'!L$2:L$875,"FALTA DE TRANSBORDO"),0) -> 0 | I11: =IFERROR(SUMIFS('Base bordo CD'!M$2:M$875,'Base bordo CD'!D$2:D$875,A11,'Base bordo CD'!A$2:A$875,B11,'Base bordo CD'!L$2:L$875,"PARADA POR CONDICOES CLIMATICAS"),0)+IFERROR(SUMIFS('Base bordo CD'!M$2:M$875,'Base bordo CD'!D$2:D$875,A11,'Base bordo CD'!A$2:A$875,B11,'Base bordo CD'!L$2:L$875,"TEMPO INDETERMINADO"),0) -> 17.679722 | J11: =IFERROR(SUMIFS('Base bordo CD'!M$2:M$875,'Base bordo CD'!D$2:D$875,A11,'Base bordo CD'!A$2:A$875,B11,'Base bordo CD'!L$2:L$875,"LIMITAÇÃO INDÚSTRIA"),0) -> 0 | K11: =IFERROR(SUMIFS('Base bordo CD'!M$2:M$875,'Base bordo CD'!D$2:D$875,A11,'Base bordo CD'!A$2:A$875,B11,'Base bordo CD'!L$2:L$875,"MAN CORRETIVA*"),0)+IFERROR(SUMIFS('Base bordo CD'!M$2:M$875,'Base bordo CD'!D$2:D$875,A11,'Base bordo CD'!A$2:A$875,B11,'Base bordo CD'!L$2:L$875,"AGUARDANDO MANUTENCAO*"),0)+IFERROR(SUMIFS('Base bordo CD'!M$2:M$875,'Base bordo CD'!D$2:D$875,A11,'Base bordo CD'!A$2:A$875,B11,'Base bordo CD'!L$2:L$875,"TROCA DE FAQUINHA"),0)+IFERROR(SUMIFS('Base bordo CD'!M$2:M$875,'Base bordo CD'!D$2:D$875,A11,'Base bordo CD'!A$2:A$875,B11,'Base bordo CD'!L$2:L$875,"LIMPEZA*"),0) -> 0 | L11: =IFERROR(SUMIFS('Base bordo CD'!M$2:M$875,'Base bordo CD'!D$2:D$875,A11,'Base bordo CD'!A$2:A$875,B11,'Base bordo CD'!L$2:L$875,"PATIO - RESERVA"),0) -> 0 | M11: =IFERROR(SUMIFS('Base bordo CD'!M$2:M$875,'Base bordo CD'!D$2:D$875,A11,'Base bordo CD'!A$2:A$875,B11,'Base bordo CD'!L$2:L$875,"SEM APONTAMENTO"),0) -> 0.17888889 | N11: =IFERROR(SUMIFS('Base bordo CD'!M$2:M$875,'Base bordo CD'!D$2:D$875,A11,'Base bordo CD'!A$2:A$875,B11,'Base bordo CD'!L$2:L$875,"FALTA DE CAMINHÃO"),0)+IFERROR(SUMIFS('Base bordo CD'!M$2:M$875,'Base bordo CD'!D$2:D$875,A11,'Base bordo CD'!A$2:A$875,B11,'Base bordo CD'!L$2:L$875,"FALTA DE COMBUSTIVEL"),0)+IFERROR(SUMIFS('Base bordo CD'!M$2:M$875,'Base bordo CD'!D$2:D$875,A11,'Base bordo CD'!A$2:A$875,B11,'Base bordo CD'!L$2:L$875,"FALTA DE MOTORIST*"),0) -> 0 | O11: =IFERROR(P11-SUM(E11:N11),0) -> 0 | P11: =IFERROR(SUMIFS('Base bordo CD'!M$2:M$875,'Base bordo CD'!D$2:D$875,A11,'Base bordo CD'!A$2:A$875,B11),0) -> 24 | Q11: =IFERROR(SUMIFS('Base bordo CD'!O$2:O$875,'Base bordo CD'!D$2:D$875,A11,'Base bordo CD'!A$2:A$875,B11,'Base bordo CD'!L$2:L$875,"CORTE DE CANA MECANIZADO"),0) -> 58804.85 | R11: =IFERROR(SUMIFS('Base bordo CD'!Q$2:Q$875,'Base bordo CD'!D$2:D$875,A11,'Base bordo CD'!A$2:A$875,B11,'Base bordo CD'!L$2:L$875,"CORTE DE CANA MECANIZADO"),0) -> 14271 | S11: =IFERROR(Q11/R11,"") -> 4.1205837 | T11: =IFERROR(E11/P11,0) -> 0.16525463 | U11: =IFERROR(F11/P11,0) -> 0.079502315 | V11: =IFERROR(1-(E11+G11)/P11,0) -> 0.82361111
